product_id,holoo_code,band_mhz,channel_mhz,rate_label,tx_dbm,sens_dbm,rate_mbps,source_url,notes
6a5cbe7089e6bfd0ee962840,DN-0215,5725-5875,5,BPSK 0.63 single,27,-96.8,2.32,https://brandcentral.cambiumnetworks.com/asset/2eb0a206-615f-4203-a1c0-16e5b5a01efe/Cambium_Networks_data_sheet_PTP_670.pdf,حساسیت/توان: جدولِ «Receiver Sensitivity and Transmit Power dBm @ 5.8 GHz» دیتاشیت = User Guide Table 126 (حالتِ IP، باندِ 5.8GHz = 5725-5875MHz). rate_mbps = ظرفیتِ واقعیِ Ethernet (Aggregate = Tx+Rx) در بُردِ صفر، تقارن 1:1، بهینه‌سازیِ IP (User Guide Table 134)، نه نرخِ فیزیکی؛ جدولِ Throughput@5km دیتاشیت با برچسبِ ردیف‌ها ناسازگار است (استفاده نشد). برچسبِ ردیفِ ۳ در دیتاشیت «QPSK 0.87 Dual» چاپ شده که در User Guide «single» است؛ برچسبِ User Guide آمد. (Tx/Rx جدا: 1.16/1.16 Mbps)
6a5cbe7089e6bfd0ee962840,DN-0215,5725-5875,10,BPSK 0.63 single,27,-94.8,4.81,https://brandcentral.cambiumnetworks.com/asset/2eb0a206-615f-4203-a1c0-16e5b5a01efe/Cambium_Networks_data_sheet_PTP_670.pdf,حساسیت/توان: جدولِ «Receiver Sensitivity and Transmit Power dBm @ 5.8 GHz» دیتاشیت = User Guide Table 126 (حالتِ IP، باندِ 5.8GHz = 5725-5875MHz). rate_mbps = ظرفیتِ واقعیِ Ethernet (Aggregate = Tx+Rx) در بُردِ صفر، تقارن 1:1، بهینه‌سازیِ IP (User Guide Table 134)، نه نرخِ فیزیکی؛ جدولِ Throughput@5km دیتاشیت با برچسبِ ردیف‌ها ناسازگار است (استفاده نشد). برچسبِ ردیفِ ۳ در دیتاشیت «QPSK 0.87 Dual» چاپ شده که در User Guide «single» است؛ برچسبِ User Guide آمد. (Tx/Rx جدا: 2.40/2.40 Mbps)
6a5cbe7089e6bfd0ee962840,DN-0215,5725-5875,15,BPSK 0.63 single,27,-93.0,7.23,https://brandcentral.cambiumnetworks.com/asset/2eb0a206-615f-4203-a1c0-16e5b5a01efe/Cambium_Networks_data_sheet_PTP_670.pdf,حساسیت/توان: جدولِ «Receiver Sensitivity and Transmit Power dBm @ 5.8 GHz» دیتاشیت = User Guide Table 126 (حالتِ IP، باندِ 5.8GHz = 5725-5875MHz). rate_mbps = ظرفیتِ واقعیِ Ethernet (Aggregate = Tx+Rx) در بُردِ صفر، تقارن 1:1، بهینه‌سازیِ IP (User Guide Table 134)، نه نرخِ فیزیکی؛ جدولِ Throughput@5km دیتاشیت با برچسبِ ردیف‌ها ناسازگار است (استفاده نشد). برچسبِ ردیفِ ۳ در دیتاشیت «QPSK 0.87 Dual» چاپ شده که در User Guide «single» است؛ برچسبِ User Guide آمد. (Tx/Rx جدا: 3.62/3.62 Mbps)
6a5cbe7089e6bfd0ee962840,DN-0215,5725-5875,20,BPSK 0.63 single,27,-91.8,9.60,https://brandcentral.cambiumnetworks.com/asset/2eb0a206-615f-4203-a1c0-16e5b5a01efe/Cambium_Networks_data_sheet_PTP_670.pdf,حساسیت/توان: جدولِ «Receiver Sensitivity and Transmit Power dBm @ 5.8 GHz» دیتاشیت = User Guide Table 126 (حالتِ IP، باندِ 5.8GHz = 5725-5875MHz). rate_mbps = ظرفیتِ واقعیِ Ethernet (Aggregate = Tx+Rx) در بُردِ صفر، تقارن 1:1، بهینه‌سازیِ IP (User Guide Table 134)، نه نرخِ فیزیکی؛ جدولِ Throughput@5km دیتاشیت با برچسبِ ردیف‌ها ناسازگار است (استفاده نشد). برچسبِ ردیفِ ۳ در دیتاشیت «QPSK 0.87 Dual» چاپ شده که در User Guide «single» است؛ برچسبِ User Guide آمد. (Tx/Rx جدا: 4.80/4.80 Mbps)
6a5cbe7089e6bfd0ee962840,DN-0215,5725-5875,30,BPSK 0.63 single,27,-90.0,14.51,https://brandcentral.cambiumnetworks.com/asset/2eb0a206-615f-4203-a1c0-16e5b5a01efe/Cambium_Networks_data_sheet_PTP_670.pdf,حساسیت/توان: جدولِ «Receiver Sensitivity and Transmit Power dBm @ 5.8 GHz» دیتاشیت = User Guide Table 126 (حالتِ IP، باندِ 5.8GHz = 5725-5875MHz). rate_mbps = ظرفیتِ واقعیِ Ethernet (Aggregate = Tx+Rx) در بُردِ صفر، تقارن 1:1، بهینه‌سازیِ IP (User Guide Table 134)، نه نرخِ فیزیکی؛ جدولِ Throughput@5km دیتاشیت با برچسبِ ردیف‌ها ناسازگار است (استفاده نشد). برچسبِ ردیفِ ۳ در دیتاشیت «QPSK 0.87 Dual» چاپ شده که در User Guide «single» است؛ برچسبِ User Guide آمد. (Tx/Rx جدا: 7.25/7.25 Mbps)
6a5cbe7089e6bfd0ee962840,DN-0215,5725-5875,40,BPSK 0.63 single,27,-88.8,19.81,https://brandcentral.cambiumnetworks.com/asset/2eb0a206-615f-4203-a1c0-16e5b5a01efe/Cambium_Networks_data_sheet_PTP_670.pdf,حساسیت/توان: جدولِ «Receiver Sensitivity and Transmit Power dBm @ 5.8 GHz» دیتاشیت = User Guide Table 126 (حالتِ IP، باندِ 5.8GHz = 5725-5875MHz). rate_mbps = ظرفیتِ واقعیِ Ethernet (Aggregate = Tx+Rx) در بُردِ صفر، تقارن 1:1، بهینه‌سازیِ IP (User Guide Table 134)، نه نرخِ فیزیکی؛ جدولِ Throughput@5km دیتاشیت با برچسبِ ردیف‌ها ناسازگار است (استفاده نشد). برچسبِ ردیفِ ۳ در دیتاشیت «QPSK 0.87 Dual» چاپ شده که در User Guide «single» است؛ برچسبِ User Guide آمد. (Tx/Rx جدا: 9.90/9.90 Mbps)
6a5cbe7089e6bfd0ee962840,DN-0215,5725-5875,45,BPSK 0.63 single,27,-88.3,21.71,https://brandcentral.cambiumnetworks.com/asset/2eb0a206-615f-4203-a1c0-16e5b5a01efe/Cambium_Networks_data_sheet_PTP_670.pdf,حساسیت/توان: جدولِ «Receiver Sensitivity and Transmit Power dBm @ 5.8 GHz» دیتاشیت = User Guide Table 126 (حالتِ IP، باندِ 5.8GHz = 5725-5875MHz). rate_mbps = ظرفیتِ واقعیِ Ethernet (Aggregate = Tx+Rx) در بُردِ صفر، تقارن 1:1، بهینه‌سازیِ IP (User Guide Table 134)، نه نرخِ فیزیکی؛ جدولِ Throughput@5km دیتاشیت با برچسبِ ردیف‌ها ناسازگار است (استفاده نشد). برچسبِ ردیفِ ۳ در دیتاشیت «QPSK 0.87 Dual» چاپ شده که در User Guide «single» است؛ برچسبِ User Guide آمد. (Tx/Rx جدا: 10.85/10.85 Mbps)
6a5cbe7089e6bfd0ee962840,DN-0215,5725-5875,5,QPSK 0.63 single,26,-93.7,4.64,https://brandcentral.cambiumnetworks.com/asset/2eb0a206-615f-4203-a1c0-16e5b5a01efe/Cambium_Networks_data_sheet_PTP_670.pdf,حساسیت/توان: جدولِ «Receiver Sensitivity and Transmit Power dBm @ 5.8 GHz» دیتاشیت = User Guide Table 126 (حالتِ IP، باندِ 5.8GHz = 5725-5875MHz). rate_mbps = ظرفیتِ واقعیِ Ethernet (Aggregate = Tx+Rx) در بُردِ صفر، تقارن 1:1، بهینه‌سازیِ IP (User Guide Table 134)، نه نرخِ فیزیکی؛ جدولِ Throughput@5km دیتاشیت با برچسبِ ردیف‌ها ناسازگار است (استفاده نشد). برچسبِ ردیفِ ۳ در دیتاشیت «QPSK 0.87 Dual» چاپ شده که در User Guide «single» است؛ برچسبِ User Guide آمد. (Tx/Rx جدا: 2.32/2.32 Mbps)
6a5cbe7089e6bfd0ee962840,DN-0215,5725-5875,10,QPSK 0.63 single,26,-91.7,9.62,https://brandcentral.cambiumnetworks.com/asset/2eb0a206-615f-4203-a1c0-16e5b5a01efe/Cambium_Networks_data_sheet_PTP_670.pdf,حساسیت/توان: جدولِ «Receiver Sensitivity and Transmit Power dBm @ 5.8 GHz» دیتاشیت = User Guide Table 126 (حالتِ IP، باندِ 5.8GHz = 5725-5875MHz). rate_mbps = ظرفیتِ واقعیِ Ethernet (Aggregate = Tx+Rx) در بُردِ صفر، تقارن 1:1، بهینه‌سازیِ IP (User Guide Table 134)، نه نرخِ فیزیکی؛ جدولِ Throughput@5km دیتاشیت با برچسبِ ردیف‌ها ناسازگار است (استفاده نشد). برچسبِ ردیفِ ۳ در دیتاشیت «QPSK 0.87 Dual» چاپ شده که در User Guide «single» است؛ برچسبِ User Guide آمد. (Tx/Rx جدا: 4.81/4.81 Mbps)
6a5cbe7089e6bfd0ee962840,DN-0215,5725-5875,15,QPSK 0.63 single,26,-89.9,14.47,https://brandcentral.cambiumnetworks.com/asset/2eb0a206-615f-4203-a1c0-16e5b5a01efe/Cambium_Networks_data_sheet_PTP_670.pdf,حساسیت/توان: جدولِ «Receiver Sensitivity and Transmit Power dBm @ 5.8 GHz» دیتاشیت = User Guide Table 126 (حالتِ IP، باندِ 5.8GHz = 5725-5875MHz). rate_mbps = ظرفیتِ واقعیِ Ethernet (Aggregate = Tx+Rx) در بُردِ صفر، تقارن 1:1، بهینه‌سازیِ IP (User Guide Table 134)، نه نرخِ فیزیکی؛ جدولِ Throughput@5km دیتاشیت با برچسبِ ردیف‌ها ناسازگار است (استفاده نشد). برچسبِ ردیفِ ۳ در دیتاشیت «QPSK 0.87 Dual» چاپ شده که در User Guide «single» است؛ برچسبِ User Guide آمد. (Tx/Rx جدا: 7.24/7.24 Mbps)
6a5cbe7089e6bfd0ee962840,DN-0215,5725-5875,20,QPSK 0.63 single,26,-88.7,19.21,https://brandcentral.cambiumnetworks.com/asset/2eb0a206-615f-4203-a1c0-16e5b5a01efe/Cambium_Networks_data_sheet_PTP_670.pdf,حساسیت/توان: جدولِ «Receiver Sensitivity and Transmit Power dBm @ 5.8 GHz» دیتاشیت = User Guide Table 126 (حالتِ IP، باندِ 5.8GHz = 5725-5875MHz). rate_mbps = ظرفیتِ واقعیِ Ethernet (Aggregate = Tx+Rx) در بُردِ صفر، تقارن 1:1، بهینه‌سازیِ IP (User Guide Table 134)، نه نرخِ فیزیکی؛ جدولِ Throughput@5km دیتاشیت با برچسبِ ردیف‌ها ناسازگار است (استفاده نشد). برچسبِ ردیفِ ۳ در دیتاشیت «QPSK 0.87 Dual» چاپ شده که در User Guide «single» است؛ برچسبِ User Guide آمد. (Tx/Rx جدا: 9.60/9.60 Mbps)
6a5cbe7089e6bfd0ee962840,DN-0215,5725-5875,30,QPSK 0.63 single,26,-86.9,29.02,https://brandcentral.cambiumnetworks.com/asset/2eb0a206-615f-4203-a1c0-16e5b5a01efe/Cambium_Networks_data_sheet_PTP_670.pdf,حساسیت/توان: جدولِ «Receiver Sensitivity and Transmit Power dBm @ 5.8 GHz» دیتاشیت = User Guide Table 126 (حالتِ IP، باندِ 5.8GHz = 5725-5875MHz). rate_mbps = ظرفیتِ واقعیِ Ethernet (Aggregate = Tx+Rx) در بُردِ صفر، تقارن 1:1، بهینه‌سازیِ IP (User Guide Table 134)، نه نرخِ فیزیکی؛ جدولِ Throughput@5km دیتاشیت با برچسبِ ردیف‌ها ناسازگار است (استفاده نشد). برچسبِ ردیفِ ۳ در دیتاشیت «QPSK 0.87 Dual» چاپ شده که در User Guide «single» است؛ برچسبِ User Guide آمد. (Tx/Rx جدا: 14.51/14.51 Mbps)
6a5cbe7089e6bfd0ee962840,DN-0215,5725-5875,40,QPSK 0.63 single,26,-85.7,39.62,https://brandcentral.cambiumnetworks.com/asset/2eb0a206-615f-4203-a1c0-16e5b5a01efe/Cambium_Networks_data_sheet_PTP_670.pdf,حساسیت/توان: جدولِ «Receiver Sensitivity and Transmit Power dBm @ 5.8 GHz» دیتاشیت = User Guide Table 126 (حالتِ IP، باندِ 5.8GHz = 5725-5875MHz). rate_mbps = ظرفیتِ واقعیِ Ethernet (Aggregate = Tx+Rx) در بُردِ صفر، تقارن 1:1، بهینه‌سازیِ IP (User Guide Table 134)، نه نرخِ فیزیکی؛ جدولِ Throughput@5km دیتاشیت با برچسبِ ردیف‌ها ناسازگار است (استفاده نشد). برچسبِ ردیفِ ۳ در دیتاشیت «QPSK 0.87 Dual» چاپ شده که در User Guide «single» است؛ برچسبِ User Guide آمد. (Tx/Rx جدا: 19.81/19.81 Mbps)
6a5cbe7089e6bfd0ee962840,DN-0215,5725-5875,45,QPSK 0.63 single,26,-85.2,43.42,https://brandcentral.cambiumnetworks.com/asset/2eb0a206-615f-4203-a1c0-16e5b5a01efe/Cambium_Networks_data_sheet_PTP_670.pdf,حساسیت/توان: جدولِ «Receiver Sensitivity and Transmit Power dBm @ 5.8 GHz» دیتاشیت = User Guide Table 126 (حالتِ IP، باندِ 5.8GHz = 5725-5875MHz). rate_mbps = ظرفیتِ واقعیِ Ethernet (Aggregate = Tx+Rx) در بُردِ صفر، تقارن 1:1، بهینه‌سازیِ IP (User Guide Table 134)، نه نرخِ فیزیکی؛ جدولِ Throughput@5km دیتاشیت با برچسبِ ردیف‌ها ناسازگار است (استفاده نشد). برچسبِ ردیفِ ۳ در دیتاشیت «QPSK 0.87 Dual» چاپ شده که در User Guide «single» است؛ برچسبِ User Guide آمد. (Tx/Rx جدا: 21.71/21.71 Mbps)
6a5cbe7089e6bfd0ee962840,DN-0215,5725-5875,5,QPSK 0.87 single,26,-89.7,6.46,https://brandcentral.cambiumnetworks.com/asset/2eb0a206-615f-4203-a1c0-16e5b5a01efe/Cambium_Networks_data_sheet_PTP_670.pdf,حساسیت/توان: جدولِ «Receiver Sensitivity and Transmit Power dBm @ 5.8 GHz» دیتاشیت = User Guide Table 126 (حالتِ IP، باندِ 5.8GHz = 5725-5875MHz). rate_mbps = ظرفیتِ واقعیِ Ethernet (Aggregate = Tx+Rx) در بُردِ صفر، تقارن 1:1، بهینه‌سازیِ IP (User Guide Table 134)، نه نرخِ فیزیکی؛ جدولِ Throughput@5km دیتاشیت با برچسبِ ردیف‌ها ناسازگار است (استفاده نشد). برچسبِ ردیفِ ۳ در دیتاشیت «QPSK 0.87 Dual» چاپ شده که در User Guide «single» است؛ برچسبِ User Guide آمد. (Tx/Rx جدا: 3.23/3.23 Mbps)
6a5cbe7089e6bfd0ee962840,DN-0215,5725-5875,10,QPSK 0.87 single,26,-87.7,13.38,https://brandcentral.cambiumnetworks.com/asset/2eb0a206-615f-4203-a1c0-16e5b5a01efe/Cambium_Networks_data_sheet_PTP_670.pdf,حساسیت/توان: جدولِ «Receiver Sensitivity and Transmit Power dBm @ 5.8 GHz» دیتاشیت = User Guide Table 126 (حالتِ IP، باندِ 5.8GHz = 5725-5875MHz). rate_mbps = ظرفیتِ واقعیِ Ethernet (Aggregate = Tx+Rx) در بُردِ صفر، تقارن 1:1، بهینه‌سازیِ IP (User Guide Table 134)، نه نرخِ فیزیکی؛ جدولِ Throughput@5km دیتاشیت با برچسبِ ردیف‌ها ناسازگار است (استفاده نشد). برچسبِ ردیفِ ۳ در دیتاشیت «QPSK 0.87 Dual» چاپ شده که در User Guide «single» است؛ برچسبِ User Guide آمد. (Tx/Rx جدا: 6.69/6.69 Mbps)
6a5cbe7089e6bfd0ee962840,DN-0215,5725-5875,15,QPSK 0.87 single,26,-85.9,20.13,https://brandcentral.cambiumnetworks.com/asset/2eb0a206-615f-4203-a1c0-16e5b5a01efe/Cambium_Networks_data_sheet_PTP_670.pdf,حساسیت/توان: جدولِ «Receiver Sensitivity and Transmit Power dBm @ 5.8 GHz» دیتاشیت = User Guide Table 126 (حالتِ IP، باندِ 5.8GHz = 5725-5875MHz). rate_mbps = ظرفیتِ واقعیِ Ethernet (Aggregate = Tx+Rx) در بُردِ صفر، تقارن 1:1، بهینه‌سازیِ IP (User Guide Table 134)، نه نرخِ فیزیکی؛ جدولِ Throughput@5km دیتاشیت با برچسبِ ردیف‌ها ناسازگار است (استفاده نشد). برچسبِ ردیفِ ۳ در دیتاشیت «QPSK 0.87 Dual» چاپ شده که در User Guide «single» است؛ برچسبِ User Guide آمد. (Tx/Rx جدا: 10.07/10.07 Mbps)
6a5cbe7089e6bfd0ee962840,DN-0215,5725-5875,20,QPSK 0.87 single,26,-84.7,26.72,https://brandcentral.cambiumnetworks.com/asset/2eb0a206-615f-4203-a1c0-16e5b5a01efe/Cambium_Networks_data_sheet_PTP_670.pdf,حساسیت/توان: جدولِ «Receiver Sensitivity and Transmit Power dBm @ 5.8 GHz» دیتاشیت = User Guide Table 126 (حالتِ IP، باندِ 5.8GHz = 5725-5875MHz). rate_mbps = ظرفیتِ واقعیِ Ethernet (Aggregate = Tx+Rx) در بُردِ صفر، تقارن 1:1، بهینه‌سازیِ IP (User Guide Table 134)، نه نرخِ فیزیکی؛ جدولِ Throughput@5km دیتاشیت با برچسبِ ردیف‌ها ناسازگار است (استفاده نشد). برچسبِ ردیفِ ۳ در دیتاشیت «QPSK 0.87 Dual» چاپ شده که در User Guide «single» است؛ برچسبِ User Guide آمد. (Tx/Rx جدا: 13.36/13.36 Mbps)
6a5cbe7089e6bfd0ee962840,DN-0215,5725-5875,30,QPSK 0.87 single,26,-82.9,40.37,https://brandcentral.cambiumnetworks.com/asset/2eb0a206-615f-4203-a1c0-16e5b5a01efe/Cambium_Networks_data_sheet_PTP_670.pdf,حساسیت/توان: جدولِ «Receiver Sensitivity and Transmit Power dBm @ 5.8 GHz» دیتاشیت = User Guide Table 126 (حالتِ IP، باندِ 5.8GHz = 5725-5875MHz). rate_mbps = ظرفیتِ واقعیِ Ethernet (Aggregate = Tx+Rx) در بُردِ صفر، تقارن 1:1، بهینه‌سازیِ IP (User Guide Table 134)، نه نرخِ فیزیکی؛ جدولِ Throughput@5km دیتاشیت با برچسبِ ردیف‌ها ناسازگار است (استفاده نشد). برچسبِ ردیفِ ۳ در دیتاشیت «QPSK 0.87 Dual» چاپ شده که در User Guide «single» است؛ برچسبِ User Guide آمد. (Tx/Rx جدا: 20.19/20.19 Mbps)
6a5cbe7089e6bfd0ee962840,DN-0215,5725-5875,40,QPSK 0.87 single,26,-81.7,55.12,https://brandcentral.cambiumnetworks.com/asset/2eb0a206-615f-4203-a1c0-16e5b5a01efe/Cambium_Networks_data_sheet_PTP_670.pdf,حساسیت/توان: جدولِ «Receiver Sensitivity and Transmit Power dBm @ 5.8 GHz» دیتاشیت = User Guide Table 126 (حالتِ IP، باندِ 5.8GHz = 5725-5875MHz). rate_mbps = ظرفیتِ واقعیِ Ethernet (Aggregate = Tx+Rx) در بُردِ صفر، تقارن 1:1، بهینه‌سازیِ IP (User Guide Table 134)، نه نرخِ فیزیکی؛ جدولِ Throughput@5km دیتاشیت با برچسبِ ردیف‌ها ناسازگار است (استفاده نشد). برچسبِ ردیفِ ۳ در دیتاشیت «QPSK 0.87 Dual» چاپ شده که در User Guide «single» است؛ برچسبِ User Guide آمد. (Tx/Rx جدا: 27.56/27.56 Mbps)
6a5cbe7089e6bfd0ee962840,DN-0215,5725-5875,45,QPSK 0.87 single,26,-81.1,60.40,https://brandcentral.cambiumnetworks.com/asset/2eb0a206-615f-4203-a1c0-16e5b5a01efe/Cambium_Networks_data_sheet_PTP_670.pdf,حساسیت/توان: جدولِ «Receiver Sensitivity and Transmit Power dBm @ 5.8 GHz» دیتاشیت = User Guide Table 126 (حالتِ IP، باندِ 5.8GHz = 5725-5875MHz). rate_mbps = ظرفیتِ واقعیِ Ethernet (Aggregate = Tx+Rx) در بُردِ صفر، تقارن 1:1، بهینه‌سازیِ IP (User Guide Table 134)، نه نرخِ فیزیکی؛ جدولِ Throughput@5km دیتاشیت با برچسبِ ردیف‌ها ناسازگار است (استفاده نشد). برچسبِ ردیفِ ۳ در دیتاشیت «QPSK 0.87 Dual» چاپ شده که در User Guide «single» است؛ برچسبِ User Guide آمد. (Tx/Rx جدا: 30.20/30.20 Mbps)
6a5cbe7089e6bfd0ee962840,DN-0215,5725-5875,5,16QAM 0.63 single,25,-87.4,9.29,https://brandcentral.cambiumnetworks.com/asset/2eb0a206-615f-4203-a1c0-16e5b5a01efe/Cambium_Networks_data_sheet_PTP_670.pdf,حساسیت/توان: جدولِ «Receiver Sensitivity and Transmit Power dBm @ 5.8 GHz» دیتاشیت = User Guide Table 126 (حالتِ IP، باندِ 5.8GHz = 5725-5875MHz). rate_mbps = ظرفیتِ واقعیِ Ethernet (Aggregate = Tx+Rx) در بُردِ صفر، تقارن 1:1، بهینه‌سازیِ IP (User Guide Table 134)، نه نرخِ فیزیکی؛ جدولِ Throughput@5km دیتاشیت با برچسبِ ردیف‌ها ناسازگار است (استفاده نشد). برچسبِ ردیفِ ۳ در دیتاشیت «QPSK 0.87 Dual» چاپ شده که در User Guide «single» است؛ برچسبِ User Guide آمد. (Tx/Rx جدا: 4.65/4.65 Mbps)
6a5cbe7089e6bfd0ee962840,DN-0215,5725-5875,10,16QAM 0.63 single,25,-85.4,19.24,https://brandcentral.cambiumnetworks.com/asset/2eb0a206-615f-4203-a1c0-16e5b5a01efe/Cambium_Networks_data_sheet_PTP_670.pdf,حساسیت/توان: جدولِ «Receiver Sensitivity and Transmit Power dBm @ 5.8 GHz» دیتاشیت = User Guide Table 126 (حالتِ IP، باندِ 5.8GHz = 5725-5875MHz). rate_mbps = ظرفیتِ واقعیِ Ethernet (Aggregate = Tx+Rx) در بُردِ صفر، تقارن 1:1، بهینه‌سازیِ IP (User Guide Table 134)، نه نرخِ فیزیکی؛ جدولِ Throughput@5km دیتاشیت با برچسبِ ردیف‌ها ناسازگار است (استفاده نشد). برچسبِ ردیفِ ۳ در دیتاشیت «QPSK 0.87 Dual» چاپ شده که در User Guide «single» است؛ برچسبِ User Guide آمد. (Tx/Rx جدا: 9.62/9.62 Mbps)
6a5cbe7089e6bfd0ee962840,DN-0215,5725-5875,15,16QAM 0.63 single,25,-83.6,28.95,https://brandcentral.cambiumnetworks.com/asset/2eb0a206-615f-4203-a1c0-16e5b5a01efe/Cambium_Networks_data_sheet_PTP_670.pdf,حساسیت/توان: جدولِ «Receiver Sensitivity and Transmit Power dBm @ 5.8 GHz» دیتاشیت = User Guide Table 126 (حالتِ IP، باندِ 5.8GHz = 5725-5875MHz). rate_mbps = ظرفیتِ واقعیِ Ethernet (Aggregate = Tx+Rx) در بُردِ صفر، تقارن 1:1، بهینه‌سازیِ IP (User Guide Table 134)، نه نرخِ فیزیکی؛ جدولِ Throughput@5km دیتاشیت با برچسبِ ردیف‌ها ناسازگار است (استفاده نشد). برچسبِ ردیفِ ۳ در دیتاشیت «QPSK 0.87 Dual» چاپ شده که در User Guide «single» است؛ برچسبِ User Guide آمد. (Tx/Rx جدا: 14.47/14.47 Mbps)
6a5cbe7089e6bfd0ee962840,DN-0215,5725-5875,20,16QAM 0.63 single,25,-82.3,38.42,https://brandcentral.cambiumnetworks.com/asset/2eb0a206-615f-4203-a1c0-16e5b5a01efe/Cambium_Networks_data_sheet_PTP_670.pdf,حساسیت/توان: جدولِ «Receiver Sensitivity and Transmit Power dBm @ 5.8 GHz» دیتاشیت = User Guide Table 126 (حالتِ IP، باندِ 5.8GHz = 5725-5875MHz). rate_mbps = ظرفیتِ واقعیِ Ethernet (Aggregate = Tx+Rx) در بُردِ صفر، تقارن 1:1، بهینه‌سازیِ IP (User Guide Table 134)، نه نرخِ فیزیکی؛ جدولِ Throughput@5km دیتاشیت با برچسبِ ردیف‌ها ناسازگار است (استفاده نشد). برچسبِ ردیفِ ۳ در دیتاشیت «QPSK 0.87 Dual» چاپ شده که در User Guide «single» است؛ برچسبِ User Guide آمد. (Tx/Rx جدا: 19.21/19.21 Mbps)
6a5cbe7089e6bfd0ee962840,DN-0215,5725-5875,30,16QAM 0.63 single,25,-80.6,58.05,https://brandcentral.cambiumnetworks.com/asset/2eb0a206-615f-4203-a1c0-16e5b5a01efe/Cambium_Networks_data_sheet_PTP_670.pdf,حساسیت/توان: جدولِ «Receiver Sensitivity and Transmit Power dBm @ 5.8 GHz» دیتاشیت = User Guide Table 126 (حالتِ IP، باندِ 5.8GHz = 5725-5875MHz). rate_mbps = ظرفیتِ واقعیِ Ethernet (Aggregate = Tx+Rx) در بُردِ صفر، تقارن 1:1، بهینه‌سازیِ IP (User Guide Table 134)، نه نرخِ فیزیکی؛ جدولِ Throughput@5km دیتاشیت با برچسبِ ردیف‌ها ناسازگار است (استفاده نشد). برچسبِ ردیفِ ۳ در دیتاشیت «QPSK 0.87 Dual» چاپ شده که در User Guide «single» است؛ برچسبِ User Guide آمد. (Tx/Rx جدا: 29.02/29.02 Mbps)
6a5cbe7089e6bfd0ee962840,DN-0215,5725-5875,40,16QAM 0.63 single,25,-79.3,79.25,https://brandcentral.cambiumnetworks.com/asset/2eb0a206-615f-4203-a1c0-16e5b5a01efe/Cambium_Networks_data_sheet_PTP_670.pdf,حساسیت/توان: جدولِ «Receiver Sensitivity and Transmit Power dBm @ 5.8 GHz» دیتاشیت = User Guide Table 126 (حالتِ IP، باندِ 5.8GHz = 5725-5875MHz). rate_mbps = ظرفیتِ واقعیِ Ethernet (Aggregate = Tx+Rx) در بُردِ صفر، تقارن 1:1، بهینه‌سازیِ IP (User Guide Table 134)، نه نرخِ فیزیکی؛ جدولِ Throughput@5km دیتاشیت با برچسبِ ردیف‌ها ناسازگار است (استفاده نشد). برچسبِ ردیفِ ۳ در دیتاشیت «QPSK 0.87 Dual» چاپ شده که در User Guide «single» است؛ برچسبِ User Guide آمد. (Tx/Rx جدا: 39.63/39.63 Mbps)
6a5cbe7089e6bfd0ee962840,DN-0215,5725-5875,45,16QAM 0.63 single,25,-78.8,86.85,https://brandcentral.cambiumnetworks.com/asset/2eb0a206-615f-4203-a1c0-16e5b5a01efe/Cambium_Networks_data_sheet_PTP_670.pdf,حساسیت/توان: جدولِ «Receiver Sensitivity and Transmit Power dBm @ 5.8 GHz» دیتاشیت = User Guide Table 126 (حالتِ IP، باندِ 5.8GHz = 5725-5875MHz). rate_mbps = ظرفیتِ واقعیِ Ethernet (Aggregate = Tx+Rx) در بُردِ صفر، تقارن 1:1، بهینه‌سازیِ IP (User Guide Table 134)، نه نرخِ فیزیکی؛ جدولِ Throughput@5km دیتاشیت با برچسبِ ردیف‌ها ناسازگار است (استفاده نشد). برچسبِ ردیفِ ۳ در دیتاشیت «QPSK 0.87 Dual» چاپ شده که در User Guide «single» است؛ برچسبِ User Guide آمد. (Tx/Rx جدا: 43.42/43.42 Mbps)
6a5cbe7089e6bfd0ee962840,DN-0215,5725-5875,5,16QAM 0.63 dual,25,-83.4,18.59,https://brandcentral.cambiumnetworks.com/asset/2eb0a206-615f-4203-a1c0-16e5b5a01efe/Cambium_Networks_data_sheet_PTP_670.pdf,حساسیت/توان: جدولِ «Receiver Sensitivity and Transmit Power dBm @ 5.8 GHz» دیتاشیت = User Guide Table 126 (حالتِ IP، باندِ 5.8GHz = 5725-5875MHz). rate_mbps = ظرفیتِ واقعیِ Ethernet (Aggregate = Tx+Rx) در بُردِ صفر، تقارن 1:1، بهینه‌سازیِ IP (User Guide Table 134)، نه نرخِ فیزیکی؛ جدولِ Throughput@5km دیتاشیت با برچسبِ ردیف‌ها ناسازگار است (استفاده نشد). برچسبِ ردیفِ ۳ در دیتاشیت «QPSK 0.87 Dual» چاپ شده که در User Guide «single» است؛ برچسبِ User Guide آمد. (Tx/Rx جدا: 9.29/9.29 Mbps)
6a5cbe7089e6bfd0ee962840,DN-0215,5725-5875,10,16QAM 0.63 dual,25,-81.4,38.49,https://brandcentral.cambiumnetworks.com/asset/2eb0a206-615f-4203-a1c0-16e5b5a01efe/Cambium_Networks_data_sheet_PTP_670.pdf,حساسیت/توان: جدولِ «Receiver Sensitivity and Transmit Power dBm @ 5.8 GHz» دیتاشیت = User Guide Table 126 (حالتِ IP، باندِ 5.8GHz = 5725-5875MHz). rate_mbps = ظرفیتِ واقعیِ Ethernet (Aggregate = Tx+Rx) در بُردِ صفر، تقارن 1:1، بهینه‌سازیِ IP (User Guide Table 134)، نه نرخِ فیزیکی؛ جدولِ Throughput@5km دیتاشیت با برچسبِ ردیف‌ها ناسازگار است (استفاده نشد). برچسبِ ردیفِ ۳ در دیتاشیت «QPSK 0.87 Dual» چاپ شده که در User Guide «single» است؛ برچسبِ User Guide آمد. (Tx/Rx جدا: 19.24/19.24 Mbps)
6a5cbe7089e6bfd0ee962840,DN-0215,5725-5875,15,16QAM 0.63 dual,25,-79.6,57.90,https://brandcentral.cambiumnetworks.com/asset/2eb0a206-615f-4203-a1c0-16e5b5a01efe/Cambium_Networks_data_sheet_PTP_670.pdf,حساسیت/توان: جدولِ «Receiver Sensitivity and Transmit Power dBm @ 5.8 GHz» دیتاشیت = User Guide Table 126 (حالتِ IP، باندِ 5.8GHz = 5725-5875MHz). rate_mbps = ظرفیتِ واقعیِ Ethernet (Aggregate = Tx+Rx) در بُردِ صفر، تقارن 1:1، بهینه‌سازیِ IP (User Guide Table 134)، نه نرخِ فیزیکی؛ جدولِ Throughput@5km دیتاشیت با برچسبِ ردیف‌ها ناسازگار است (استفاده نشد). برچسبِ ردیفِ ۳ در دیتاشیت «QPSK 0.87 Dual» چاپ شده که در User Guide «single» است؛ برچسبِ User Guide آمد. (Tx/Rx جدا: 28.95/28.95 Mbps)
6a5cbe7089e6bfd0ee962840,DN-0215,5725-5875,20,16QAM 0.63 dual,25,-78.4,76.85,https://brandcentral.cambiumnetworks.com/asset/2eb0a206-615f-4203-a1c0-16e5b5a01efe/Cambium_Networks_data_sheet_PTP_670.pdf,حساسیت/توان: جدولِ «Receiver Sensitivity and Transmit Power dBm @ 5.8 GHz» دیتاشیت = User Guide Table 126 (حالتِ IP، باندِ 5.8GHz = 5725-5875MHz). rate_mbps = ظرفیتِ واقعیِ Ethernet (Aggregate = Tx+Rx) در بُردِ صفر، تقارن 1:1، بهینه‌سازیِ IP (User Guide Table 134)، نه نرخِ فیزیکی؛ جدولِ Throughput@5km دیتاشیت با برچسبِ ردیف‌ها ناسازگار است (استفاده نشد). برچسبِ ردیفِ ۳ در دیتاشیت «QPSK 0.87 Dual» چاپ شده که در User Guide «single» است؛ برچسبِ User Guide آمد. (Tx/Rx جدا: 38.43/38.43 Mbps)
6a5cbe7089e6bfd0ee962840,DN-0215,5725-5875,30,16QAM 0.63 dual,25,-76.6,116.10,https://brandcentral.cambiumnetworks.com/asset/2eb0a206-615f-4203-a1c0-16e5b5a01efe/Cambium_Networks_data_sheet_PTP_670.pdf,حساسیت/توان: جدولِ «Receiver Sensitivity and Transmit Power dBm @ 5.8 GHz» دیتاشیت = User Guide Table 126 (حالتِ IP، باندِ 5.8GHz = 5725-5875MHz). rate_mbps = ظرفیتِ واقعیِ Ethernet (Aggregate = Tx+Rx) در بُردِ صفر، تقارن 1:1، بهینه‌سازیِ IP (User Guide Table 134)، نه نرخِ فیزیکی؛ جدولِ Throughput@5km دیتاشیت با برچسبِ ردیف‌ها ناسازگار است (استفاده نشد). برچسبِ ردیفِ ۳ در دیتاشیت «QPSK 0.87 Dual» چاپ شده که در User Guide «single» است؛ برچسبِ User Guide آمد. (Tx/Rx جدا: 58.05/58.05 Mbps)
6a5cbe7089e6bfd0ee962840,DN-0215,5725-5875,40,16QAM 0.63 dual,25,-75.4,158.52,https://brandcentral.cambiumnetworks.com/asset/2eb0a206-615f-4203-a1c0-16e5b5a01efe/Cambium_Networks_data_sheet_PTP_670.pdf,حساسیت/توان: جدولِ «Receiver Sensitivity and Transmit Power dBm @ 5.8 GHz» دیتاشیت = User Guide Table 126 (حالتِ IP، باندِ 5.8GHz = 5725-5875MHz). rate_mbps = ظرفیتِ واقعیِ Ethernet (Aggregate = Tx+Rx) در بُردِ صفر، تقارن 1:1، بهینه‌سازیِ IP (User Guide Table 134)، نه نرخِ فیزیکی؛ جدولِ Throughput@5km دیتاشیت با برچسبِ ردیف‌ها ناسازگار است (استفاده نشد). برچسبِ ردیفِ ۳ در دیتاشیت «QPSK 0.87 Dual» چاپ شده که در User Guide «single» است؛ برچسبِ User Guide آمد. (Tx/Rx جدا: 79.26/79.26 Mbps)
6a5cbe7089e6bfd0ee962840,DN-0215,5725-5875,45,16QAM 0.63 dual,25,-74.9,173.70,https://brandcentral.cambiumnetworks.com/asset/2eb0a206-615f-4203-a1c0-16e5b5a01efe/Cambium_Networks_data_sheet_PTP_670.pdf,حساسیت/توان: جدولِ «Receiver Sensitivity and Transmit Power dBm @ 5.8 GHz» دیتاشیت = User Guide Table 126 (حالتِ IP، باندِ 5.8GHz = 5725-5875MHz). rate_mbps = ظرفیتِ واقعیِ Ethernet (Aggregate = Tx+Rx) در بُردِ صفر، تقارن 1:1، بهینه‌سازیِ IP (User Guide Table 134)، نه نرخِ فیزیکی؛ جدولِ Throughput@5km دیتاشیت با برچسبِ ردیف‌ها ناسازگار است (استفاده نشد). برچسبِ ردیفِ ۳ در دیتاشیت «QPSK 0.87 Dual» چاپ شده که در User Guide «single» است؛ برچسبِ User Guide آمد. (Tx/Rx جدا: 86.85/86.85 Mbps)
6a5cbe7089e6bfd0ee962840,DN-0215,5725-5875,5,16QAM 0.87 single,25,-82.9,12.93,https://brandcentral.cambiumnetworks.com/asset/2eb0a206-615f-4203-a1c0-16e5b5a01efe/Cambium_Networks_data_sheet_PTP_670.pdf,حساسیت/توان: جدولِ «Receiver Sensitivity and Transmit Power dBm @ 5.8 GHz» دیتاشیت = User Guide Table 126 (حالتِ IP، باندِ 5.8GHz = 5725-5875MHz). rate_mbps = ظرفیتِ واقعیِ Ethernet (Aggregate = Tx+Rx) در بُردِ صفر، تقارن 1:1، بهینه‌سازیِ IP (User Guide Table 134)، نه نرخِ فیزیکی؛ جدولِ Throughput@5km دیتاشیت با برچسبِ ردیف‌ها ناسازگار است (استفاده نشد). برچسبِ ردیفِ ۳ در دیتاشیت «QPSK 0.87 Dual» چاپ شده که در User Guide «single» است؛ برچسبِ User Guide آمد. (Tx/Rx جدا: 6.46/6.46 Mbps)
6a5cbe7089e6bfd0ee962840,DN-0215,5725-5875,10,16QAM 0.87 single,25,-80.8,26.77,https://brandcentral.cambiumnetworks.com/asset/2eb0a206-615f-4203-a1c0-16e5b5a01efe/Cambium_Networks_data_sheet_PTP_670.pdf,حساسیت/توان: جدولِ «Receiver Sensitivity and Transmit Power dBm @ 5.8 GHz» دیتاشیت = User Guide Table 126 (حالتِ IP، باندِ 5.8GHz = 5725-5875MHz). rate_mbps = ظرفیتِ واقعیِ Ethernet (Aggregate = Tx+Rx) در بُردِ صفر، تقارن 1:1، بهینه‌سازیِ IP (User Guide Table 134)، نه نرخِ فیزیکی؛ جدولِ Throughput@5km دیتاشیت با برچسبِ ردیف‌ها ناسازگار است (استفاده نشد). برچسبِ ردیفِ ۳ در دیتاشیت «QPSK 0.87 Dual» چاپ شده که در User Guide «single» است؛ برچسبِ User Guide آمد. (Tx/Rx جدا: 13.38/13.38 Mbps)
6a5cbe7089e6bfd0ee962840,DN-0215,5725-5875,15,16QAM 0.87 single,25,-79.1,40.27,https://brandcentral.cambiumnetworks.com/asset/2eb0a206-615f-4203-a1c0-16e5b5a01efe/Cambium_Networks_data_sheet_PTP_670.pdf,حساسیت/توان: جدولِ «Receiver Sensitivity and Transmit Power dBm @ 5.8 GHz» دیتاشیت = User Guide Table 126 (حالتِ IP، باندِ 5.8GHz = 5725-5875MHz). rate_mbps = ظرفیتِ واقعیِ Ethernet (Aggregate = Tx+Rx) در بُردِ صفر، تقارن 1:1، بهینه‌سازیِ IP (User Guide Table 134)، نه نرخِ فیزیکی؛ جدولِ Throughput@5km دیتاشیت با برچسبِ ردیف‌ها ناسازگار است (استفاده نشد). برچسبِ ردیفِ ۳ در دیتاشیت «QPSK 0.87 Dual» چاپ شده که در User Guide «single» است؛ برچسبِ User Guide آمد. (Tx/Rx جدا: 20.14/20.14 Mbps)
6a5cbe7089e6bfd0ee962840,DN-0215,5725-5875,20,16QAM 0.87 single,25,-77.8,53.45,https://brandcentral.cambiumnetworks.com/asset/2eb0a206-615f-4203-a1c0-16e5b5a01efe/Cambium_Networks_data_sheet_PTP_670.pdf,حساسیت/توان: جدولِ «Receiver Sensitivity and Transmit Power dBm @ 5.8 GHz» دیتاشیت = User Guide Table 126 (حالتِ IP، باندِ 5.8GHz = 5725-5875MHz). rate_mbps = ظرفیتِ واقعیِ Ethernet (Aggregate = Tx+Rx) در بُردِ صفر، تقارن 1:1، بهینه‌سازیِ IP (User Guide Table 134)، نه نرخِ فیزیکی؛ جدولِ Throughput@5km دیتاشیت با برچسبِ ردیف‌ها ناسازگار است (استفاده نشد). برچسبِ ردیفِ ۳ در دیتاشیت «QPSK 0.87 Dual» چاپ شده که در User Guide «single» است؛ برچسبِ User Guide آمد. (Tx/Rx جدا: 26.73/26.73 Mbps)
6a5cbe7089e6bfd0ee962840,DN-0215,5725-5875,30,16QAM 0.87 single,25,-76.1,80.75,https://brandcentral.cambiumnetworks.com/asset/2eb0a206-615f-4203-a1c0-16e5b5a01efe/Cambium_Networks_data_sheet_PTP_670.pdf,حساسیت/توان: جدولِ «Receiver Sensitivity and Transmit Power dBm @ 5.8 GHz» دیتاشیت = User Guide Table 126 (حالتِ IP، باندِ 5.8GHz = 5725-5875MHz). rate_mbps = ظرفیتِ واقعیِ Ethernet (Aggregate = Tx+Rx) در بُردِ صفر، تقارن 1:1، بهینه‌سازیِ IP (User Guide Table 134)، نه نرخِ فیزیکی؛ جدولِ Throughput@5km دیتاشیت با برچسبِ ردیف‌ها ناسازگار است (استفاده نشد). برچسبِ ردیفِ ۳ در دیتاشیت «QPSK 0.87 Dual» چاپ شده که در User Guide «single» است؛ برچسبِ User Guide آمد. (Tx/Rx جدا: 40.37/40.37 Mbps)
6a5cbe7089e6bfd0ee962840,DN-0215,5725-5875,40,16QAM 0.87 single,25,-74.8,110.25,https://brandcentral.cambiumnetworks.com/asset/2eb0a206-615f-4203-a1c0-16e5b5a01efe/Cambium_Networks_data_sheet_PTP_670.pdf,حساسیت/توان: جدولِ «Receiver Sensitivity and Transmit Power dBm @ 5.8 GHz» دیتاشیت = User Guide Table 126 (حالتِ IP، باندِ 5.8GHz = 5725-5875MHz). rate_mbps = ظرفیتِ واقعیِ Ethernet (Aggregate = Tx+Rx) در بُردِ صفر، تقارن 1:1، بهینه‌سازیِ IP (User Guide Table 134)، نه نرخِ فیزیکی؛ جدولِ Throughput@5km دیتاشیت با برچسبِ ردیف‌ها ناسازگار است (استفاده نشد). برچسبِ ردیفِ ۳ در دیتاشیت «QPSK 0.87 Dual» چاپ شده که در User Guide «single» است؛ برچسبِ User Guide آمد. (Tx/Rx جدا: 55.12/55.12 Mbps)
6a5cbe7089e6bfd0ee962840,DN-0215,5725-5875,45,16QAM 0.87 single,25,-74.3,120.81,https://brandcentral.cambiumnetworks.com/asset/2eb0a206-615f-4203-a1c0-16e5b5a01efe/Cambium_Networks_data_sheet_PTP_670.pdf,حساسیت/توان: جدولِ «Receiver Sensitivity and Transmit Power dBm @ 5.8 GHz» دیتاشیت = User Guide Table 126 (حالتِ IP، باندِ 5.8GHz = 5725-5875MHz). rate_mbps = ظرفیتِ واقعیِ Ethernet (Aggregate = Tx+Rx) در بُردِ صفر، تقارن 1:1، بهینه‌سازیِ IP (User Guide Table 134)، نه نرخِ فیزیکی؛ جدولِ Throughput@5km دیتاشیت با برچسبِ ردیف‌ها ناسازگار است (استفاده نشد). برچسبِ ردیفِ ۳ در دیتاشیت «QPSK 0.87 Dual» چاپ شده که در User Guide «single» است؛ برچسبِ User Guide آمد. (Tx/Rx جدا: 60.40/60.40 Mbps)
6a5cbe7089e6bfd0ee962840,DN-0215,5725-5875,5,16QAM 0.87 dual,25,-79.8,25.86,https://brandcentral.cambiumnetworks.com/asset/2eb0a206-615f-4203-a1c0-16e5b5a01efe/Cambium_Networks_data_sheet_PTP_670.pdf,حساسیت/توان: جدولِ «Receiver Sensitivity and Transmit Power dBm @ 5.8 GHz» دیتاشیت = User Guide Table 126 (حالتِ IP، باندِ 5.8GHz = 5725-5875MHz). rate_mbps = ظرفیتِ واقعیِ Ethernet (Aggregate = Tx+Rx) در بُردِ صفر، تقارن 1:1، بهینه‌سازیِ IP (User Guide Table 134)، نه نرخِ فیزیکی؛ جدولِ Throughput@5km دیتاشیت با برچسبِ ردیف‌ها ناسازگار است (استفاده نشد). برچسبِ ردیفِ ۳ در دیتاشیت «QPSK 0.87 Dual» چاپ شده که در User Guide «single» است؛ برچسبِ User Guide آمد. (Tx/Rx جدا: 12.93/12.93 Mbps)
6a5cbe7089e6bfd0ee962840,DN-0215,5725-5875,10,16QAM 0.87 dual,25,-77.8,53.54,https://brandcentral.cambiumnetworks.com/asset/2eb0a206-615f-4203-a1c0-16e5b5a01efe/Cambium_Networks_data_sheet_PTP_670.pdf,حساسیت/توان: جدولِ «Receiver Sensitivity and Transmit Power dBm @ 5.8 GHz» دیتاشیت = User Guide Table 126 (حالتِ IP، باندِ 5.8GHz = 5725-5875MHz). rate_mbps = ظرفیتِ واقعیِ Ethernet (Aggregate = Tx+Rx) در بُردِ صفر، تقارن 1:1، بهینه‌سازیِ IP (User Guide Table 134)، نه نرخِ فیزیکی؛ جدولِ Throughput@5km دیتاشیت با برچسبِ ردیف‌ها ناسازگار است (استفاده نشد). برچسبِ ردیفِ ۳ در دیتاشیت «QPSK 0.87 Dual» چاپ شده که در User Guide «single» است؛ برچسبِ User Guide آمد. (Tx/Rx جدا: 26.77/26.77 Mbps)
6a5cbe7089e6bfd0ee962840,DN-0215,5725-5875,15,16QAM 0.87 dual,25,-76.0,80.55,https://brandcentral.cambiumnetworks.com/asset/2eb0a206-615f-4203-a1c0-16e5b5a01efe/Cambium_Networks_data_sheet_PTP_670.pdf,حساسیت/توان: جدولِ «Receiver Sensitivity and Transmit Power dBm @ 5.8 GHz» دیتاشیت = User Guide Table 126 (حالتِ IP، باندِ 5.8GHz = 5725-5875MHz). rate_mbps = ظرفیتِ واقعیِ Ethernet (Aggregate = Tx+Rx) در بُردِ صفر، تقارن 1:1، بهینه‌سازیِ IP (User Guide Table 134)، نه نرخِ فیزیکی؛ جدولِ Throughput@5km دیتاشیت با برچسبِ ردیف‌ها ناسازگار است (استفاده نشد). برچسبِ ردیفِ ۳ در دیتاشیت «QPSK 0.87 Dual» چاپ شده که در User Guide «single» است؛ برچسبِ User Guide آمد. (Tx/Rx جدا: 40.27/40.27 Mbps)
6a5cbe7089e6bfd0ee962840,DN-0215,5725-5875,20,16QAM 0.87 dual,25,-74.8,106.91,https://brandcentral.cambiumnetworks.com/asset/2eb0a206-615f-4203-a1c0-16e5b5a01efe/Cambium_Networks_data_sheet_PTP_670.pdf,حساسیت/توان: جدولِ «Receiver Sensitivity and Transmit Power dBm @ 5.8 GHz» دیتاشیت = User Guide Table 126 (حالتِ IP، باندِ 5.8GHz = 5725-5875MHz). rate_mbps = ظرفیتِ واقعیِ Ethernet (Aggregate = Tx+Rx) در بُردِ صفر، تقارن 1:1، بهینه‌سازیِ IP (User Guide Table 134)، نه نرخِ فیزیکی؛ جدولِ Throughput@5km دیتاشیت با برچسبِ ردیف‌ها ناسازگار است (استفاده نشد). برچسبِ ردیفِ ۳ در دیتاشیت «QPSK 0.87 Dual» چاپ شده که در User Guide «single» است؛ برچسبِ User Guide آمد. (Tx/Rx جدا: 53.45/53.45 Mbps)
6a5cbe7089e6bfd0ee962840,DN-0215,5725-5875,30,16QAM 0.87 dual,25,-73.0,161.51,https://brandcentral.cambiumnetworks.com/asset/2eb0a206-615f-4203-a1c0-16e5b5a01efe/Cambium_Networks_data_sheet_PTP_670.pdf,حساسیت/توان: جدولِ «Receiver Sensitivity and Transmit Power dBm @ 5.8 GHz» دیتاشیت = User Guide Table 126 (حالتِ IP، باندِ 5.8GHz = 5725-5875MHz). rate_mbps = ظرفیتِ واقعیِ Ethernet (Aggregate = Tx+Rx) در بُردِ صفر، تقارن 1:1، بهینه‌سازیِ IP (User Guide Table 134)، نه نرخِ فیزیکی؛ جدولِ Throughput@5km دیتاشیت با برچسبِ ردیف‌ها ناسازگار است (استفاده نشد). برچسبِ ردیفِ ۳ در دیتاشیت «QPSK 0.87 Dual» چاپ شده که در User Guide «single» است؛ برچسبِ User Guide آمد. (Tx/Rx جدا: 80.75/80.75 Mbps)
6a5cbe7089e6bfd0ee962840,DN-0215,5725-5875,40,16QAM 0.87 dual,25,-71.8,220.51,https://brandcentral.cambiumnetworks.com/asset/2eb0a206-615f-4203-a1c0-16e5b5a01efe/Cambium_Networks_data_sheet_PTP_670.pdf,حساسیت/توان: جدولِ «Receiver Sensitivity and Transmit Power dBm @ 5.8 GHz» دیتاشیت = User Guide Table 126 (حالتِ IP، باندِ 5.8GHz = 5725-5875MHz). rate_mbps = ظرفیتِ واقعیِ Ethernet (Aggregate = Tx+Rx) در بُردِ صفر، تقارن 1:1، بهینه‌سازیِ IP (User Guide Table 134)، نه نرخِ فیزیکی؛ جدولِ Throughput@5km دیتاشیت با برچسبِ ردیف‌ها ناسازگار است (استفاده نشد). برچسبِ ردیفِ ۳ در دیتاشیت «QPSK 0.87 Dual» چاپ شده که در User Guide «single» است؛ برچسبِ User Guide آمد. (Tx/Rx جدا: 110.25/110.25 Mbps)
6a5cbe7089e6bfd0ee962840,DN-0215,5725-5875,45,16QAM 0.87 dual,25,-71.2,241.63,https://brandcentral.cambiumnetworks.com/asset/2eb0a206-615f-4203-a1c0-16e5b5a01efe/Cambium_Networks_data_sheet_PTP_670.pdf,حساسیت/توان: جدولِ «Receiver Sensitivity and Transmit Power dBm @ 5.8 GHz» دیتاشیت = User Guide Table 126 (حالتِ IP، باندِ 5.8GHz = 5725-5875MHz). rate_mbps = ظرفیتِ واقعیِ Ethernet (Aggregate = Tx+Rx) در بُردِ صفر، تقارن 1:1، بهینه‌سازیِ IP (User Guide Table 134)، نه نرخِ فیزیکی؛ جدولِ Throughput@5km دیتاشیت با برچسبِ ردیف‌ها ناسازگار است (استفاده نشد). برچسبِ ردیفِ ۳ در دیتاشیت «QPSK 0.87 Dual» چاپ شده که در User Guide «single» است؛ برچسبِ User Guide آمد. (Tx/Rx جدا: 120.81/120.81 Mbps)
6a5cbe7089e6bfd0ee962840,DN-0215,5725-5875,5,64QAM 0.75 single,24,-79.8,16.62,https://brandcentral.cambiumnetworks.com/asset/2eb0a206-615f-4203-a1c0-16e5b5a01efe/Cambium_Networks_data_sheet_PTP_670.pdf,حساسیت/توان: جدولِ «Receiver Sensitivity and Transmit Power dBm @ 5.8 GHz» دیتاشیت = User Guide Table 126 (حالتِ IP، باندِ 5.8GHz = 5725-5875MHz). rate_mbps = ظرفیتِ واقعیِ Ethernet (Aggregate = Tx+Rx) در بُردِ صفر، تقارن 1:1، بهینه‌سازیِ IP (User Guide Table 134)، نه نرخِ فیزیکی؛ جدولِ Throughput@5km دیتاشیت با برچسبِ ردیف‌ها ناسازگار است (استفاده نشد). برچسبِ ردیفِ ۳ در دیتاشیت «QPSK 0.87 Dual» چاپ شده که در User Guide «single» است؛ برچسبِ User Guide آمد. (Tx/Rx جدا: 8.31/8.31 Mbps)
6a5cbe7089e6bfd0ee962840,DN-0215,5725-5875,10,64QAM 0.75 single,24,-77.8,34.41,https://brandcentral.cambiumnetworks.com/asset/2eb0a206-615f-4203-a1c0-16e5b5a01efe/Cambium_Networks_data_sheet_PTP_670.pdf,حساسیت/توان: جدولِ «Receiver Sensitivity and Transmit Power dBm @ 5.8 GHz» دیتاشیت = User Guide Table 126 (حالتِ IP، باندِ 5.8GHz = 5725-5875MHz). rate_mbps = ظرفیتِ واقعیِ Ethernet (Aggregate = Tx+Rx) در بُردِ صفر، تقارن 1:1، بهینه‌سازیِ IP (User Guide Table 134)، نه نرخِ فیزیکی؛ جدولِ Throughput@5km دیتاشیت با برچسبِ ردیف‌ها ناسازگار است (استفاده نشد). برچسبِ ردیفِ ۳ در دیتاشیت «QPSK 0.87 Dual» چاپ شده که در User Guide «single» است؛ برچسبِ User Guide آمد. (Tx/Rx جدا: 17.20/17.20 Mbps)
6a5cbe7089e6bfd0ee962840,DN-0215,5725-5875,15,64QAM 0.75 single,24,-76.0,51.77,https://brandcentral.cambiumnetworks.com/asset/2eb0a206-615f-4203-a1c0-16e5b5a01efe/Cambium_Networks_data_sheet_PTP_670.pdf,حساسیت/توان: جدولِ «Receiver Sensitivity and Transmit Power dBm @ 5.8 GHz» دیتاشیت = User Guide Table 126 (حالتِ IP، باندِ 5.8GHz = 5725-5875MHz). rate_mbps = ظرفیتِ واقعیِ Ethernet (Aggregate = Tx+Rx) در بُردِ صفر، تقارن 1:1، بهینه‌سازیِ IP (User Guide Table 134)، نه نرخِ فیزیکی؛ جدولِ Throughput@5km دیتاشیت با برچسبِ ردیف‌ها ناسازگار است (استفاده نشد). برچسبِ ردیفِ ۳ در دیتاشیت «QPSK 0.87 Dual» چاپ شده که در User Guide «single» است؛ برچسبِ User Guide آمد. (Tx/Rx جدا: 25.88/25.88 Mbps)
6a5cbe7089e6bfd0ee962840,DN-0215,5725-5875,20,64QAM 0.75 single,24,-74.8,68.71,https://brandcentral.cambiumnetworks.com/asset/2eb0a206-615f-4203-a1c0-16e5b5a01efe/Cambium_Networks_data_sheet_PTP_670.pdf,حساسیت/توان: جدولِ «Receiver Sensitivity and Transmit Power dBm @ 5.8 GHz» دیتاشیت = User Guide Table 126 (حالتِ IP، باندِ 5.8GHz = 5725-5875MHz). rate_mbps = ظرفیتِ واقعیِ Ethernet (Aggregate = Tx+Rx) در بُردِ صفر، تقارن 1:1، بهینه‌سازیِ IP (User Guide Table 134)، نه نرخِ فیزیکی؛ جدولِ Throughput@5km دیتاشیت با برچسبِ ردیف‌ها ناسازگار است (استفاده نشد). برچسبِ ردیفِ ۳ در دیتاشیت «QPSK 0.87 Dual» چاپ شده که در User Guide «single» است؛ برچسبِ User Guide آمد. (Tx/Rx جدا: 34.35/34.35 Mbps)
6a5cbe7089e6bfd0ee962840,DN-0215,5725-5875,30,64QAM 0.75 single,24,-73.0,103.80,https://brandcentral.cambiumnetworks.com/asset/2eb0a206-615f-4203-a1c0-16e5b5a01efe/Cambium_Networks_data_sheet_PTP_670.pdf,حساسیت/توان: جدولِ «Receiver Sensitivity and Transmit Power dBm @ 5.8 GHz» دیتاشیت = User Guide Table 126 (حالتِ IP، باندِ 5.8GHz = 5725-5875MHz). rate_mbps = ظرفیتِ واقعیِ Ethernet (Aggregate = Tx+Rx) در بُردِ صفر، تقارن 1:1، بهینه‌سازیِ IP (User Guide Table 134)، نه نرخِ فیزیکی؛ جدولِ Throughput@5km دیتاشیت با برچسبِ ردیف‌ها ناسازگار است (استفاده نشد). برچسبِ ردیفِ ۳ در دیتاشیت «QPSK 0.87 Dual» چاپ شده که در User Guide «single» است؛ برچسبِ User Guide آمد. (Tx/Rx جدا: 51.90/51.90 Mbps)
6a5cbe7089e6bfd0ee962840,DN-0215,5725-5875,40,64QAM 0.75 single,24,-71.8,141.72,https://brandcentral.cambiumnetworks.com/asset/2eb0a206-615f-4203-a1c0-16e5b5a01efe/Cambium_Networks_data_sheet_PTP_670.pdf,حساسیت/توان: جدولِ «Receiver Sensitivity and Transmit Power dBm @ 5.8 GHz» دیتاشیت = User Guide Table 126 (حالتِ IP، باندِ 5.8GHz = 5725-5875MHz). rate_mbps = ظرفیتِ واقعیِ Ethernet (Aggregate = Tx+Rx) در بُردِ صفر، تقارن 1:1، بهینه‌سازیِ IP (User Guide Table 134)، نه نرخِ فیزیکی؛ جدولِ Throughput@5km دیتاشیت با برچسبِ ردیف‌ها ناسازگار است (استفاده نشد). برچسبِ ردیفِ ۳ در دیتاشیت «QPSK 0.87 Dual» چاپ شده که در User Guide «single» است؛ برچسبِ User Guide آمد. (Tx/Rx جدا: 70.86/70.86 Mbps)
6a5cbe7089e6bfd0ee962840,DN-0215,5725-5875,45,64QAM 0.75 single,24,-71.2,155.29,https://brandcentral.cambiumnetworks.com/asset/2eb0a206-615f-4203-a1c0-16e5b5a01efe/Cambium_Networks_data_sheet_PTP_670.pdf,حساسیت/توان: جدولِ «Receiver Sensitivity and Transmit Power dBm @ 5.8 GHz» دیتاشیت = User Guide Table 126 (حالتِ IP، باندِ 5.8GHz = 5725-5875MHz). rate_mbps = ظرفیتِ واقعیِ Ethernet (Aggregate = Tx+Rx) در بُردِ صفر، تقارن 1:1، بهینه‌سازیِ IP (User Guide Table 134)، نه نرخِ فیزیکی؛ جدولِ Throughput@5km دیتاشیت با برچسبِ ردیف‌ها ناسازگار است (استفاده نشد). برچسبِ ردیفِ ۳ در دیتاشیت «QPSK 0.87 Dual» چاپ شده که در User Guide «single» است؛ برچسبِ User Guide آمد. (Tx/Rx جدا: 77.65/77.65 Mbps)
6a5cbe7089e6bfd0ee962840,DN-0215,5725-5875,5,64QAM 0.75 dual,24,-76.7,33.24,https://brandcentral.cambiumnetworks.com/asset/2eb0a206-615f-4203-a1c0-16e5b5a01efe/Cambium_Networks_data_sheet_PTP_670.pdf,حساسیت/توان: جدولِ «Receiver Sensitivity and Transmit Power dBm @ 5.8 GHz» دیتاشیت = User Guide Table 126 (حالتِ IP، باندِ 5.8GHz = 5725-5875MHz). rate_mbps = ظرفیتِ واقعیِ Ethernet (Aggregate = Tx+Rx) در بُردِ صفر، تقارن 1:1، بهینه‌سازیِ IP (User Guide Table 134)، نه نرخِ فیزیکی؛ جدولِ Throughput@5km دیتاشیت با برچسبِ ردیف‌ها ناسازگار است (استفاده نشد). برچسبِ ردیفِ ۳ در دیتاشیت «QPSK 0.87 Dual» چاپ شده که در User Guide «single» است؛ برچسبِ User Guide آمد. (Tx/Rx جدا: 16.62/16.62 Mbps)
6a5cbe7089e6bfd0ee962840,DN-0215,5725-5875,10,64QAM 0.75 dual,24,-74.7,68.82,https://brandcentral.cambiumnetworks.com/asset/2eb0a206-615f-4203-a1c0-16e5b5a01efe/Cambium_Networks_data_sheet_PTP_670.pdf,حساسیت/توان: جدولِ «Receiver Sensitivity and Transmit Power dBm @ 5.8 GHz» دیتاشیت = User Guide Table 126 (حالتِ IP، باندِ 5.8GHz = 5725-5875MHz). rate_mbps = ظرفیتِ واقعیِ Ethernet (Aggregate = Tx+Rx) در بُردِ صفر، تقارن 1:1، بهینه‌سازیِ IP (User Guide Table 134)، نه نرخِ فیزیکی؛ جدولِ Throughput@5km دیتاشیت با برچسبِ ردیف‌ها ناسازگار است (استفاده نشد). برچسبِ ردیفِ ۳ در دیتاشیت «QPSK 0.87 Dual» چاپ شده که در User Guide «single» است؛ برچسبِ User Guide آمد. (Tx/Rx جدا: 34.41/34.41 Mbps)
6a5cbe7089e6bfd0ee962840,DN-0215,5725-5875,15,64QAM 0.75 dual,24,-72.9,103.54,https://brandcentral.cambiumnetworks.com/asset/2eb0a206-615f-4203-a1c0-16e5b5a01efe/Cambium_Networks_data_sheet_PTP_670.pdf,حساسیت/توان: جدولِ «Receiver Sensitivity and Transmit Power dBm @ 5.8 GHz» دیتاشیت = User Guide Table 126 (حالتِ IP، باندِ 5.8GHz = 5725-5875MHz). rate_mbps = ظرفیتِ واقعیِ Ethernet (Aggregate = Tx+Rx) در بُردِ صفر، تقارن 1:1، بهینه‌سازیِ IP (User Guide Table 134)، نه نرخِ فیزیکی؛ جدولِ Throughput@5km دیتاشیت با برچسبِ ردیف‌ها ناسازگار است (استفاده نشد). برچسبِ ردیفِ ۳ در دیتاشیت «QPSK 0.87 Dual» چاپ شده که در User Guide «single» است؛ برچسبِ User Guide آمد. (Tx/Rx جدا: 51.77/51.77 Mbps)
6a5cbe7089e6bfd0ee962840,DN-0215,5725-5875,20,64QAM 0.75 dual,24,-71.6,137.42,https://brandcentral.cambiumnetworks.com/asset/2eb0a206-615f-4203-a1c0-16e5b5a01efe/Cambium_Networks_data_sheet_PTP_670.pdf,حساسیت/توان: جدولِ «Receiver Sensitivity and Transmit Power dBm @ 5.8 GHz» دیتاشیت = User Guide Table 126 (حالتِ IP، باندِ 5.8GHz = 5725-5875MHz). rate_mbps = ظرفیتِ واقعیِ Ethernet (Aggregate = Tx+Rx) در بُردِ صفر، تقارن 1:1، بهینه‌سازیِ IP (User Guide Table 134)، نه نرخِ فیزیکی؛ جدولِ Throughput@5km دیتاشیت با برچسبِ ردیف‌ها ناسازگار است (استفاده نشد). برچسبِ ردیفِ ۳ در دیتاشیت «QPSK 0.87 Dual» چاپ شده که در User Guide «single» است؛ برچسبِ User Guide آمد. (Tx/Rx جدا: 68.71/68.71 Mbps)
6a5cbe7089e6bfd0ee962840,DN-0215,5725-5875,30,64QAM 0.75 dual,24,-69.9,207.60,https://brandcentral.cambiumnetworks.com/asset/2eb0a206-615f-4203-a1c0-16e5b5a01efe/Cambium_Networks_data_sheet_PTP_670.pdf,حساسیت/توان: جدولِ «Receiver Sensitivity and Transmit Power dBm @ 5.8 GHz» دیتاشیت = User Guide Table 126 (حالتِ IP، باندِ 5.8GHz = 5725-5875MHz). rate_mbps = ظرفیتِ واقعیِ Ethernet (Aggregate = Tx+Rx) در بُردِ صفر، تقارن 1:1، بهینه‌سازیِ IP (User Guide Table 134)، نه نرخِ فیزیکی؛ جدولِ Throughput@5km دیتاشیت با برچسبِ ردیف‌ها ناسازگار است (استفاده نشد). برچسبِ ردیفِ ۳ در دیتاشیت «QPSK 0.87 Dual» چاپ شده که در User Guide «single» است؛ برچسبِ User Guide آمد. (Tx/Rx جدا: 103.80/103.80 Mbps)
6a5cbe7089e6bfd0ee962840,DN-0215,5725-5875,40,64QAM 0.75 dual,24,-68.6,283.44,https://brandcentral.cambiumnetworks.com/asset/2eb0a206-615f-4203-a1c0-16e5b5a01efe/Cambium_Networks_data_sheet_PTP_670.pdf,حساسیت/توان: جدولِ «Receiver Sensitivity and Transmit Power dBm @ 5.8 GHz» دیتاشیت = User Guide Table 126 (حالتِ IP، باندِ 5.8GHz = 5725-5875MHz). rate_mbps = ظرفیتِ واقعیِ Ethernet (Aggregate = Tx+Rx) در بُردِ صفر، تقارن 1:1، بهینه‌سازیِ IP (User Guide Table 134)، نه نرخِ فیزیکی؛ جدولِ Throughput@5km دیتاشیت با برچسبِ ردیف‌ها ناسازگار است (استفاده نشد). برچسبِ ردیفِ ۳ در دیتاشیت «QPSK 0.87 Dual» چاپ شده که در User Guide «single» است؛ برچسبِ User Guide آمد. (Tx/Rx جدا: 141.72/141.72 Mbps)
6a5cbe7089e6bfd0ee962840,DN-0215,5725-5875,45,64QAM 0.75 dual,24,-68.1,310.59,https://brandcentral.cambiumnetworks.com/asset/2eb0a206-615f-4203-a1c0-16e5b5a01efe/Cambium_Networks_data_sheet_PTP_670.pdf,حساسیت/توان: جدولِ «Receiver Sensitivity and Transmit Power dBm @ 5.8 GHz» دیتاشیت = User Guide Table 126 (حالتِ IP، باندِ 5.8GHz = 5725-5875MHz). rate_mbps = ظرفیتِ واقعیِ Ethernet (Aggregate = Tx+Rx) در بُردِ صفر، تقارن 1:1، بهینه‌سازیِ IP (User Guide Table 134)، نه نرخِ فیزیکی؛ جدولِ Throughput@5km دیتاشیت با برچسبِ ردیف‌ها ناسازگار است (استفاده نشد). برچسبِ ردیفِ ۳ در دیتاشیت «QPSK 0.87 Dual» چاپ شده که در User Guide «single» است؛ برچسبِ User Guide آمد. (Tx/Rx جدا: 155.29/155.29 Mbps)
6a5cbe7089e6bfd0ee962840,DN-0215,5725-5875,5,64QAM 0.92 single,24,-75.8,20.34,https://brandcentral.cambiumnetworks.com/asset/2eb0a206-615f-4203-a1c0-16e5b5a01efe/Cambium_Networks_data_sheet_PTP_670.pdf,حساسیت/توان: جدولِ «Receiver Sensitivity and Transmit Power dBm @ 5.8 GHz» دیتاشیت = User Guide Table 126 (حالتِ IP، باندِ 5.8GHz = 5725-5875MHz). rate_mbps = ظرفیتِ واقعیِ Ethernet (Aggregate = Tx+Rx) در بُردِ صفر، تقارن 1:1، بهینه‌سازیِ IP (User Guide Table 134)، نه نرخِ فیزیکی؛ جدولِ Throughput@5km دیتاشیت با برچسبِ ردیف‌ها ناسازگار است (استفاده نشد). برچسبِ ردیفِ ۳ در دیتاشیت «QPSK 0.87 Dual» چاپ شده که در User Guide «single» است؛ برچسبِ User Guide آمد. (Tx/Rx جدا: 10.17/10.17 Mbps)
6a5cbe7089e6bfd0ee962840,DN-0215,5725-5875,10,64QAM 0.92 single,24,-73.8,42.11,https://brandcentral.cambiumnetworks.com/asset/2eb0a206-615f-4203-a1c0-16e5b5a01efe/Cambium_Networks_data_sheet_PTP_670.pdf,حساسیت/توان: جدولِ «Receiver Sensitivity and Transmit Power dBm @ 5.8 GHz» دیتاشیت = User Guide Table 126 (حالتِ IP، باندِ 5.8GHz = 5725-5875MHz). rate_mbps = ظرفیتِ واقعیِ Ethernet (Aggregate = Tx+Rx) در بُردِ صفر، تقارن 1:1، بهینه‌سازیِ IP (User Guide Table 134)، نه نرخِ فیزیکی؛ جدولِ Throughput@5km دیتاشیت با برچسبِ ردیف‌ها ناسازگار است (استفاده نشد). برچسبِ ردیفِ ۳ در دیتاشیت «QPSK 0.87 Dual» چاپ شده که در User Guide «single» است؛ برچسبِ User Guide آمد. (Tx/Rx جدا: 21.05/21.05 Mbps)
6a5cbe7089e6bfd0ee962840,DN-0215,5725-5875,15,64QAM 0.92 single,24,-72.1,63.35,https://brandcentral.cambiumnetworks.com/asset/2eb0a206-615f-4203-a1c0-16e5b5a01efe/Cambium_Networks_data_sheet_PTP_670.pdf,حساسیت/توان: جدولِ «Receiver Sensitivity and Transmit Power dBm @ 5.8 GHz» دیتاشیت = User Guide Table 126 (حالتِ IP، باندِ 5.8GHz = 5725-5875MHz). rate_mbps = ظرفیتِ واقعیِ Ethernet (Aggregate = Tx+Rx) در بُردِ صفر، تقارن 1:1، بهینه‌سازیِ IP (User Guide Table 134)، نه نرخِ فیزیکی؛ جدولِ Throughput@5km دیتاشیت با برچسبِ ردیف‌ها ناسازگار است (استفاده نشد). برچسبِ ردیفِ ۳ در دیتاشیت «QPSK 0.87 Dual» چاپ شده که در User Guide «single» است؛ برچسبِ User Guide آمد. (Tx/Rx جدا: 31.67/31.67 Mbps)
6a5cbe7089e6bfd0ee962840,DN-0215,5725-5875,20,64QAM 0.92 single,24,-70.8,84.08,https://brandcentral.cambiumnetworks.com/asset/2eb0a206-615f-4203-a1c0-16e5b5a01efe/Cambium_Networks_data_sheet_PTP_670.pdf,حساسیت/توان: جدولِ «Receiver Sensitivity and Transmit Power dBm @ 5.8 GHz» دیتاشیت = User Guide Table 126 (حالتِ IP، باندِ 5.8GHz = 5725-5875MHz). rate_mbps = ظرفیتِ واقعیِ Ethernet (Aggregate = Tx+Rx) در بُردِ صفر، تقارن 1:1، بهینه‌سازیِ IP (User Guide Table 134)، نه نرخِ فیزیکی؛ جدولِ Throughput@5km دیتاشیت با برچسبِ ردیف‌ها ناسازگار است (استفاده نشد). برچسبِ ردیفِ ۳ در دیتاشیت «QPSK 0.87 Dual» چاپ شده که در User Guide «single» است؛ برچسبِ User Guide آمد. (Tx/Rx جدا: 42.04/42.04 Mbps)
6a5cbe7089e6bfd0ee962840,DN-0215,5725-5875,30,64QAM 0.92 single,24,-69.1,127.02,https://brandcentral.cambiumnetworks.com/asset/2eb0a206-615f-4203-a1c0-16e5b5a01efe/Cambium_Networks_data_sheet_PTP_670.pdf,حساسیت/توان: جدولِ «Receiver Sensitivity and Transmit Power dBm @ 5.8 GHz» دیتاشیت = User Guide Table 126 (حالتِ IP، باندِ 5.8GHz = 5725-5875MHz). rate_mbps = ظرفیتِ واقعیِ Ethernet (Aggregate = Tx+Rx) در بُردِ صفر، تقارن 1:1، بهینه‌سازیِ IP (User Guide Table 134)، نه نرخِ فیزیکی؛ جدولِ Throughput@5km دیتاشیت با برچسبِ ردیف‌ها ناسازگار است (استفاده نشد). برچسبِ ردیفِ ۳ در دیتاشیت «QPSK 0.87 Dual» چاپ شده که در User Guide «single» است؛ برچسبِ User Guide آمد. (Tx/Rx جدا: 63.51/63.51 Mbps)
6a5cbe7089e6bfd0ee962840,DN-0215,5725-5875,40,64QAM 0.92 single,24,-67.8,173.42,https://brandcentral.cambiumnetworks.com/asset/2eb0a206-615f-4203-a1c0-16e5b5a01efe/Cambium_Networks_data_sheet_PTP_670.pdf,حساسیت/توان: جدولِ «Receiver Sensitivity and Transmit Power dBm @ 5.8 GHz» دیتاشیت = User Guide Table 126 (حالتِ IP، باندِ 5.8GHz = 5725-5875MHz). rate_mbps = ظرفیتِ واقعیِ Ethernet (Aggregate = Tx+Rx) در بُردِ صفر، تقارن 1:1، بهینه‌سازیِ IP (User Guide Table 134)، نه نرخِ فیزیکی؛ جدولِ Throughput@5km دیتاشیت با برچسبِ ردیف‌ها ناسازگار است (استفاده نشد). برچسبِ ردیفِ ۳ در دیتاشیت «QPSK 0.87 Dual» چاپ شده که در User Guide «single» است؛ برچسبِ User Guide آمد. (Tx/Rx جدا: 86.71/86.71 Mbps)
6a5cbe7089e6bfd0ee962840,DN-0215,5725-5875,45,64QAM 0.92 single,24,-67.3,190.03,https://brandcentral.cambiumnetworks.com/asset/2eb0a206-615f-4203-a1c0-16e5b5a01efe/Cambium_Networks_data_sheet_PTP_670.pdf,حساسیت/توان: جدولِ «Receiver Sensitivity and Transmit Power dBm @ 5.8 GHz» دیتاشیت = User Guide Table 126 (حالتِ IP، باندِ 5.8GHz = 5725-5875MHz). rate_mbps = ظرفیتِ واقعیِ Ethernet (Aggregate = Tx+Rx) در بُردِ صفر، تقارن 1:1، بهینه‌سازیِ IP (User Guide Table 134)، نه نرخِ فیزیکی؛ جدولِ Throughput@5km دیتاشیت با برچسبِ ردیف‌ها ناسازگار است (استفاده نشد). برچسبِ ردیفِ ۳ در دیتاشیت «QPSK 0.87 Dual» چاپ شده که در User Guide «single» است؛ برچسبِ User Guide آمد. (Tx/Rx جدا: 95.02/95.02 Mbps)
6a5cbe7089e6bfd0ee962840,DN-0215,5725-5875,5,64QAM 0.92 dual,24,-72.5,40.68,https://brandcentral.cambiumnetworks.com/asset/2eb0a206-615f-4203-a1c0-16e5b5a01efe/Cambium_Networks_data_sheet_PTP_670.pdf,حساسیت/توان: جدولِ «Receiver Sensitivity and Transmit Power dBm @ 5.8 GHz» دیتاشیت = User Guide Table 126 (حالتِ IP، باندِ 5.8GHz = 5725-5875MHz). rate_mbps = ظرفیتِ واقعیِ Ethernet (Aggregate = Tx+Rx) در بُردِ صفر، تقارن 1:1، بهینه‌سازیِ IP (User Guide Table 134)، نه نرخِ فیزیکی؛ جدولِ Throughput@5km دیتاشیت با برچسبِ ردیف‌ها ناسازگار است (استفاده نشد). برچسبِ ردیفِ ۳ در دیتاشیت «QPSK 0.87 Dual» چاپ شده که در User Guide «single» است؛ برچسبِ User Guide آمد. (Tx/Rx جدا: 20.34/20.34 Mbps)
6a5cbe7089e6bfd0ee962840,DN-0215,5725-5875,10,64QAM 0.92 dual,24,-70.5,84.22,https://brandcentral.cambiumnetworks.com/asset/2eb0a206-615f-4203-a1c0-16e5b5a01efe/Cambium_Networks_data_sheet_PTP_670.pdf,حساسیت/توان: جدولِ «Receiver Sensitivity and Transmit Power dBm @ 5.8 GHz» دیتاشیت = User Guide Table 126 (حالتِ IP، باندِ 5.8GHz = 5725-5875MHz). rate_mbps = ظرفیتِ واقعیِ Ethernet (Aggregate = Tx+Rx) در بُردِ صفر، تقارن 1:1، بهینه‌سازیِ IP (User Guide Table 134)، نه نرخِ فیزیکی؛ جدولِ Throughput@5km دیتاشیت با برچسبِ ردیف‌ها ناسازگار است (استفاده نشد). برچسبِ ردیفِ ۳ در دیتاشیت «QPSK 0.87 Dual» چاپ شده که در User Guide «single» است؛ برچسبِ User Guide آمد. (Tx/Rx جدا: 42.11/42.11 Mbps)
6a5cbe7089e6bfd0ee962840,DN-0215,5725-5875,15,64QAM 0.92 dual,24,-68.8,126.70,https://brandcentral.cambiumnetworks.com/asset/2eb0a206-615f-4203-a1c0-16e5b5a01efe/Cambium_Networks_data_sheet_PTP_670.pdf,حساسیت/توان: جدولِ «Receiver Sensitivity and Transmit Power dBm @ 5.8 GHz» دیتاشیت = User Guide Table 126 (حالتِ IP، باندِ 5.8GHz = 5725-5875MHz). rate_mbps = ظرفیتِ واقعیِ Ethernet (Aggregate = Tx+Rx) در بُردِ صفر، تقارن 1:1، بهینه‌سازیِ IP (User Guide Table 134)، نه نرخِ فیزیکی؛ جدولِ Throughput@5km دیتاشیت با برچسبِ ردیف‌ها ناسازگار است (استفاده نشد). برچسبِ ردیفِ ۳ در دیتاشیت «QPSK 0.87 Dual» چاپ شده که در User Guide «single» است؛ برچسبِ User Guide آمد. (Tx/Rx جدا: 63.35/63.35 Mbps)
6a5cbe7089e6bfd0ee962840,DN-0215,5725-5875,20,64QAM 0.92 dual,24,-67.5,168.16,https://brandcentral.cambiumnetworks.com/asset/2eb0a206-615f-4203-a1c0-16e5b5a01efe/Cambium_Networks_data_sheet_PTP_670.pdf,حساسیت/توان: جدولِ «Receiver Sensitivity and Transmit Power dBm @ 5.8 GHz» دیتاشیت = User Guide Table 126 (حالتِ IP، باندِ 5.8GHz = 5725-5875MHz). rate_mbps = ظرفیتِ واقعیِ Ethernet (Aggregate = Tx+Rx) در بُردِ صفر، تقارن 1:1، بهینه‌سازیِ IP (User Guide Table 134)، نه نرخِ فیزیکی؛ جدولِ Throughput@5km دیتاشیت با برچسبِ ردیف‌ها ناسازگار است (استفاده نشد). برچسبِ ردیفِ ۳ در دیتاشیت «QPSK 0.87 Dual» چاپ شده که در User Guide «single» است؛ برچسبِ User Guide آمد. (Tx/Rx جدا: 84.08/84.08 Mbps)
6a5cbe7089e6bfd0ee962840,DN-0215,5725-5875,30,64QAM 0.92 dual,24,-65.8,254.04,https://brandcentral.cambiumnetworks.com/asset/2eb0a206-615f-4203-a1c0-16e5b5a01efe/Cambium_Networks_data_sheet_PTP_670.pdf,حساسیت/توان: جدولِ «Receiver Sensitivity and Transmit Power dBm @ 5.8 GHz» دیتاشیت = User Guide Table 126 (حالتِ IP، باندِ 5.8GHz = 5725-5875MHz). rate_mbps = ظرفیتِ واقعیِ Ethernet (Aggregate = Tx+Rx) در بُردِ صفر، تقارن 1:1، بهینه‌سازیِ IP (User Guide Table 134)، نه نرخِ فیزیکی؛ جدولِ Throughput@5km دیتاشیت با برچسبِ ردیف‌ها ناسازگار است (استفاده نشد). برچسبِ ردیفِ ۳ در دیتاشیت «QPSK 0.87 Dual» چاپ شده که در User Guide «single» است؛ برچسبِ User Guide آمد. (Tx/Rx جدا: 127.02/127.02 Mbps)
6a5cbe7089e6bfd0ee962840,DN-0215,5725-5875,40,64QAM 0.92 dual,24,-64.5,346.85,https://brandcentral.cambiumnetworks.com/asset/2eb0a206-615f-4203-a1c0-16e5b5a01efe/Cambium_Networks_data_sheet_PTP_670.pdf,حساسیت/توان: جدولِ «Receiver Sensitivity and Transmit Power dBm @ 5.8 GHz» دیتاشیت = User Guide Table 126 (حالتِ IP، باندِ 5.8GHz = 5725-5875MHz). rate_mbps = ظرفیتِ واقعیِ Ethernet (Aggregate = Tx+Rx) در بُردِ صفر، تقارن 1:1، بهینه‌سازیِ IP (User Guide Table 134)، نه نرخِ فیزیکی؛ جدولِ Throughput@5km دیتاشیت با برچسبِ ردیف‌ها ناسازگار است (استفاده نشد). برچسبِ ردیفِ ۳ در دیتاشیت «QPSK 0.87 Dual» چاپ شده که در User Guide «single» است؛ برچسبِ User Guide آمد. (Tx/Rx جدا: 173.42/173.42 Mbps)
6a5cbe7089e6bfd0ee962840,DN-0215,5725-5875,45,64QAM 0.92 dual,24,-64.0,380.07,https://brandcentral.cambiumnetworks.com/asset/2eb0a206-615f-4203-a1c0-16e5b5a01efe/Cambium_Networks_data_sheet_PTP_670.pdf,حساسیت/توان: جدولِ «Receiver Sensitivity and Transmit Power dBm @ 5.8 GHz» دیتاشیت = User Guide Table 126 (حالتِ IP، باندِ 5.8GHz = 5725-5875MHz). rate_mbps = ظرفیتِ واقعیِ Ethernet (Aggregate = Tx+Rx) در بُردِ صفر، تقارن 1:1، بهینه‌سازیِ IP (User Guide Table 134)، نه نرخِ فیزیکی؛ جدولِ Throughput@5km دیتاشیت با برچسبِ ردیف‌ها ناسازگار است (استفاده نشد). برچسبِ ردیفِ ۳ در دیتاشیت «QPSK 0.87 Dual» چاپ شده که در User Guide «single» است؛ برچسبِ User Guide آمد. (Tx/Rx جدا: 190.04/190.04 Mbps)
6a5cbe7089e6bfd0ee962840,DN-0215,5725-5875,5,256QAM 0.81 single,23,-72.5,24.14,https://brandcentral.cambiumnetworks.com/asset/2eb0a206-615f-4203-a1c0-16e5b5a01efe/Cambium_Networks_data_sheet_PTP_670.pdf,حساسیت/توان: جدولِ «Receiver Sensitivity and Transmit Power dBm @ 5.8 GHz» دیتاشیت = User Guide Table 126 (حالتِ IP، باندِ 5.8GHz = 5725-5875MHz). rate_mbps = ظرفیتِ واقعیِ Ethernet (Aggregate = Tx+Rx) در بُردِ صفر، تقارن 1:1، بهینه‌سازیِ IP (User Guide Table 134)، نه نرخِ فیزیکی؛ جدولِ Throughput@5km دیتاشیت با برچسبِ ردیف‌ها ناسازگار است (استفاده نشد). برچسبِ ردیفِ ۳ در دیتاشیت «QPSK 0.87 Dual» چاپ شده که در User Guide «single» است؛ برچسبِ User Guide آمد. (Tx/Rx جدا: 12.07/12.07 Mbps)
6a5cbe7089e6bfd0ee962840,DN-0215,5725-5875,10,256QAM 0.81 single,23,-70.5,49.98,https://brandcentral.cambiumnetworks.com/asset/2eb0a206-615f-4203-a1c0-16e5b5a01efe/Cambium_Networks_data_sheet_PTP_670.pdf,حساسیت/توان: جدولِ «Receiver Sensitivity and Transmit Power dBm @ 5.8 GHz» دیتاشیت = User Guide Table 126 (حالتِ IP، باندِ 5.8GHz = 5725-5875MHz). rate_mbps = ظرفیتِ واقعیِ Ethernet (Aggregate = Tx+Rx) در بُردِ صفر، تقارن 1:1، بهینه‌سازیِ IP (User Guide Table 134)، نه نرخِ فیزیکی؛ جدولِ Throughput@5km دیتاشیت با برچسبِ ردیف‌ها ناسازگار است (استفاده نشد). برچسبِ ردیفِ ۳ در دیتاشیت «QPSK 0.87 Dual» چاپ شده که در User Guide «single» است؛ برچسبِ User Guide آمد. (Tx/Rx جدا: 24.99/24.99 Mbps)
6a5cbe7089e6bfd0ee962840,DN-0215,5725-5875,15,256QAM 0.81 single,23,-68.7,75.19,https://brandcentral.cambiumnetworks.com/asset/2eb0a206-615f-4203-a1c0-16e5b5a01efe/Cambium_Networks_data_sheet_PTP_670.pdf,حساسیت/توان: جدولِ «Receiver Sensitivity and Transmit Power dBm @ 5.8 GHz» دیتاشیت = User Guide Table 126 (حالتِ IP، باندِ 5.8GHz = 5725-5875MHz). rate_mbps = ظرفیتِ واقعیِ Ethernet (Aggregate = Tx+Rx) در بُردِ صفر، تقارن 1:1، بهینه‌سازیِ IP (User Guide Table 134)، نه نرخِ فیزیکی؛ جدولِ Throughput@5km دیتاشیت با برچسبِ ردیف‌ها ناسازگار است (استفاده نشد). برچسبِ ردیفِ ۳ در دیتاشیت «QPSK 0.87 Dual» چاپ شده که در User Guide «single» است؛ برچسبِ User Guide آمد. (Tx/Rx جدا: 37.59/37.59 Mbps)
6a5cbe7089e6bfd0ee962840,DN-0215,5725-5875,20,256QAM 0.81 single,23,-67.4,99.79,https://brandcentral.cambiumnetworks.com/asset/2eb0a206-615f-4203-a1c0-16e5b5a01efe/Cambium_Networks_data_sheet_PTP_670.pdf,حساسیت/توان: جدولِ «Receiver Sensitivity and Transmit Power dBm @ 5.8 GHz» دیتاشیت = User Guide Table 126 (حالتِ IP، باندِ 5.8GHz = 5725-5875MHz). rate_mbps = ظرفیتِ واقعیِ Ethernet (Aggregate = Tx+Rx) در بُردِ صفر، تقارن 1:1، بهینه‌سازیِ IP (User Guide Table 134)، نه نرخِ فیزیکی؛ جدولِ Throughput@5km دیتاشیت با برچسبِ ردیف‌ها ناسازگار است (استفاده نشد). برچسبِ ردیفِ ۳ در دیتاشیت «QPSK 0.87 Dual» چاپ شده که در User Guide «single» است؛ برچسبِ User Guide آمد. (Tx/Rx جدا: 49.90/49.90 Mbps)
6a5cbe7089e6bfd0ee962840,DN-0215,5725-5875,30,256QAM 0.81 single,23,-65.7,150.76,https://brandcentral.cambiumnetworks.com/asset/2eb0a206-615f-4203-a1c0-16e5b5a01efe/Cambium_Networks_data_sheet_PTP_670.pdf,حساسیت/توان: جدولِ «Receiver Sensitivity and Transmit Power dBm @ 5.8 GHz» دیتاشیت = User Guide Table 126 (حالتِ IP، باندِ 5.8GHz = 5725-5875MHz). rate_mbps = ظرفیتِ واقعیِ Ethernet (Aggregate = Tx+Rx) در بُردِ صفر، تقارن 1:1، بهینه‌سازیِ IP (User Guide Table 134)، نه نرخِ فیزیکی؛ جدولِ Throughput@5km دیتاشیت با برچسبِ ردیف‌ها ناسازگار است (استفاده نشد). برچسبِ ردیفِ ۳ در دیتاشیت «QPSK 0.87 Dual» چاپ شده که در User Guide «single» است؛ برچسبِ User Guide آمد. (Tx/Rx جدا: 75.38/75.38 Mbps)
6a5cbe7089e6bfd0ee962840,DN-0215,5725-5875,40,256QAM 0.81 single,23,-64.4,205.83,https://brandcentral.cambiumnetworks.com/asset/2eb0a206-615f-4203-a1c0-16e5b5a01efe/Cambium_Networks_data_sheet_PTP_670.pdf,حساسیت/توان: جدولِ «Receiver Sensitivity and Transmit Power dBm @ 5.8 GHz» دیتاشیت = User Guide Table 126 (حالتِ IP، باندِ 5.8GHz = 5725-5875MHz). rate_mbps = ظرفیتِ واقعیِ Ethernet (Aggregate = Tx+Rx) در بُردِ صفر، تقارن 1:1، بهینه‌سازیِ IP (User Guide Table 134)، نه نرخِ فیزیکی؛ جدولِ Throughput@5km دیتاشیت با برچسبِ ردیف‌ها ناسازگار است (استفاده نشد). برچسبِ ردیفِ ۳ در دیتاشیت «QPSK 0.87 Dual» چاپ شده که در User Guide «single» است؛ برچسبِ User Guide آمد. (Tx/Rx جدا: 102.92/102.92 Mbps)
6a5cbe7089e6bfd0ee962840,DN-0215,5725-5875,45,256QAM 0.81 single,23,-63.9,225.55,https://brandcentral.cambiumnetworks.com/asset/2eb0a206-615f-4203-a1c0-16e5b5a01efe/Cambium_Networks_data_sheet_PTP_670.pdf,حساسیت/توان: جدولِ «Receiver Sensitivity and Transmit Power dBm @ 5.8 GHz» دیتاشیت = User Guide Table 126 (حالتِ IP، باندِ 5.8GHz = 5725-5875MHz). rate_mbps = ظرفیتِ واقعیِ Ethernet (Aggregate = Tx+Rx) در بُردِ صفر، تقارن 1:1، بهینه‌سازیِ IP (User Guide Table 134)، نه نرخِ فیزیکی؛ جدولِ Throughput@5km دیتاشیت با برچسبِ ردیف‌ها ناسازگار است (استفاده نشد). برچسبِ ردیفِ ۳ در دیتاشیت «QPSK 0.87 Dual» چاپ شده که در User Guide «single» است؛ برچسبِ User Guide آمد. (Tx/Rx جدا: 112.78/112.78 Mbps)
6a5cbe7089e6bfd0ee962840,DN-0215,5725-5875,5,256QAM 0.81 dual,23,-68.8,48.28,https://brandcentral.cambiumnetworks.com/asset/2eb0a206-615f-4203-a1c0-16e5b5a01efe/Cambium_Networks_data_sheet_PTP_670.pdf,حساسیت/توان: جدولِ «Receiver Sensitivity and Transmit Power dBm @ 5.8 GHz» دیتاشیت = User Guide Table 126 (حالتِ IP، باندِ 5.8GHz = 5725-5875MHz). rate_mbps = ظرفیتِ واقعیِ Ethernet (Aggregate = Tx+Rx) در بُردِ صفر، تقارن 1:1، بهینه‌سازیِ IP (User Guide Table 134)، نه نرخِ فیزیکی؛ جدولِ Throughput@5km دیتاشیت با برچسبِ ردیف‌ها ناسازگار است (استفاده نشد). برچسبِ ردیفِ ۳ در دیتاشیت «QPSK 0.87 Dual» چاپ شده که در User Guide «single» است؛ برچسبِ User Guide آمد. (Tx/Rx جدا: 24.14/24.14 Mbps)
6a5cbe7089e6bfd0ee962840,DN-0215,5725-5875,10,256QAM 0.81 dual,23,-66.8,99.96,https://brandcentral.cambiumnetworks.com/asset/2eb0a206-615f-4203-a1c0-16e5b5a01efe/Cambium_Networks_data_sheet_PTP_670.pdf,حساسیت/توان: جدولِ «Receiver Sensitivity and Transmit Power dBm @ 5.8 GHz» دیتاشیت = User Guide Table 126 (حالتِ IP، باندِ 5.8GHz = 5725-5875MHz). rate_mbps = ظرفیتِ واقعیِ Ethernet (Aggregate = Tx+Rx) در بُردِ صفر، تقارن 1:1، بهینه‌سازیِ IP (User Guide Table 134)، نه نرخِ فیزیکی؛ جدولِ Throughput@5km دیتاشیت با برچسبِ ردیف‌ها ناسازگار است (استفاده نشد). برچسبِ ردیفِ ۳ در دیتاشیت «QPSK 0.87 Dual» چاپ شده که در User Guide «single» است؛ برچسبِ User Guide آمد. (Tx/Rx جدا: 49.98/49.98 Mbps)
6a5cbe7089e6bfd0ee962840,DN-0215,5725-5875,15,256QAM 0.81 dual,23,-65.0,150.38,https://brandcentral.cambiumnetworks.com/asset/2eb0a206-615f-4203-a1c0-16e5b5a01efe/Cambium_Networks_data_sheet_PTP_670.pdf,حساسیت/توان: جدولِ «Receiver Sensitivity and Transmit Power dBm @ 5.8 GHz» دیتاشیت = User Guide Table 126 (حالتِ IP، باندِ 5.8GHz = 5725-5875MHz). rate_mbps = ظرفیتِ واقعیِ Ethernet (Aggregate = Tx+Rx) در بُردِ صفر، تقارن 1:1، بهینه‌سازیِ IP (User Guide Table 134)، نه نرخِ فیزیکی؛ جدولِ Throughput@5km دیتاشیت با برچسبِ ردیف‌ها ناسازگار است (استفاده نشد). برچسبِ ردیفِ ۳ در دیتاشیت «QPSK 0.87 Dual» چاپ شده که در User Guide «single» است؛ برچسبِ User Guide آمد. (Tx/Rx جدا: 75.19/75.19 Mbps)
6a5cbe7089e6bfd0ee962840,DN-0215,5725-5875,20,256QAM 0.81 dual,23,-63.8,199.59,https://brandcentral.cambiumnetworks.com/asset/2eb0a206-615f-4203-a1c0-16e5b5a01efe/Cambium_Networks_data_sheet_PTP_670.pdf,حساسیت/توان: جدولِ «Receiver Sensitivity and Transmit Power dBm @ 5.8 GHz» دیتاشیت = User Guide Table 126 (حالتِ IP، باندِ 5.8GHz = 5725-5875MHz). rate_mbps = ظرفیتِ واقعیِ Ethernet (Aggregate = Tx+Rx) در بُردِ صفر، تقارن 1:1، بهینه‌سازیِ IP (User Guide Table 134)، نه نرخِ فیزیکی؛ جدولِ Throughput@5km دیتاشیت با برچسبِ ردیف‌ها ناسازگار است (استفاده نشد). برچسبِ ردیفِ ۳ در دیتاشیت «QPSK 0.87 Dual» چاپ شده که در User Guide «single» است؛ برچسبِ User Guide آمد. (Tx/Rx جدا: 99.80/99.80 Mbps)
6a5cbe7089e6bfd0ee962840,DN-0215,5725-5875,30,256QAM 0.81 dual,23,-62.0,301.53,https://brandcentral.cambiumnetworks.com/asset/2eb0a206-615f-4203-a1c0-16e5b5a01efe/Cambium_Networks_data_sheet_PTP_670.pdf,حساسیت/توان: جدولِ «Receiver Sensitivity and Transmit Power dBm @ 5.8 GHz» دیتاشیت = User Guide Table 126 (حالتِ IP، باندِ 5.8GHz = 5725-5875MHz). rate_mbps = ظرفیتِ واقعیِ Ethernet (Aggregate = Tx+Rx) در بُردِ صفر، تقارن 1:1، بهینه‌سازیِ IP (User Guide Table 134)، نه نرخِ فیزیکی؛ جدولِ Throughput@5km دیتاشیت با برچسبِ ردیف‌ها ناسازگار است (استفاده نشد). برچسبِ ردیفِ ۳ در دیتاشیت «QPSK 0.87 Dual» چاپ شده که در User Guide «single» است؛ برچسبِ User Guide آمد. (Tx/Rx جدا: 150.76/150.76 Mbps)
6a5cbe7089e6bfd0ee962840,DN-0215,5725-5875,40,256QAM 0.81 dual,23,-60.8,411.68,https://brandcentral.cambiumnetworks.com/asset/2eb0a206-615f-4203-a1c0-16e5b5a01efe/Cambium_Networks_data_sheet_PTP_670.pdf,حساسیت/توان: جدولِ «Receiver Sensitivity and Transmit Power dBm @ 5.8 GHz» دیتاشیت = User Guide Table 126 (حالتِ IP، باندِ 5.8GHz = 5725-5875MHz). rate_mbps = ظرفیتِ واقعیِ Ethernet (Aggregate = Tx+Rx) در بُردِ صفر، تقارن 1:1، بهینه‌سازیِ IP (User Guide Table 134)، نه نرخِ فیزیکی؛ جدولِ Throughput@5km دیتاشیت با برچسبِ ردیف‌ها ناسازگار است (استفاده نشد). برچسبِ ردیفِ ۳ در دیتاشیت «QPSK 0.87 Dual» چاپ شده که در User Guide «single» است؛ برچسبِ User Guide آمد. (Tx/Rx جدا: 205.84/205.84 Mbps)
6a5cbe7089e6bfd0ee962840,DN-0215,5725-5875,45,256QAM 0.81 dual,23,-60.3,451.11,https://brandcentral.cambiumnetworks.com/asset/2eb0a206-615f-4203-a1c0-16e5b5a01efe/Cambium_Networks_data_sheet_PTP_670.pdf,حساسیت/توان: جدولِ «Receiver Sensitivity and Transmit Power dBm @ 5.8 GHz» دیتاشیت = User Guide Table 126 (حالتِ IP، باندِ 5.8GHz = 5725-5875MHz). rate_mbps = ظرفیتِ واقعیِ Ethernet (Aggregate = Tx+Rx) در بُردِ صفر، تقارن 1:1، بهینه‌سازیِ IP (User Guide Table 134)، نه نرخِ فیزیکی؛ جدولِ Throughput@5km دیتاشیت با برچسبِ ردیف‌ها ناسازگار است (استفاده نشد). برچسبِ ردیفِ ۳ در دیتاشیت «QPSK 0.87 Dual» چاپ شده که در User Guide «single» است؛ برچسبِ User Guide آمد. (Tx/Rx جدا: 225.56/225.56 Mbps)
6a5cbe6e89e6bfd0ee96283e,DN-0217,5925-7125,20,MCS 0 (BPSK),28,-92,,https://brandcentral.cambiumnetworks.com/m/e1aa7c6c90f854f/original/Cambium_Networks_data_sheet_ePMP_Force_4625_SM.pdf,"دیتاشیت فقط دو سرِ جدول را می‌دهد (MCS 0 و بالاترین MCS) به‌ازای هر پهنای کانال؛ جدولِ کاملِ MCS در دیتاشیت نیست. «Nominal Receive Sensitivity (w/FEC) ... (per chain)» -- حساسیت به‌ازای هر زنجیره است. tx_dbm = بیشینهٔ بازهٔ «+3 to +28 dBm (combined, to regional EIRP limit)»، نه مقدارِ اختصاصیِ همین MCS. rate_mbps در منبع نیست. توجه: در دیتاشیتِ 4625 مقدارِ MCS 0 در کانال‌های 80 و 160MHz هر دو -86 و گامِ MCS 11 در 160MHz برابرِ 4dB چاپ شده (در 4600C: -86/-83 و گام 3dB)؛ عیناً همان‌طور که چاپ شده آمد."
6a5cbe6e89e6bfd0ee96283e,DN-0217,5925-7125,20,MCS 11 (1024 QAM-5/6),28,-61,,https://brandcentral.cambiumnetworks.com/m/e1aa7c6c90f854f/original/Cambium_Networks_data_sheet_ePMP_Force_4625_SM.pdf,"دیتاشیت فقط دو سرِ جدول را می‌دهد (MCS 0 و بالاترین MCS) به‌ازای هر پهنای کانال؛ جدولِ کاملِ MCS در دیتاشیت نیست. «Nominal Receive Sensitivity (w/FEC) ... (per chain)» -- حساسیت به‌ازای هر زنجیره است. tx_dbm = بیشینهٔ بازهٔ «+3 to +28 dBm (combined, to regional EIRP limit)»، نه مقدارِ اختصاصیِ همین MCS. rate_mbps در منبع نیست. توجه: در دیتاشیتِ 4625 مقدارِ MCS 0 در کانال‌های 80 و 160MHz هر دو -86 و گامِ MCS 11 در 160MHz برابرِ 4dB چاپ شده (در 4600C: -86/-83 و گام 3dB)؛ عیناً همان‌طور که چاپ شده آمد."
6a5cbe6e89e6bfd0ee96283e,DN-0217,5925-7125,40,MCS 0 (BPSK),28,-89,,https://brandcentral.cambiumnetworks.com/m/e1aa7c6c90f854f/original/Cambium_Networks_data_sheet_ePMP_Force_4625_SM.pdf,"دیتاشیت فقط دو سرِ جدول را می‌دهد (MCS 0 و بالاترین MCS) به‌ازای هر پهنای کانال؛ جدولِ کاملِ MCS در دیتاشیت نیست. «Nominal Receive Sensitivity (w/FEC) ... (per chain)» -- حساسیت به‌ازای هر زنجیره است. tx_dbm = بیشینهٔ بازهٔ «+3 to +28 dBm (combined, to regional EIRP limit)»، نه مقدارِ اختصاصیِ همین MCS. rate_mbps در منبع نیست. توجه: در دیتاشیتِ 4625 مقدارِ MCS 0 در کانال‌های 80 و 160MHz هر دو -86 و گامِ MCS 11 در 160MHz برابرِ 4dB چاپ شده (در 4600C: -86/-83 و گام 3dB)؛ عیناً همان‌طور که چاپ شده آمد."
6a5cbe6e89e6bfd0ee96283e,DN-0217,5925-7125,40,MCS 11 (1024 QAM-5/6),28,-58,,https://brandcentral.cambiumnetworks.com/m/e1aa7c6c90f854f/original/Cambium_Networks_data_sheet_ePMP_Force_4625_SM.pdf,"دیتاشیت فقط دو سرِ جدول را می‌دهد (MCS 0 و بالاترین MCS) به‌ازای هر پهنای کانال؛ جدولِ کاملِ MCS در دیتاشیت نیست. «Nominal Receive Sensitivity (w/FEC) ... (per chain)» -- حساسیت به‌ازای هر زنجیره است. tx_dbm = بیشینهٔ بازهٔ «+3 to +28 dBm (combined, to regional EIRP limit)»، نه مقدارِ اختصاصیِ همین MCS. rate_mbps در منبع نیست. توجه: در دیتاشیتِ 4625 مقدارِ MCS 0 در کانال‌های 80 و 160MHz هر دو -86 و گامِ MCS 11 در 160MHz برابرِ 4dB چاپ شده (در 4600C: -86/-83 و گام 3dB)؛ عیناً همان‌طور که چاپ شده آمد."
6a5cbe6e89e6bfd0ee96283e,DN-0217,5925-7125,80,MCS 0 (BPSK),28,-86,,https://brandcentral.cambiumnetworks.com/m/e1aa7c6c90f854f/original/Cambium_Networks_data_sheet_ePMP_Force_4625_SM.pdf,"دیتاشیت فقط دو سرِ جدول را می‌دهد (MCS 0 و بالاترین MCS) به‌ازای هر پهنای کانال؛ جدولِ کاملِ MCS در دیتاشیت نیست. «Nominal Receive Sensitivity (w/FEC) ... (per chain)» -- حساسیت به‌ازای هر زنجیره است. tx_dbm = بیشینهٔ بازهٔ «+3 to +28 dBm (combined, to regional EIRP limit)»، نه مقدارِ اختصاصیِ همین MCS. rate_mbps در منبع نیست. توجه: در دیتاشیتِ 4625 مقدارِ MCS 0 در کانال‌های 80 و 160MHz هر دو -86 و گامِ MCS 11 در 160MHz برابرِ 4dB چاپ شده (در 4600C: -86/-83 و گام 3dB)؛ عیناً همان‌طور که چاپ شده آمد."
6a5cbe6e89e6bfd0ee96283e,DN-0217,5925-7125,80,MCS 11 (1024 QAM-5/6),28,-55,,https://brandcentral.cambiumnetworks.com/m/e1aa7c6c90f854f/original/Cambium_Networks_data_sheet_ePMP_Force_4625_SM.pdf,"دیتاشیت فقط دو سرِ جدول را می‌دهد (MCS 0 و بالاترین MCS) به‌ازای هر پهنای کانال؛ جدولِ کاملِ MCS در دیتاشیت نیست. «Nominal Receive Sensitivity (w/FEC) ... (per chain)» -- حساسیت به‌ازای هر زنجیره است. tx_dbm = بیشینهٔ بازهٔ «+3 to +28 dBm (combined, to regional EIRP limit)»، نه مقدارِ اختصاصیِ همین MCS. rate_mbps در منبع نیست. توجه: در دیتاشیتِ 4625 مقدارِ MCS 0 در کانال‌های 80 و 160MHz هر دو -86 و گامِ MCS 11 در 160MHz برابرِ 4dB چاپ شده (در 4600C: -86/-83 و گام 3dB)؛ عیناً همان‌طور که چاپ شده آمد."
6a5cbe6e89e6bfd0ee96283e,DN-0217,5925-7125,160,MCS 0 (BPSK),28,-86,,https://brandcentral.cambiumnetworks.com/m/e1aa7c6c90f854f/original/Cambium_Networks_data_sheet_ePMP_Force_4625_SM.pdf,"دیتاشیت فقط دو سرِ جدول را می‌دهد (MCS 0 و بالاترین MCS) به‌ازای هر پهنای کانال؛ جدولِ کاملِ MCS در دیتاشیت نیست. «Nominal Receive Sensitivity (w/FEC) ... (per chain)» -- حساسیت به‌ازای هر زنجیره است. tx_dbm = بیشینهٔ بازهٔ «+3 to +28 dBm (combined, to regional EIRP limit)»، نه مقدارِ اختصاصیِ همین MCS. rate_mbps در منبع نیست. توجه: در دیتاشیتِ 4625 مقدارِ MCS 0 در کانال‌های 80 و 160MHz هر دو -86 و گامِ MCS 11 در 160MHz برابرِ 4dB چاپ شده (در 4600C: -86/-83 و گام 3dB)؛ عیناً همان‌طور که چاپ شده آمد."
6a5cbe6e89e6bfd0ee96283e,DN-0217,5925-7125,160,MCS 11 (1024 QAM-5/6),28,-51,,https://brandcentral.cambiumnetworks.com/m/e1aa7c6c90f854f/original/Cambium_Networks_data_sheet_ePMP_Force_4625_SM.pdf,"دیتاشیت فقط دو سرِ جدول را می‌دهد (MCS 0 و بالاترین MCS) به‌ازای هر پهنای کانال؛ جدولِ کاملِ MCS در دیتاشیت نیست. «Nominal Receive Sensitivity (w/FEC) ... (per chain)» -- حساسیت به‌ازای هر زنجیره است. tx_dbm = بیشینهٔ بازهٔ «+3 to +28 dBm (combined, to regional EIRP limit)»، نه مقدارِ اختصاصیِ همین MCS. rate_mbps در منبع نیست. توجه: در دیتاشیتِ 4625 مقدارِ MCS 0 در کانال‌های 80 و 160MHz هر دو -86 و گامِ MCS 11 در 160MHz برابرِ 4dB چاپ شده (در 4600C: -86/-83 و گام 3dB)؛ عیناً همان‌طور که چاپ شده آمد."
6a5cbe6d89e6bfd0ee96283d,DN-0216,5725-7125,20,MCS 0 (BPSK),28,-92,,https://brandcentral.cambiumnetworks.com/m/346e712e03fd0741/original/Cambium_Networks_data_sheet_ePMP_Force_4600_Series_SM.pdf,"دیتاشیت فقط دو سرِ جدول را می‌دهد (MCS 0 و بالاترین MCS) به‌ازای هر پهنای کانال؛ جدولِ کاملِ MCS در دیتاشیت نیست. «Nominal Receive Sensitivity (w/FEC) ... (per chain)» -- حساسیت به‌ازای هر زنجیره است. tx_dbm = بیشینهٔ بازهٔ «+3 to +28 dBm (combined, to regional EIRP limit)»، نه مقدارِ اختصاصیِ همین MCS. rate_mbps در منبع نیست. فرکانس 5725-5925MHz در دیتاشیت «Performance ... TBD» است."
6a5cbe6d89e6bfd0ee96283d,DN-0216,5725-7125,20,MCS 13 (4096 QAM-5/6),28,-53,,https://brandcentral.cambiumnetworks.com/m/346e712e03fd0741/original/Cambium_Networks_data_sheet_ePMP_Force_4600_Series_SM.pdf,"دیتاشیت فقط دو سرِ جدول را می‌دهد (MCS 0 و بالاترین MCS) به‌ازای هر پهنای کانال؛ جدولِ کاملِ MCS در دیتاشیت نیست. «Nominal Receive Sensitivity (w/FEC) ... (per chain)» -- حساسیت به‌ازای هر زنجیره است. tx_dbm = بیشینهٔ بازهٔ «+3 to +28 dBm (combined, to regional EIRP limit)»، نه مقدارِ اختصاصیِ همین MCS. rate_mbps در منبع نیست. فرکانس 5725-5925MHz در دیتاشیت «Performance ... TBD» است."
6a5cbe6d89e6bfd0ee96283d,DN-0216,5725-7125,40,MCS 0 (BPSK),28,-89,,https://brandcentral.cambiumnetworks.com/m/346e712e03fd0741/original/Cambium_Networks_data_sheet_ePMP_Force_4600_Series_SM.pdf,"دیتاشیت فقط دو سرِ جدول را می‌دهد (MCS 0 و بالاترین MCS) به‌ازای هر پهنای کانال؛ جدولِ کاملِ MCS در دیتاشیت نیست. «Nominal Receive Sensitivity (w/FEC) ... (per chain)» -- حساسیت به‌ازای هر زنجیره است. tx_dbm = بیشینهٔ بازهٔ «+3 to +28 dBm (combined, to regional EIRP limit)»، نه مقدارِ اختصاصیِ همین MCS. rate_mbps در منبع نیست. فرکانس 5725-5925MHz در دیتاشیت «Performance ... TBD» است."
6a5cbe6d89e6bfd0ee96283d,DN-0216,5725-7125,40,MCS 13 (4096 QAM-5/6),28,-50,,https://brandcentral.cambiumnetworks.com/m/346e712e03fd0741/original/Cambium_Networks_data_sheet_ePMP_Force_4600_Series_SM.pdf,"دیتاشیت فقط دو سرِ جدول را می‌دهد (MCS 0 و بالاترین MCS) به‌ازای هر پهنای کانال؛ جدولِ کاملِ MCS در دیتاشیت نیست. «Nominal Receive Sensitivity (w/FEC) ... (per chain)» -- حساسیت به‌ازای هر زنجیره است. tx_dbm = بیشینهٔ بازهٔ «+3 to +28 dBm (combined, to regional EIRP limit)»، نه مقدارِ اختصاصیِ همین MCS. rate_mbps در منبع نیست. فرکانس 5725-5925MHz در دیتاشیت «Performance ... TBD» است."
6a5cbe6d89e6bfd0ee96283d,DN-0216,5725-7125,80,MCS 0 (BPSK),28,-86,,https://brandcentral.cambiumnetworks.com/m/346e712e03fd0741/original/Cambium_Networks_data_sheet_ePMP_Force_4600_Series_SM.pdf,"دیتاشیت فقط دو سرِ جدول را می‌دهد (MCS 0 و بالاترین MCS) به‌ازای هر پهنای کانال؛ جدولِ کاملِ MCS در دیتاشیت نیست. «Nominal Receive Sensitivity (w/FEC) ... (per chain)» -- حساسیت به‌ازای هر زنجیره است. tx_dbm = بیشینهٔ بازهٔ «+3 to +28 dBm (combined, to regional EIRP limit)»، نه مقدارِ اختصاصیِ همین MCS. rate_mbps در منبع نیست. فرکانس 5725-5925MHz در دیتاشیت «Performance ... TBD» است."
6a5cbe6d89e6bfd0ee96283d,DN-0216,5725-7125,80,MCS 13 (4096 QAM-5/6),28,-47,,https://brandcentral.cambiumnetworks.com/m/346e712e03fd0741/original/Cambium_Networks_data_sheet_ePMP_Force_4600_Series_SM.pdf,"دیتاشیت فقط دو سرِ جدول را می‌دهد (MCS 0 و بالاترین MCS) به‌ازای هر پهنای کانال؛ جدولِ کاملِ MCS در دیتاشیت نیست. «Nominal Receive Sensitivity (w/FEC) ... (per chain)» -- حساسیت به‌ازای هر زنجیره است. tx_dbm = بیشینهٔ بازهٔ «+3 to +28 dBm (combined, to regional EIRP limit)»، نه مقدارِ اختصاصیِ همین MCS. rate_mbps در منبع نیست. فرکانس 5725-5925MHz در دیتاشیت «Performance ... TBD» است."
6a5cbe6d89e6bfd0ee96283d,DN-0216,5725-7125,160,MCS 0 (BPSK),28,-83,,https://brandcentral.cambiumnetworks.com/m/346e712e03fd0741/original/Cambium_Networks_data_sheet_ePMP_Force_4600_Series_SM.pdf,"دیتاشیت فقط دو سرِ جدول را می‌دهد (MCS 0 و بالاترین MCS) به‌ازای هر پهنای کانال؛ جدولِ کاملِ MCS در دیتاشیت نیست. «Nominal Receive Sensitivity (w/FEC) ... (per chain)» -- حساسیت به‌ازای هر زنجیره است. tx_dbm = بیشینهٔ بازهٔ «+3 to +28 dBm (combined, to regional EIRP limit)»، نه مقدارِ اختصاصیِ همین MCS. rate_mbps در منبع نیست. فرکانس 5725-5925MHz در دیتاشیت «Performance ... TBD» است."
6a5cbe6d89e6bfd0ee96283d,DN-0216,5725-7125,160,MCS 13 (4096 QAM-5/6),28,-44,,https://brandcentral.cambiumnetworks.com/m/346e712e03fd0741/original/Cambium_Networks_data_sheet_ePMP_Force_4600_Series_SM.pdf,"دیتاشیت فقط دو سرِ جدول را می‌دهد (MCS 0 و بالاترین MCS) به‌ازای هر پهنای کانال؛ جدولِ کاملِ MCS در دیتاشیت نیست. «Nominal Receive Sensitivity (w/FEC) ... (per chain)» -- حساسیت به‌ازای هر زنجیره است. tx_dbm = بیشینهٔ بازهٔ «+3 to +28 dBm (combined, to regional EIRP limit)»، نه مقدارِ اختصاصیِ همین MCS. rate_mbps در منبع نیست. فرکانس 5725-5925MHz در دیتاشیت «Performance ... TBD» است."
6a5cbe6b89e6bfd0ee96283b,DN-0164,4900-6100,80,866 Mbps,25,-71,866,"https://www.ligowave.com/public/downloads/datasheets/LigoPTP/RapidFire%205-N,%205-23%20Datasheet.pdf","جدولِ «Modulation, Mbps / TX Power / Receive sensitivity» دیتاشیت، عنوانِ پهنای کانال ندارد؛ نرخ‌ها همان «Data rates @ 80 MHz» است، پس کانال 80MHz فرض شد. برچسبِ سازنده فقط Mbps است (نرخِ فیزیکی، نه ظرفیتِ واقعی)؛ عددِ MCS داده نشده."
6a5cbe6b89e6bfd0ee96283b,DN-0164,4900-6100,80,780 Mbps,26,-73,780,"https://www.ligowave.com/public/downloads/datasheets/LigoPTP/RapidFire%205-N,%205-23%20Datasheet.pdf","جدولِ «Modulation, Mbps / TX Power / Receive sensitivity» دیتاشیت، عنوانِ پهنای کانال ندارد؛ نرخ‌ها همان «Data rates @ 80 MHz» است، پس کانال 80MHz فرض شد. برچسبِ سازنده فقط Mbps است (نرخِ فیزیکی، نه ظرفیتِ واقعی)؛ عددِ MCS داده نشده."
6a5cbe6b89e6bfd0ee96283b,DN-0164,4900-6100,80,650 Mbps,26,-77,650,"https://www.ligowave.com/public/downloads/datasheets/LigoPTP/RapidFire%205-N,%205-23%20Datasheet.pdf","جدولِ «Modulation, Mbps / TX Power / Receive sensitivity» دیتاشیت، عنوانِ پهنای کانال ندارد؛ نرخ‌ها همان «Data rates @ 80 MHz» است، پس کانال 80MHz فرض شد. برچسبِ سازنده فقط Mbps است (نرخِ فیزیکی، نه ظرفیتِ واقعی)؛ عددِ MCS داده نشده."
6a5cbe6b89e6bfd0ee96283b,DN-0164,4900-6100,80,585 Mbps,27,-79,585,"https://www.ligowave.com/public/downloads/datasheets/LigoPTP/RapidFire%205-N,%205-23%20Datasheet.pdf","جدولِ «Modulation, Mbps / TX Power / Receive sensitivity» دیتاشیت، عنوانِ پهنای کانال ندارد؛ نرخ‌ها همان «Data rates @ 80 MHz» است، پس کانال 80MHz فرض شد. برچسبِ سازنده فقط Mbps است (نرخِ فیزیکی، نه ظرفیتِ واقعی)؛ عددِ MCS داده نشده."
6a5cbe6b89e6bfd0ee96283b,DN-0164,4900-6100,80,520 Mbps,27,-80,520,"https://www.ligowave.com/public/downloads/datasheets/LigoPTP/RapidFire%205-N,%205-23%20Datasheet.pdf","جدولِ «Modulation, Mbps / TX Power / Receive sensitivity» دیتاشیت، عنوانِ پهنای کانال ندارد؛ نرخ‌ها همان «Data rates @ 80 MHz» است، پس کانال 80MHz فرض شد. برچسبِ سازنده فقط Mbps است (نرخِ فیزیکی، نه ظرفیتِ واقعی)؛ عددِ MCS داده نشده."
6a5cbe6b89e6bfd0ee96283b,DN-0164,4900-6100,80,390 Mbps,28,-84,390,"https://www.ligowave.com/public/downloads/datasheets/LigoPTP/RapidFire%205-N,%205-23%20Datasheet.pdf","جدولِ «Modulation, Mbps / TX Power / Receive sensitivity» دیتاشیت، عنوانِ پهنای کانال ندارد؛ نرخ‌ها همان «Data rates @ 80 MHz» است، پس کانال 80MHz فرض شد. برچسبِ سازنده فقط Mbps است (نرخِ فیزیکی، نه ظرفیتِ واقعی)؛ عددِ MCS داده نشده."
6a5cbe6b89e6bfd0ee96283b,DN-0164,4900-6100,80,260 Mbps,29,-87,260,"https://www.ligowave.com/public/downloads/datasheets/LigoPTP/RapidFire%205-N,%205-23%20Datasheet.pdf","جدولِ «Modulation, Mbps / TX Power / Receive sensitivity» دیتاشیت، عنوانِ پهنای کانال ندارد؛ نرخ‌ها همان «Data rates @ 80 MHz» است، پس کانال 80MHz فرض شد. برچسبِ سازنده فقط Mbps است (نرخِ فیزیکی، نه ظرفیتِ واقعی)؛ عددِ MCS داده نشده."
6a5cbe6b89e6bfd0ee96283b,DN-0164,4900-6100,80,195 Mbps,30,-92,195,"https://www.ligowave.com/public/downloads/datasheets/LigoPTP/RapidFire%205-N,%205-23%20Datasheet.pdf","جدولِ «Modulation, Mbps / TX Power / Receive sensitivity» دیتاشیت، عنوانِ پهنای کانال ندارد؛ نرخ‌ها همان «Data rates @ 80 MHz» است، پس کانال 80MHz فرض شد. برچسبِ سازنده فقط Mbps است (نرخِ فیزیکی، نه ظرفیتِ واقعی)؛ عددِ MCS داده نشده."
6a5cbe6b89e6bfd0ee96283b,DN-0164,4900-6100,80,130 Mbps,30,-94,130,"https://www.ligowave.com/public/downloads/datasheets/LigoPTP/RapidFire%205-N,%205-23%20Datasheet.pdf","جدولِ «Modulation, Mbps / TX Power / Receive sensitivity» دیتاشیت، عنوانِ پهنای کانال ندارد؛ نرخ‌ها همان «Data rates @ 80 MHz» است، پس کانال 80MHz فرض شد. برچسبِ سازنده فقط Mbps است (نرخِ فیزیکی، نه ظرفیتِ واقعی)؛ عددِ MCS داده نشده."
6a5cbe6b89e6bfd0ee96283b,DN-0164,4900-6100,80,65 Mbps,31,-97,65,"https://www.ligowave.com/public/downloads/datasheets/LigoPTP/RapidFire%205-N,%205-23%20Datasheet.pdf","جدولِ «Modulation, Mbps / TX Power / Receive sensitivity» دیتاشیت، عنوانِ پهنای کانال ندارد؛ نرخ‌ها همان «Data rates @ 80 MHz» است، پس کانال 80MHz فرض شد. برچسبِ سازنده فقط Mbps است (نرخِ فیزیکی، نه ظرفیتِ واقعی)؛ عددِ MCS داده نشده."
6a5cbe6c89e6bfd0ee96283c,DN-0165,5900-6400,80,866 Mbps,24,-71,866,"https://www.ligowave.com/public/downloads/datasheets/LigoPTP/PTP%206-N,%206-25%20RapidFire.pdf","جدولِ «Modulation, Mbps / TX Power / Receive sensitivity» دیتاشیت، عنوانِ پهنای کانال ندارد؛ نرخ‌ها همان «Data rates @ 80 MHz» است، پس کانال 80MHz فرض شد. برچسبِ سازنده فقط Mbps است (نرخِ فیزیکی، نه ظرفیتِ واقعی)؛ عددِ MCS داده نشده."
6a5cbe6c89e6bfd0ee96283c,DN-0165,5900-6400,80,780 Mbps,25,-73,780,"https://www.ligowave.com/public/downloads/datasheets/LigoPTP/PTP%206-N,%206-25%20RapidFire.pdf","جدولِ «Modulation, Mbps / TX Power / Receive sensitivity» دیتاشیت، عنوانِ پهنای کانال ندارد؛ نرخ‌ها همان «Data rates @ 80 MHz» است، پس کانال 80MHz فرض شد. برچسبِ سازنده فقط Mbps است (نرخِ فیزیکی، نه ظرفیتِ واقعی)؛ عددِ MCS داده نشده."
6a5cbe6c89e6bfd0ee96283c,DN-0165,5900-6400,80,650 Mbps,26,-77,650,"https://www.ligowave.com/public/downloads/datasheets/LigoPTP/PTP%206-N,%206-25%20RapidFire.pdf","جدولِ «Modulation, Mbps / TX Power / Receive sensitivity» دیتاشیت، عنوانِ پهنای کانال ندارد؛ نرخ‌ها همان «Data rates @ 80 MHz» است، پس کانال 80MHz فرض شد. برچسبِ سازنده فقط Mbps است (نرخِ فیزیکی، نه ظرفیتِ واقعی)؛ عددِ MCS داده نشده."
6a5cbe6c89e6bfd0ee96283c,DN-0165,5900-6400,80,585 Mbps,27,-79,585,"https://www.ligowave.com/public/downloads/datasheets/LigoPTP/PTP%206-N,%206-25%20RapidFire.pdf","جدولِ «Modulation, Mbps / TX Power / Receive sensitivity» دیتاشیت، عنوانِ پهنای کانال ندارد؛ نرخ‌ها همان «Data rates @ 80 MHz» است، پس کانال 80MHz فرض شد. برچسبِ سازنده فقط Mbps است (نرخِ فیزیکی، نه ظرفیتِ واقعی)؛ عددِ MCS داده نشده."
6a5cbe6c89e6bfd0ee96283c,DN-0165,5900-6400,80,520 Mbps,28,-80,520,"https://www.ligowave.com/public/downloads/datasheets/LigoPTP/PTP%206-N,%206-25%20RapidFire.pdf","جدولِ «Modulation, Mbps / TX Power / Receive sensitivity» دیتاشیت، عنوانِ پهنای کانال ندارد؛ نرخ‌ها همان «Data rates @ 80 MHz» است، پس کانال 80MHz فرض شد. برچسبِ سازنده فقط Mbps است (نرخِ فیزیکی، نه ظرفیتِ واقعی)؛ عددِ MCS داده نشده."
6a5cbe6c89e6bfd0ee96283c,DN-0165,5900-6400,80,390 Mbps,30,-84,390,"https://www.ligowave.com/public/downloads/datasheets/LigoPTP/PTP%206-N,%206-25%20RapidFire.pdf","جدولِ «Modulation, Mbps / TX Power / Receive sensitivity» دیتاشیت، عنوانِ پهنای کانال ندارد؛ نرخ‌ها همان «Data rates @ 80 MHz» است، پس کانال 80MHz فرض شد. برچسبِ سازنده فقط Mbps است (نرخِ فیزیکی، نه ظرفیتِ واقعی)؛ عددِ MCS داده نشده."
6a5cbe6c89e6bfd0ee96283c,DN-0165,5900-6400,80,260 Mbps,30,-87,260,"https://www.ligowave.com/public/downloads/datasheets/LigoPTP/PTP%206-N,%206-25%20RapidFire.pdf","جدولِ «Modulation, Mbps / TX Power / Receive sensitivity» دیتاشیت، عنوانِ پهنای کانال ندارد؛ نرخ‌ها همان «Data rates @ 80 MHz» است، پس کانال 80MHz فرض شد. برچسبِ سازنده فقط Mbps است (نرخِ فیزیکی، نه ظرفیتِ واقعی)؛ عددِ MCS داده نشده."
6a5cbe6c89e6bfd0ee96283c,DN-0165,5900-6400,80,195 Mbps,30,-92,195,"https://www.ligowave.com/public/downloads/datasheets/LigoPTP/PTP%206-N,%206-25%20RapidFire.pdf","جدولِ «Modulation, Mbps / TX Power / Receive sensitivity» دیتاشیت، عنوانِ پهنای کانال ندارد؛ نرخ‌ها همان «Data rates @ 80 MHz» است، پس کانال 80MHz فرض شد. برچسبِ سازنده فقط Mbps است (نرخِ فیزیکی، نه ظرفیتِ واقعی)؛ عددِ MCS داده نشده."
6a5cbe6c89e6bfd0ee96283c,DN-0165,5900-6400,80,130 Mbps,30,-94,130,"https://www.ligowave.com/public/downloads/datasheets/LigoPTP/PTP%206-N,%206-25%20RapidFire.pdf","جدولِ «Modulation, Mbps / TX Power / Receive sensitivity» دیتاشیت، عنوانِ پهنای کانال ندارد؛ نرخ‌ها همان «Data rates @ 80 MHz» است، پس کانال 80MHz فرض شد. برچسبِ سازنده فقط Mbps است (نرخِ فیزیکی، نه ظرفیتِ واقعی)؛ عددِ MCS داده نشده."
6a5cbe6c89e6bfd0ee96283c,DN-0165,5900-6400,80,65 Mbps,30,-97,65,"https://www.ligowave.com/public/downloads/datasheets/LigoPTP/PTP%206-N,%206-25%20RapidFire.pdf","جدولِ «Modulation, Mbps / TX Power / Receive sensitivity» دیتاشیت، عنوانِ پهنای کانال ندارد؛ نرخ‌ها همان «Data rates @ 80 MHz» است، پس کانال 80MHz فرض شد. برچسبِ سازنده فقط Mbps است (نرخِ فیزیکی، نه ظرفیتِ واقعی)؛ عددِ MCS داده نشده."
6a5cbe5c89e6bfd0ee96282d,DN-0163,5150-5850,40,400 Mbps,26,-70,400,https://www.ligowave.com/public/downloads/datasheets/LigoDLB%20ac/LigoDLB_5ac.pdf,"جدولِ دیتاشیتِ LigoDLB 5ac برای دو پهنای کانال (40 و 80MHz)؛ برچسبِ سازنده فقط «Modulation, Mbps» است (نرخِ فیزیکیِ 802.11ac، نه ظرفیتِ واقعی). کانال‌های 5/10/20MHz هرچند در Channel size آمده‌اند جدولِ نرخ ندارند."
6a5cbe5c89e6bfd0ee96282d,DN-0163,5150-5850,40,360 Mbps,27,-72,360,https://www.ligowave.com/public/downloads/datasheets/LigoDLB%20ac/LigoDLB_5ac.pdf,"جدولِ دیتاشیتِ LigoDLB 5ac برای دو پهنای کانال (40 و 80MHz)؛ برچسبِ سازنده فقط «Modulation, Mbps» است (نرخِ فیزیکیِ 802.11ac، نه ظرفیتِ واقعی). کانال‌های 5/10/20MHz هرچند در Channel size آمده‌اند جدولِ نرخ ندارند."
6a5cbe5c89e6bfd0ee96282d,DN-0163,5150-5850,40,300 Mbps,28,-76,300,https://www.ligowave.com/public/downloads/datasheets/LigoDLB%20ac/LigoDLB_5ac.pdf,"جدولِ دیتاشیتِ LigoDLB 5ac برای دو پهنای کانال (40 و 80MHz)؛ برچسبِ سازنده فقط «Modulation, Mbps» است (نرخِ فیزیکیِ 802.11ac، نه ظرفیتِ واقعی). کانال‌های 5/10/20MHz هرچند در Channel size آمده‌اند جدولِ نرخ ندارند."
6a5cbe5c89e6bfd0ee96282d,DN-0163,5150-5850,40,270 Mbps,29,-78,270,https://www.ligowave.com/public/downloads/datasheets/LigoDLB%20ac/LigoDLB_5ac.pdf,"جدولِ دیتاشیتِ LigoDLB 5ac برای دو پهنای کانال (40 و 80MHz)؛ برچسبِ سازنده فقط «Modulation, Mbps» است (نرخِ فیزیکیِ 802.11ac، نه ظرفیتِ واقعی). کانال‌های 5/10/20MHz هرچند در Channel size آمده‌اند جدولِ نرخ ندارند."
6a5cbe5c89e6bfd0ee96282d,DN-0163,5150-5850,40,240 Mbps,30,-80,240,https://www.ligowave.com/public/downloads/datasheets/LigoDLB%20ac/LigoDLB_5ac.pdf,"جدولِ دیتاشیتِ LigoDLB 5ac برای دو پهنای کانال (40 و 80MHz)؛ برچسبِ سازنده فقط «Modulation, Mbps» است (نرخِ فیزیکیِ 802.11ac، نه ظرفیتِ واقعی). کانال‌های 5/10/20MHz هرچند در Channel size آمده‌اند جدولِ نرخ ندارند."
6a5cbe5c89e6bfd0ee96282d,DN-0163,5150-5850,40,180 Mbps,30,-84,180,https://www.ligowave.com/public/downloads/datasheets/LigoDLB%20ac/LigoDLB_5ac.pdf,"جدولِ دیتاشیتِ LigoDLB 5ac برای دو پهنای کانال (40 و 80MHz)؛ برچسبِ سازنده فقط «Modulation, Mbps» است (نرخِ فیزیکیِ 802.11ac، نه ظرفیتِ واقعی). کانال‌های 5/10/20MHz هرچند در Channel size آمده‌اند جدولِ نرخ ندارند."
6a5cbe5c89e6bfd0ee96282d,DN-0163,5150-5850,40,120 Mbps,30,-87,120,https://www.ligowave.com/public/downloads/datasheets/LigoDLB%20ac/LigoDLB_5ac.pdf,"جدولِ دیتاشیتِ LigoDLB 5ac برای دو پهنای کانال (40 و 80MHz)؛ برچسبِ سازنده فقط «Modulation, Mbps» است (نرخِ فیزیکیِ 802.11ac، نه ظرفیتِ واقعی). کانال‌های 5/10/20MHz هرچند در Channel size آمده‌اند جدولِ نرخ ندارند."
6a5cbe5c89e6bfd0ee96282d,DN-0163,5150-5850,40,90 Mbps,30,-92,90,https://www.ligowave.com/public/downloads/datasheets/LigoDLB%20ac/LigoDLB_5ac.pdf,"جدولِ دیتاشیتِ LigoDLB 5ac برای دو پهنای کانال (40 و 80MHz)؛ برچسبِ سازنده فقط «Modulation, Mbps» است (نرخِ فیزیکیِ 802.11ac، نه ظرفیتِ واقعی). کانال‌های 5/10/20MHz هرچند در Channel size آمده‌اند جدولِ نرخ ندارند."
6a5cbe5c89e6bfd0ee96282d,DN-0163,5150-5850,40,60 Mbps,30,-94,60,https://www.ligowave.com/public/downloads/datasheets/LigoDLB%20ac/LigoDLB_5ac.pdf,"جدولِ دیتاشیتِ LigoDLB 5ac برای دو پهنای کانال (40 و 80MHz)؛ برچسبِ سازنده فقط «Modulation, Mbps» است (نرخِ فیزیکیِ 802.11ac، نه ظرفیتِ واقعی). کانال‌های 5/10/20MHz هرچند در Channel size آمده‌اند جدولِ نرخ ندارند."
6a5cbe5c89e6bfd0ee96282d,DN-0163,5150-5850,40,30 Mbps,30,-95,30,https://www.ligowave.com/public/downloads/datasheets/LigoDLB%20ac/LigoDLB_5ac.pdf,"جدولِ دیتاشیتِ LigoDLB 5ac برای دو پهنای کانال (40 و 80MHz)؛ برچسبِ سازنده فقط «Modulation, Mbps» است (نرخِ فیزیکیِ 802.11ac، نه ظرفیتِ واقعی). کانال‌های 5/10/20MHz هرچند در Channel size آمده‌اند جدولِ نرخ ندارند."
6a5cbe5c89e6bfd0ee96282d,DN-0163,5150-5850,80,866 Mbps,24,-64,866,https://www.ligowave.com/public/downloads/datasheets/LigoDLB%20ac/LigoDLB_5ac.pdf,"جدولِ دیتاشیتِ LigoDLB 5ac برای دو پهنای کانال (40 و 80MHz)؛ برچسبِ سازنده فقط «Modulation, Mbps» است (نرخِ فیزیکیِ 802.11ac، نه ظرفیتِ واقعی). کانال‌های 5/10/20MHz هرچند در Channel size آمده‌اند جدولِ نرخ ندارند."
6a5cbe5c89e6bfd0ee96282d,DN-0163,5150-5850,80,780 Mbps,25,-66,780,https://www.ligowave.com/public/downloads/datasheets/LigoDLB%20ac/LigoDLB_5ac.pdf,"جدولِ دیتاشیتِ LigoDLB 5ac برای دو پهنای کانال (40 و 80MHz)؛ برچسبِ سازنده فقط «Modulation, Mbps» است (نرخِ فیزیکیِ 802.11ac، نه ظرفیتِ واقعی). کانال‌های 5/10/20MHz هرچند در Channel size آمده‌اند جدولِ نرخ ندارند."
6a5cbe5c89e6bfd0ee96282d,DN-0163,5150-5850,80,650 Mbps,25,-70,650,https://www.ligowave.com/public/downloads/datasheets/LigoDLB%20ac/LigoDLB_5ac.pdf,"جدولِ دیتاشیتِ LigoDLB 5ac برای دو پهنای کانال (40 و 80MHz)؛ برچسبِ سازنده فقط «Modulation, Mbps» است (نرخِ فیزیکیِ 802.11ac، نه ظرفیتِ واقعی). کانال‌های 5/10/20MHz هرچند در Channel size آمده‌اند جدولِ نرخ ندارند."
6a5cbe5c89e6bfd0ee96282d,DN-0163,5150-5850,80,585 Mbps,26,-72,585,https://www.ligowave.com/public/downloads/datasheets/LigoDLB%20ac/LigoDLB_5ac.pdf,"جدولِ دیتاشیتِ LigoDLB 5ac برای دو پهنای کانال (40 و 80MHz)؛ برچسبِ سازنده فقط «Modulation, Mbps» است (نرخِ فیزیکیِ 802.11ac، نه ظرفیتِ واقعی). کانال‌های 5/10/20MHz هرچند در Channel size آمده‌اند جدولِ نرخ ندارند."
6a5cbe5c89e6bfd0ee96282d,DN-0163,5150-5850,80,520 Mbps,27,-74,520,https://www.ligowave.com/public/downloads/datasheets/LigoDLB%20ac/LigoDLB_5ac.pdf,"جدولِ دیتاشیتِ LigoDLB 5ac برای دو پهنای کانال (40 و 80MHz)؛ برچسبِ سازنده فقط «Modulation, Mbps» است (نرخِ فیزیکیِ 802.11ac، نه ظرفیتِ واقعی). کانال‌های 5/10/20MHz هرچند در Channel size آمده‌اند جدولِ نرخ ندارند."
6a5cbe5c89e6bfd0ee96282d,DN-0163,5150-5850,80,390 Mbps,28,-78,390,https://www.ligowave.com/public/downloads/datasheets/LigoDLB%20ac/LigoDLB_5ac.pdf,"جدولِ دیتاشیتِ LigoDLB 5ac برای دو پهنای کانال (40 و 80MHz)؛ برچسبِ سازنده فقط «Modulation, Mbps» است (نرخِ فیزیکیِ 802.11ac، نه ظرفیتِ واقعی). کانال‌های 5/10/20MHz هرچند در Channel size آمده‌اند جدولِ نرخ ندارند."
6a5cbe5c89e6bfd0ee96282d,DN-0163,5150-5850,80,260 Mbps,28,-81,260,https://www.ligowave.com/public/downloads/datasheets/LigoDLB%20ac/LigoDLB_5ac.pdf,"جدولِ دیتاشیتِ LigoDLB 5ac برای دو پهنای کانال (40 و 80MHz)؛ برچسبِ سازنده فقط «Modulation, Mbps» است (نرخِ فیزیکیِ 802.11ac، نه ظرفیتِ واقعی). کانال‌های 5/10/20MHz هرچند در Channel size آمده‌اند جدولِ نرخ ندارند."
6a5cbe5c89e6bfd0ee96282d,DN-0163,5150-5850,80,195 Mbps,29,-85,195,https://www.ligowave.com/public/downloads/datasheets/LigoDLB%20ac/LigoDLB_5ac.pdf,"جدولِ دیتاشیتِ LigoDLB 5ac برای دو پهنای کانال (40 و 80MHz)؛ برچسبِ سازنده فقط «Modulation, Mbps» است (نرخِ فیزیکیِ 802.11ac، نه ظرفیتِ واقعی). کانال‌های 5/10/20MHz هرچند در Channel size آمده‌اند جدولِ نرخ ندارند."
6a5cbe5c89e6bfd0ee96282d,DN-0163,5150-5850,80,130 Mbps,29,-88,130,https://www.ligowave.com/public/downloads/datasheets/LigoDLB%20ac/LigoDLB_5ac.pdf,"جدولِ دیتاشیتِ LigoDLB 5ac برای دو پهنای کانال (40 و 80MHz)؛ برچسبِ سازنده فقط «Modulation, Mbps» است (نرخِ فیزیکیِ 802.11ac، نه ظرفیتِ واقعی). کانال‌های 5/10/20MHz هرچند در Channel size آمده‌اند جدولِ نرخ ندارند."
6a5cbe5c89e6bfd0ee96282d,DN-0163,5150-5850,80,65 Mbps,29,-90,65,https://www.ligowave.com/public/downloads/datasheets/LigoDLB%20ac/LigoDLB_5ac.pdf,"جدولِ دیتاشیتِ LigoDLB 5ac برای دو پهنای کانال (40 و 80MHz)؛ برچسبِ سازنده فقط «Modulation, Mbps» است (نرخِ فیزیکیِ 802.11ac، نه ظرفیتِ واقعی). کانال‌های 5/10/20MHz هرچند در Channel size آمده‌اند جدولِ نرخ ندارند."
6a5cbd5689e6bfd0ee962737,DN-0106,24000-24250,3.5,QPSK_S,10,-100.5,2.6,https://www.racom.eu/eng/products/m/ray3/tech.html,"Tab. 9.25 (Radio parameters 17/24 GHz, BER=10^-6): «RSS values in the table are typical; may differ by up to ±2 dB». rate_mbps = «Bit Rate» همین جدول = نرخِ فیزیکیِ خام (Raw link speed)؛ ظرفیتِ واقعیِ Ethernet L2 (9018B، Tab. 9.24) و کلیدِ ظرفیتِ لازم در انتهای notes. tx_dbm = بیشینهٔ بازهٔ «-30 to +10 dBm (all modulations and channels)»؛ مدل‌های با پسوندِ R فقط تا -15dBm. کلیدِ ظرفیت (SW-360 پیش‌فرض / SW-500 / SW-1000) طبقِ جدولِ «RAy3 - 17, 24 GHz Data Speed SW keys» در racom.eu/eng/products/microwave-link-detail؛ نگاشتِ محصول به کلید از عنوان (500Mbps / 1Gbps) فرض شده است. | Eth L2: 2.6 Mb/s | کلید: SW-360"
6a5cbd5689e6bfd0ee962737,DN-0106,24000-24250,3.5,QPSK,10,-96.0,4.9,https://www.racom.eu/eng/products/m/ray3/tech.html,"Tab. 9.25 (Radio parameters 17/24 GHz, BER=10^-6): «RSS values in the table are typical; may differ by up to ±2 dB». rate_mbps = «Bit Rate» همین جدول = نرخِ فیزیکیِ خام (Raw link speed)؛ ظرفیتِ واقعیِ Ethernet L2 (9018B، Tab. 9.24) و کلیدِ ظرفیتِ لازم در انتهای notes. tx_dbm = بیشینهٔ بازهٔ «-30 to +10 dBm (all modulations and channels)»؛ مدل‌های با پسوندِ R فقط تا -15dBm. کلیدِ ظرفیت (SW-360 پیش‌فرض / SW-500 / SW-1000) طبقِ جدولِ «RAy3 - 17, 24 GHz Data Speed SW keys» در racom.eu/eng/products/microwave-link-detail؛ نگاشتِ محصول به کلید از عنوان (500Mbps / 1Gbps) فرض شده است. | Eth L2: 4.8 Mb/s | کلید: SW-360"
6a5cbd5689e6bfd0ee962737,DN-0106,24000-24250,3.5,16QAM,10,-90.0,9.5,https://www.racom.eu/eng/products/m/ray3/tech.html,"Tab. 9.25 (Radio parameters 17/24 GHz, BER=10^-6): «RSS values in the table are typical; may differ by up to ±2 dB». rate_mbps = «Bit Rate» همین جدول = نرخِ فیزیکیِ خام (Raw link speed)؛ ظرفیتِ واقعیِ Ethernet L2 (9018B، Tab. 9.24) و کلیدِ ظرفیتِ لازم در انتهای notes. tx_dbm = بیشینهٔ بازهٔ «-30 to +10 dBm (all modulations and channels)»؛ مدل‌های با پسوندِ R فقط تا -15dBm. کلیدِ ظرفیت (SW-360 پیش‌فرض / SW-500 / SW-1000) طبقِ جدولِ «RAy3 - 17, 24 GHz Data Speed SW keys» در racom.eu/eng/products/microwave-link-detail؛ نگاشتِ محصول به کلید از عنوان (500Mbps / 1Gbps) فرض شده است. | Eth L2: 9.2 Mb/s | کلید: SW-360"
6a5cbd5689e6bfd0ee962737,DN-0106,24000-24250,3.5,32QAM,10,-86.5,11.3,https://www.racom.eu/eng/products/m/ray3/tech.html,"Tab. 9.25 (Radio parameters 17/24 GHz, BER=10^-6): «RSS values in the table are typical; may differ by up to ±2 dB». rate_mbps = «Bit Rate» همین جدول = نرخِ فیزیکیِ خام (Raw link speed)؛ ظرفیتِ واقعیِ Ethernet L2 (9018B، Tab. 9.24) و کلیدِ ظرفیتِ لازم در انتهای notes. tx_dbm = بیشینهٔ بازهٔ «-30 to +10 dBm (all modulations and channels)»؛ مدل‌های با پسوندِ R فقط تا -15dBm. کلیدِ ظرفیت (SW-360 پیش‌فرض / SW-500 / SW-1000) طبقِ جدولِ «RAy3 - 17, 24 GHz Data Speed SW keys» در racom.eu/eng/products/microwave-link-detail؛ نگاشتِ محصول به کلید از عنوان (500Mbps / 1Gbps) فرض شده است. | Eth L2: 11 Mb/s | کلید: SW-360"
6a5cbd5689e6bfd0ee962737,DN-0106,24000-24250,3.5,64QAM,10,-83.5,14.5,https://www.racom.eu/eng/products/m/ray3/tech.html,"Tab. 9.25 (Radio parameters 17/24 GHz, BER=10^-6): «RSS values in the table are typical; may differ by up to ±2 dB». rate_mbps = «Bit Rate» همین جدول = نرخِ فیزیکیِ خام (Raw link speed)؛ ظرفیتِ واقعیِ Ethernet L2 (9018B، Tab. 9.24) و کلیدِ ظرفیتِ لازم در انتهای notes. tx_dbm = بیشینهٔ بازهٔ «-30 to +10 dBm (all modulations and channels)»؛ مدل‌های با پسوندِ R فقط تا -15dBm. کلیدِ ظرفیت (SW-360 پیش‌فرض / SW-500 / SW-1000) طبقِ جدولِ «RAy3 - 17, 24 GHz Data Speed SW keys» در racom.eu/eng/products/microwave-link-detail؛ نگاشتِ محصول به کلید از عنوان (500Mbps / 1Gbps) فرض شده است. | Eth L2: 14 Mb/s | کلید: SW-360"
6a5cbd5689e6bfd0ee962737,DN-0106,24000-24250,3.5,128QAM,10,-80.5,17.3,https://www.racom.eu/eng/products/m/ray3/tech.html,"Tab. 9.25 (Radio parameters 17/24 GHz, BER=10^-6): «RSS values in the table are typical; may differ by up to ±2 dB». rate_mbps = «Bit Rate» همین جدول = نرخِ فیزیکیِ خام (Raw link speed)؛ ظرفیتِ واقعیِ Ethernet L2 (9018B، Tab. 9.24) و کلیدِ ظرفیتِ لازم در انتهای notes. tx_dbm = بیشینهٔ بازهٔ «-30 to +10 dBm (all modulations and channels)»؛ مدل‌های با پسوندِ R فقط تا -15dBm. کلیدِ ظرفیت (SW-360 پیش‌فرض / SW-500 / SW-1000) طبقِ جدولِ «RAy3 - 17, 24 GHz Data Speed SW keys» در racom.eu/eng/products/microwave-link-detail؛ نگاشتِ محصول به کلید از عنوان (500Mbps / 1Gbps) فرض شده است. | Eth L2: 17 Mb/s | کلید: SW-360"
6a5cbd5689e6bfd0ee962737,DN-0106,24000-24250,3.5,256QAM,10,-77.5,19.5,https://www.racom.eu/eng/products/m/ray3/tech.html,"Tab. 9.25 (Radio parameters 17/24 GHz, BER=10^-6): «RSS values in the table are typical; may differ by up to ±2 dB». rate_mbps = «Bit Rate» همین جدول = نرخِ فیزیکیِ خام (Raw link speed)؛ ظرفیتِ واقعیِ Ethernet L2 (9018B، Tab. 9.24) و کلیدِ ظرفیتِ لازم در انتهای notes. tx_dbm = بیشینهٔ بازهٔ «-30 to +10 dBm (all modulations and channels)»؛ مدل‌های با پسوندِ R فقط تا -15dBm. کلیدِ ظرفیت (SW-360 پیش‌فرض / SW-500 / SW-1000) طبقِ جدولِ «RAy3 - 17, 24 GHz Data Speed SW keys» در racom.eu/eng/products/microwave-link-detail؛ نگاشتِ محصول به کلید از عنوان (500Mbps / 1Gbps) فرض شده است. | Eth L2: 19 Mb/s | کلید: SW-360"
6a5cbd5689e6bfd0ee962737,DN-0106,24000-24250,3.5,512QAM,10,-74.5,21.6,https://www.racom.eu/eng/products/m/ray3/tech.html,"Tab. 9.25 (Radio parameters 17/24 GHz, BER=10^-6): «RSS values in the table are typical; may differ by up to ±2 dB». rate_mbps = «Bit Rate» همین جدول = نرخِ فیزیکیِ خام (Raw link speed)؛ ظرفیتِ واقعیِ Ethernet L2 (9018B، Tab. 9.24) و کلیدِ ظرفیتِ لازم در انتهای notes. tx_dbm = بیشینهٔ بازهٔ «-30 to +10 dBm (all modulations and channels)»؛ مدل‌های با پسوندِ R فقط تا -15dBm. کلیدِ ظرفیت (SW-360 پیش‌فرض / SW-500 / SW-1000) طبقِ جدولِ «RAy3 - 17, 24 GHz Data Speed SW keys» در racom.eu/eng/products/microwave-link-detail؛ نگاشتِ محصول به کلید از عنوان (500Mbps / 1Gbps) فرض شده است. | Eth L2: 21 Mb/s | کلید: SW-360"
6a5cbd5689e6bfd0ee962737,DN-0106,24000-24250,3.5,1024QAM,10,-71.0,23.2,https://www.racom.eu/eng/products/m/ray3/tech.html,"Tab. 9.25 (Radio parameters 17/24 GHz, BER=10^-6): «RSS values in the table are typical; may differ by up to ±2 dB». rate_mbps = «Bit Rate» همین جدول = نرخِ فیزیکیِ خام (Raw link speed)؛ ظرفیتِ واقعیِ Ethernet L2 (9018B، Tab. 9.24) و کلیدِ ظرفیتِ لازم در انتهای notes. tx_dbm = بیشینهٔ بازهٔ «-30 to +10 dBm (all modulations and channels)»؛ مدل‌های با پسوندِ R فقط تا -15dBm. کلیدِ ظرفیت (SW-360 پیش‌فرض / SW-500 / SW-1000) طبقِ جدولِ «RAy3 - 17, 24 GHz Data Speed SW keys» در racom.eu/eng/products/microwave-link-detail؛ نگاشتِ محصول به کلید از عنوان (500Mbps / 1Gbps) فرض شده است. | Eth L2: 23 Mb/s | کلید: SW-360"
6a5cbd5689e6bfd0ee962737,DN-0106,24000-24250,5,QPSK_S,10,-99.0,3.6,https://www.racom.eu/eng/products/m/ray3/tech.html,"Tab. 9.25 (Radio parameters 17/24 GHz, BER=10^-6): «RSS values in the table are typical; may differ by up to ±2 dB». rate_mbps = «Bit Rate» همین جدول = نرخِ فیزیکیِ خام (Raw link speed)؛ ظرفیتِ واقعیِ Ethernet L2 (9018B، Tab. 9.24) و کلیدِ ظرفیتِ لازم در انتهای notes. tx_dbm = بیشینهٔ بازهٔ «-30 to +10 dBm (all modulations and channels)»؛ مدل‌های با پسوندِ R فقط تا -15dBm. کلیدِ ظرفیت (SW-360 پیش‌فرض / SW-500 / SW-1000) طبقِ جدولِ «RAy3 - 17, 24 GHz Data Speed SW keys» در racom.eu/eng/products/microwave-link-detail؛ نگاشتِ محصول به کلید از عنوان (500Mbps / 1Gbps) فرض شده است. | Eth L2: 3.6 Mb/s | کلید: SW-360"
6a5cbd5689e6bfd0ee962737,DN-0106,24000-24250,5,QPSK,10,-94.5,6.9,https://www.racom.eu/eng/products/m/ray3/tech.html,"Tab. 9.25 (Radio parameters 17/24 GHz, BER=10^-6): «RSS values in the table are typical; may differ by up to ±2 dB». rate_mbps = «Bit Rate» همین جدول = نرخِ فیزیکیِ خام (Raw link speed)؛ ظرفیتِ واقعیِ Ethernet L2 (9018B، Tab. 9.24) و کلیدِ ظرفیتِ لازم در انتهای notes. tx_dbm = بیشینهٔ بازهٔ «-30 to +10 dBm (all modulations and channels)»؛ مدل‌های با پسوندِ R فقط تا -15dBm. کلیدِ ظرفیت (SW-360 پیش‌فرض / SW-500 / SW-1000) طبقِ جدولِ «RAy3 - 17, 24 GHz Data Speed SW keys» در racom.eu/eng/products/microwave-link-detail؛ نگاشتِ محصول به کلید از عنوان (500Mbps / 1Gbps) فرض شده است. | Eth L2: 7.0 Mb/s | کلید: SW-360"
6a5cbd5689e6bfd0ee962737,DN-0106,24000-24250,5,16QAM,10,-89.0,13.6,https://www.racom.eu/eng/products/m/ray3/tech.html,"Tab. 9.25 (Radio parameters 17/24 GHz, BER=10^-6): «RSS values in the table are typical; may differ by up to ±2 dB». rate_mbps = «Bit Rate» همین جدول = نرخِ فیزیکیِ خام (Raw link speed)؛ ظرفیتِ واقعیِ Ethernet L2 (9018B، Tab. 9.24) و کلیدِ ظرفیتِ لازم در انتهای notes. tx_dbm = بیشینهٔ بازهٔ «-30 to +10 dBm (all modulations and channels)»؛ مدل‌های با پسوندِ R فقط تا -15dBm. کلیدِ ظرفیت (SW-360 پیش‌فرض / SW-500 / SW-1000) طبقِ جدولِ «RAy3 - 17, 24 GHz Data Speed SW keys» در racom.eu/eng/products/microwave-link-detail؛ نگاشتِ محصول به کلید از عنوان (500Mbps / 1Gbps) فرض شده است. | Eth L2: 13 Mb/s | کلید: SW-360"
6a5cbd5689e6bfd0ee962737,DN-0106,24000-24250,5,32QAM,10,-85.5,16.2,https://www.racom.eu/eng/products/m/ray3/tech.html,"Tab. 9.25 (Radio parameters 17/24 GHz, BER=10^-6): «RSS values in the table are typical; may differ by up to ±2 dB». rate_mbps = «Bit Rate» همین جدول = نرخِ فیزیکیِ خام (Raw link speed)؛ ظرفیتِ واقعیِ Ethernet L2 (9018B، Tab. 9.24) و کلیدِ ظرفیتِ لازم در انتهای notes. tx_dbm = بیشینهٔ بازهٔ «-30 to +10 dBm (all modulations and channels)»؛ مدل‌های با پسوندِ R فقط تا -15dBm. کلیدِ ظرفیت (SW-360 پیش‌فرض / SW-500 / SW-1000) طبقِ جدولِ «RAy3 - 17, 24 GHz Data Speed SW keys» در racom.eu/eng/products/microwave-link-detail؛ نگاشتِ محصول به کلید از عنوان (500Mbps / 1Gbps) فرض شده است. | Eth L2: 16 Mb/s | کلید: SW-360"
6a5cbd5689e6bfd0ee962737,DN-0106,24000-24250,5,64QAM,10,-82.5,20.8,https://www.racom.eu/eng/products/m/ray3/tech.html,"Tab. 9.25 (Radio parameters 17/24 GHz, BER=10^-6): «RSS values in the table are typical; may differ by up to ±2 dB». rate_mbps = «Bit Rate» همین جدول = نرخِ فیزیکیِ خام (Raw link speed)؛ ظرفیتِ واقعیِ Ethernet L2 (9018B، Tab. 9.24) و کلیدِ ظرفیتِ لازم در انتهای notes. tx_dbm = بیشینهٔ بازهٔ «-30 to +10 dBm (all modulations and channels)»؛ مدل‌های با پسوندِ R فقط تا -15dBm. کلیدِ ظرفیت (SW-360 پیش‌فرض / SW-500 / SW-1000) طبقِ جدولِ «RAy3 - 17, 24 GHz Data Speed SW keys» در racom.eu/eng/products/microwave-link-detail؛ نگاشتِ محصول به کلید از عنوان (500Mbps / 1Gbps) فرض شده است. | Eth L2: 21 Mb/s | کلید: SW-360"
6a5cbd5689e6bfd0ee962737,DN-0106,24000-24250,5,128QAM,10,-79.5,24.7,https://www.racom.eu/eng/products/m/ray3/tech.html,"Tab. 9.25 (Radio parameters 17/24 GHz, BER=10^-6): «RSS values in the table are typical; may differ by up to ±2 dB». rate_mbps = «Bit Rate» همین جدول = نرخِ فیزیکیِ خام (Raw link speed)؛ ظرفیتِ واقعیِ Ethernet L2 (9018B، Tab. 9.24) و کلیدِ ظرفیتِ لازم در انتهای notes. tx_dbm = بیشینهٔ بازهٔ «-30 to +10 dBm (all modulations and channels)»؛ مدل‌های با پسوندِ R فقط تا -15dBm. کلیدِ ظرفیت (SW-360 پیش‌فرض / SW-500 / SW-1000) طبقِ جدولِ «RAy3 - 17, 24 GHz Data Speed SW keys» در racom.eu/eng/products/microwave-link-detail؛ نگاشتِ محصول به کلید از عنوان (500Mbps / 1Gbps) فرض شده است. | Eth L2: 24 Mb/s | کلید: SW-360"
6a5cbd5689e6bfd0ee962737,DN-0106,24000-24250,5,256QAM,10,-76.5,27.7,https://www.racom.eu/eng/products/m/ray3/tech.html,"Tab. 9.25 (Radio parameters 17/24 GHz, BER=10^-6): «RSS values in the table are typical; may differ by up to ±2 dB». rate_mbps = «Bit Rate» همین جدول = نرخِ فیزیکیِ خام (Raw link speed)؛ ظرفیتِ واقعیِ Ethernet L2 (9018B، Tab. 9.24) و کلیدِ ظرفیتِ لازم در انتهای notes. tx_dbm = بیشینهٔ بازهٔ «-30 to +10 dBm (all modulations and channels)»؛ مدل‌های با پسوندِ R فقط تا -15dBm. کلیدِ ظرفیت (SW-360 پیش‌فرض / SW-500 / SW-1000) طبقِ جدولِ «RAy3 - 17, 24 GHz Data Speed SW keys» در racom.eu/eng/products/microwave-link-detail؛ نگاشتِ محصول به کلید از عنوان (500Mbps / 1Gbps) فرض شده است. | Eth L2: 27 Mb/s | کلید: SW-360"
6a5cbd5689e6bfd0ee962737,DN-0106,24000-24250,5,512QAM,10,-73.5,30.8,https://www.racom.eu/eng/products/m/ray3/tech.html,"Tab. 9.25 (Radio parameters 17/24 GHz, BER=10^-6): «RSS values in the table are typical; may differ by up to ±2 dB». rate_mbps = «Bit Rate» همین جدول = نرخِ فیزیکیِ خام (Raw link speed)؛ ظرفیتِ واقعیِ Ethernet L2 (9018B، Tab. 9.24) و کلیدِ ظرفیتِ لازم در انتهای notes. tx_dbm = بیشینهٔ بازهٔ «-30 to +10 dBm (all modulations and channels)»؛ مدل‌های با پسوندِ R فقط تا -15dBm. کلیدِ ظرفیت (SW-360 پیش‌فرض / SW-500 / SW-1000) طبقِ جدولِ «RAy3 - 17, 24 GHz Data Speed SW keys» در racom.eu/eng/products/microwave-link-detail؛ نگاشتِ محصول به کلید از عنوان (500Mbps / 1Gbps) فرض شده است. | Eth L2: 30 Mb/s | کلید: SW-360"
6a5cbd5689e6bfd0ee962737,DN-0106,24000-24250,5,1024QAM,10,-70.5,33.0,https://www.racom.eu/eng/products/m/ray3/tech.html,"Tab. 9.25 (Radio parameters 17/24 GHz, BER=10^-6): «RSS values in the table are typical; may differ by up to ±2 dB». rate_mbps = «Bit Rate» همین جدول = نرخِ فیزیکیِ خام (Raw link speed)؛ ظرفیتِ واقعیِ Ethernet L2 (9018B، Tab. 9.24) و کلیدِ ظرفیتِ لازم در انتهای notes. tx_dbm = بیشینهٔ بازهٔ «-30 to +10 dBm (all modulations and channels)»؛ مدل‌های با پسوندِ R فقط تا -15dBm. کلیدِ ظرفیت (SW-360 پیش‌فرض / SW-500 / SW-1000) طبقِ جدولِ «RAy3 - 17, 24 GHz Data Speed SW keys» در racom.eu/eng/products/microwave-link-detail؛ نگاشتِ محصول به کلید از عنوان (500Mbps / 1Gbps) فرض شده است. | Eth L2: 33 Mb/s | کلید: SW-360"
6a5cbd5689e6bfd0ee962737,DN-0106,24000-24250,7,QPSK_S,10,-97.0,5.7,https://www.racom.eu/eng/products/m/ray3/tech.html,"Tab. 9.25 (Radio parameters 17/24 GHz, BER=10^-6): «RSS values in the table are typical; may differ by up to ±2 dB». rate_mbps = «Bit Rate» همین جدول = نرخِ فیزیکیِ خام (Raw link speed)؛ ظرفیتِ واقعیِ Ethernet L2 (9018B، Tab. 9.24) و کلیدِ ظرفیتِ لازم در انتهای notes. tx_dbm = بیشینهٔ بازهٔ «-30 to +10 dBm (all modulations and channels)»؛ مدل‌های با پسوندِ R فقط تا -15dBm. کلیدِ ظرفیت (SW-360 پیش‌فرض / SW-500 / SW-1000) طبقِ جدولِ «RAy3 - 17, 24 GHz Data Speed SW keys» در racom.eu/eng/products/microwave-link-detail؛ نگاشتِ محصول به کلید از عنوان (500Mbps / 1Gbps) فرض شده است. | Eth L2: 5.5 Mb/s | کلید: SW-360"
6a5cbd5689e6bfd0ee962737,DN-0106,24000-24250,7,QPSK,10,-93.5,10.3,https://www.racom.eu/eng/products/m/ray3/tech.html,"Tab. 9.25 (Radio parameters 17/24 GHz, BER=10^-6): «RSS values in the table are typical; may differ by up to ±2 dB». rate_mbps = «Bit Rate» همین جدول = نرخِ فیزیکیِ خام (Raw link speed)؛ ظرفیتِ واقعیِ Ethernet L2 (9018B، Tab. 9.24) و کلیدِ ظرفیتِ لازم در انتهای notes. tx_dbm = بیشینهٔ بازهٔ «-30 to +10 dBm (all modulations and channels)»؛ مدل‌های با پسوندِ R فقط تا -15dBm. کلیدِ ظرفیت (SW-360 پیش‌فرض / SW-500 / SW-1000) طبقِ جدولِ «RAy3 - 17, 24 GHz Data Speed SW keys» در racom.eu/eng/products/microwave-link-detail؛ نگاشتِ محصول به کلید از عنوان (500Mbps / 1Gbps) فرض شده است. | Eth L2: 10 Mb/s | کلید: SW-360"
6a5cbd5689e6bfd0ee962737,DN-0106,24000-24250,7,16QAM,10,-88.0,19.9,https://www.racom.eu/eng/products/m/ray3/tech.html,"Tab. 9.25 (Radio parameters 17/24 GHz, BER=10^-6): «RSS values in the table are typical; may differ by up to ±2 dB». rate_mbps = «Bit Rate» همین جدول = نرخِ فیزیکیِ خام (Raw link speed)؛ ظرفیتِ واقعیِ Ethernet L2 (9018B، Tab. 9.24) و کلیدِ ظرفیتِ لازم در انتهای notes. tx_dbm = بیشینهٔ بازهٔ «-30 to +10 dBm (all modulations and channels)»؛ مدل‌های با پسوندِ R فقط تا -15dBm. کلیدِ ظرفیت (SW-360 پیش‌فرض / SW-500 / SW-1000) طبقِ جدولِ «RAy3 - 17, 24 GHz Data Speed SW keys» در racom.eu/eng/products/microwave-link-detail؛ نگاشتِ محصول به کلید از عنوان (500Mbps / 1Gbps) فرض شده است. | Eth L2: 20 Mb/s | کلید: SW-360"
6a5cbd5689e6bfd0ee962737,DN-0106,24000-24250,7,32QAM,10,-84.5,24.2,https://www.racom.eu/eng/products/m/ray3/tech.html,"Tab. 9.25 (Radio parameters 17/24 GHz, BER=10^-6): «RSS values in the table are typical; may differ by up to ±2 dB». rate_mbps = «Bit Rate» همین جدول = نرخِ فیزیکیِ خام (Raw link speed)؛ ظرفیتِ واقعیِ Ethernet L2 (9018B، Tab. 9.24) و کلیدِ ظرفیتِ لازم در انتهای notes. tx_dbm = بیشینهٔ بازهٔ «-30 to +10 dBm (all modulations and channels)»؛ مدل‌های با پسوندِ R فقط تا -15dBm. کلیدِ ظرفیت (SW-360 پیش‌فرض / SW-500 / SW-1000) طبقِ جدولِ «RAy3 - 17, 24 GHz Data Speed SW keys» در racom.eu/eng/products/microwave-link-detail؛ نگاشتِ محصول به کلید از عنوان (500Mbps / 1Gbps) فرض شده است. | Eth L2: 24 Mb/s | کلید: SW-360"
6a5cbd5689e6bfd0ee962737,DN-0106,24000-24250,7,64QAM,10,-81.5,31.0,https://www.racom.eu/eng/products/m/ray3/tech.html,"Tab. 9.25 (Radio parameters 17/24 GHz, BER=10^-6): «RSS values in the table are typical; may differ by up to ±2 dB». rate_mbps = «Bit Rate» همین جدول = نرخِ فیزیکیِ خام (Raw link speed)؛ ظرفیتِ واقعیِ Ethernet L2 (9018B، Tab. 9.24) و کلیدِ ظرفیتِ لازم در انتهای notes. tx_dbm = بیشینهٔ بازهٔ «-30 to +10 dBm (all modulations and channels)»؛ مدل‌های با پسوندِ R فقط تا -15dBm. کلیدِ ظرفیت (SW-360 پیش‌فرض / SW-500 / SW-1000) طبقِ جدولِ «RAy3 - 17, 24 GHz Data Speed SW keys» در racom.eu/eng/products/microwave-link-detail؛ نگاشتِ محصول به کلید از عنوان (500Mbps / 1Gbps) فرض شده است. | Eth L2: 31 Mb/s | کلید: SW-360"
6a5cbd5689e6bfd0ee962737,DN-0106,24000-24250,7,128QAM,10,-78.5,36.8,https://www.racom.eu/eng/products/m/ray3/tech.html,"Tab. 9.25 (Radio parameters 17/24 GHz, BER=10^-6): «RSS values in the table are typical; may differ by up to ±2 dB». rate_mbps = «Bit Rate» همین جدول = نرخِ فیزیکیِ خام (Raw link speed)؛ ظرفیتِ واقعیِ Ethernet L2 (9018B، Tab. 9.24) و کلیدِ ظرفیتِ لازم در انتهای notes. tx_dbm = بیشینهٔ بازهٔ «-30 to +10 dBm (all modulations and channels)»؛ مدل‌های با پسوندِ R فقط تا -15dBm. کلیدِ ظرفیت (SW-360 پیش‌فرض / SW-500 / SW-1000) طبقِ جدولِ «RAy3 - 17, 24 GHz Data Speed SW keys» در racom.eu/eng/products/microwave-link-detail؛ نگاشتِ محصول به کلید از عنوان (500Mbps / 1Gbps) فرض شده است. | Eth L2: 37 Mb/s | کلید: SW-360"
6a5cbd5689e6bfd0ee962737,DN-0106,24000-24250,7,256QAM,10,-75.5,42.1,https://www.racom.eu/eng/products/m/ray3/tech.html,"Tab. 9.25 (Radio parameters 17/24 GHz, BER=10^-6): «RSS values in the table are typical; may differ by up to ±2 dB». rate_mbps = «Bit Rate» همین جدول = نرخِ فیزیکیِ خام (Raw link speed)؛ ظرفیتِ واقعیِ Ethernet L2 (9018B، Tab. 9.24) و کلیدِ ظرفیتِ لازم در انتهای notes. tx_dbm = بیشینهٔ بازهٔ «-30 to +10 dBm (all modulations and channels)»؛ مدل‌های با پسوندِ R فقط تا -15dBm. کلیدِ ظرفیت (SW-360 پیش‌فرض / SW-500 / SW-1000) طبقِ جدولِ «RAy3 - 17, 24 GHz Data Speed SW keys» در racom.eu/eng/products/microwave-link-detail؛ نگاشتِ محصول به کلید از عنوان (500Mbps / 1Gbps) فرض شده است. | Eth L2: 42 Mb/s | کلید: SW-360"
6a5cbd5689e6bfd0ee962737,DN-0106,24000-24250,7,512QAM,10,-72.5,46.7,https://www.racom.eu/eng/products/m/ray3/tech.html,"Tab. 9.25 (Radio parameters 17/24 GHz, BER=10^-6): «RSS values in the table are typical; may differ by up to ±2 dB». rate_mbps = «Bit Rate» همین جدول = نرخِ فیزیکیِ خام (Raw link speed)؛ ظرفیتِ واقعیِ Ethernet L2 (9018B، Tab. 9.24) و کلیدِ ظرفیتِ لازم در انتهای notes. tx_dbm = بیشینهٔ بازهٔ «-30 to +10 dBm (all modulations and channels)»؛ مدل‌های با پسوندِ R فقط تا -15dBm. کلیدِ ظرفیت (SW-360 پیش‌فرض / SW-500 / SW-1000) طبقِ جدولِ «RAy3 - 17, 24 GHz Data Speed SW keys» در racom.eu/eng/products/microwave-link-detail؛ نگاشتِ محصول به کلید از عنوان (500Mbps / 1Gbps) فرض شده است. | Eth L2: 46 Mb/s | کلید: SW-360"
6a5cbd5689e6bfd0ee962737,DN-0106,24000-24250,7,1024QAM,10,-68.5,52.0,https://www.racom.eu/eng/products/m/ray3/tech.html,"Tab. 9.25 (Radio parameters 17/24 GHz, BER=10^-6): «RSS values in the table are typical; may differ by up to ±2 dB». rate_mbps = «Bit Rate» همین جدول = نرخِ فیزیکیِ خام (Raw link speed)؛ ظرفیتِ واقعیِ Ethernet L2 (9018B، Tab. 9.24) و کلیدِ ظرفیتِ لازم در انتهای notes. tx_dbm = بیشینهٔ بازهٔ «-30 to +10 dBm (all modulations and channels)»؛ مدل‌های با پسوندِ R فقط تا -15dBm. کلیدِ ظرفیت (SW-360 پیش‌فرض / SW-500 / SW-1000) طبقِ جدولِ «RAy3 - 17, 24 GHz Data Speed SW keys» در racom.eu/eng/products/microwave-link-detail؛ نگاشتِ محصول به کلید از عنوان (500Mbps / 1Gbps) فرض شده است. | Eth L2: 52 Mb/s | کلید: SW-360"
6a5cbd5689e6bfd0ee962737,DN-0106,24000-24250,7,2048QAM,10,-64.5,57.4,https://www.racom.eu/eng/products/m/ray3/tech.html,"Tab. 9.25 (Radio parameters 17/24 GHz, BER=10^-6): «RSS values in the table are typical; may differ by up to ±2 dB». rate_mbps = «Bit Rate» همین جدول = نرخِ فیزیکیِ خام (Raw link speed)؛ ظرفیتِ واقعیِ Ethernet L2 (9018B، Tab. 9.24) و کلیدِ ظرفیتِ لازم در انتهای notes. tx_dbm = بیشینهٔ بازهٔ «-30 to +10 dBm (all modulations and channels)»؛ مدل‌های با پسوندِ R فقط تا -15dBm. کلیدِ ظرفیت (SW-360 پیش‌فرض / SW-500 / SW-1000) طبقِ جدولِ «RAy3 - 17, 24 GHz Data Speed SW keys» در racom.eu/eng/products/microwave-link-detail؛ نگاشتِ محصول به کلید از عنوان (500Mbps / 1Gbps) فرض شده است. | Eth L2: 57 Mb/s | کلید: SW-360"
6a5cbd5689e6bfd0ee962737,DN-0106,24000-24250,10,QPSK_S,10,-95.0,7.7,https://www.racom.eu/eng/products/m/ray3/tech.html,"Tab. 9.25 (Radio parameters 17/24 GHz, BER=10^-6): «RSS values in the table are typical; may differ by up to ±2 dB». rate_mbps = «Bit Rate» همین جدول = نرخِ فیزیکیِ خام (Raw link speed)؛ ظرفیتِ واقعیِ Ethernet L2 (9018B، Tab. 9.24) و کلیدِ ظرفیتِ لازم در انتهای notes. tx_dbm = بیشینهٔ بازهٔ «-30 to +10 dBm (all modulations and channels)»؛ مدل‌های با پسوندِ R فقط تا -15dBm. کلیدِ ظرفیت (SW-360 پیش‌فرض / SW-500 / SW-1000) طبقِ جدولِ «RAy3 - 17, 24 GHz Data Speed SW keys» در racom.eu/eng/products/microwave-link-detail؛ نگاشتِ محصول به کلید از عنوان (500Mbps / 1Gbps) فرض شده است. | Eth L2: 7.8 Mb/s | کلید: SW-360"
6a5cbd5689e6bfd0ee962737,DN-0106,24000-24250,10,QPSK,10,-92.0,14.4,https://www.racom.eu/eng/products/m/ray3/tech.html,"Tab. 9.25 (Radio parameters 17/24 GHz, BER=10^-6): «RSS values in the table are typical; may differ by up to ±2 dB». rate_mbps = «Bit Rate» همین جدول = نرخِ فیزیکیِ خام (Raw link speed)؛ ظرفیتِ واقعیِ Ethernet L2 (9018B، Tab. 9.24) و کلیدِ ظرفیتِ لازم در انتهای notes. tx_dbm = بیشینهٔ بازهٔ «-30 to +10 dBm (all modulations and channels)»؛ مدل‌های با پسوندِ R فقط تا -15dBm. کلیدِ ظرفیت (SW-360 پیش‌فرض / SW-500 / SW-1000) طبقِ جدولِ «RAy3 - 17, 24 GHz Data Speed SW keys» در racom.eu/eng/products/microwave-link-detail؛ نگاشتِ محصول به کلید از عنوان (500Mbps / 1Gbps) فرض شده است. | Eth L2: 14 Mb/s | کلید: SW-360"
6a5cbd5689e6bfd0ee962737,DN-0106,24000-24250,10,16QAM,10,-86.5,27.6,https://www.racom.eu/eng/products/m/ray3/tech.html,"Tab. 9.25 (Radio parameters 17/24 GHz, BER=10^-6): «RSS values in the table are typical; may differ by up to ±2 dB». rate_mbps = «Bit Rate» همین جدول = نرخِ فیزیکیِ خام (Raw link speed)؛ ظرفیتِ واقعیِ Ethernet L2 (9018B، Tab. 9.24) و کلیدِ ظرفیتِ لازم در انتهای notes. tx_dbm = بیشینهٔ بازهٔ «-30 to +10 dBm (all modulations and channels)»؛ مدل‌های با پسوندِ R فقط تا -15dBm. کلیدِ ظرفیت (SW-360 پیش‌فرض / SW-500 / SW-1000) طبقِ جدولِ «RAy3 - 17, 24 GHz Data Speed SW keys» در racom.eu/eng/products/microwave-link-detail؛ نگاشتِ محصول به کلید از عنوان (500Mbps / 1Gbps) فرض شده است. | Eth L2: 27 Mb/s | کلید: SW-360"
6a5cbd5689e6bfd0ee962737,DN-0106,24000-24250,10,32QAM,10,-83.0,33.2,https://www.racom.eu/eng/products/m/ray3/tech.html,"Tab. 9.25 (Radio parameters 17/24 GHz, BER=10^-6): «RSS values in the table are typical; may differ by up to ±2 dB». rate_mbps = «Bit Rate» همین جدول = نرخِ فیزیکیِ خام (Raw link speed)؛ ظرفیتِ واقعیِ Ethernet L2 (9018B، Tab. 9.24) و کلیدِ ظرفیتِ لازم در انتهای notes. tx_dbm = بیشینهٔ بازهٔ «-30 to +10 dBm (all modulations and channels)»؛ مدل‌های با پسوندِ R فقط تا -15dBm. کلیدِ ظرفیت (SW-360 پیش‌فرض / SW-500 / SW-1000) طبقِ جدولِ «RAy3 - 17, 24 GHz Data Speed SW keys» در racom.eu/eng/products/microwave-link-detail؛ نگاشتِ محصول به کلید از عنوان (500Mbps / 1Gbps) فرض شده است. | Eth L2: 33 Mb/s | کلید: SW-360"
6a5cbd5689e6bfd0ee962737,DN-0106,24000-24250,10,64QAM,10,-80.0,42.7,https://www.racom.eu/eng/products/m/ray3/tech.html,"Tab. 9.25 (Radio parameters 17/24 GHz, BER=10^-6): «RSS values in the table are typical; may differ by up to ±2 dB». rate_mbps = «Bit Rate» همین جدول = نرخِ فیزیکیِ خام (Raw link speed)؛ ظرفیتِ واقعیِ Ethernet L2 (9018B، Tab. 9.24) و کلیدِ ظرفیتِ لازم در انتهای notes. tx_dbm = بیشینهٔ بازهٔ «-30 to +10 dBm (all modulations and channels)»؛ مدل‌های با پسوندِ R فقط تا -15dBm. کلیدِ ظرفیت (SW-360 پیش‌فرض / SW-500 / SW-1000) طبقِ جدولِ «RAy3 - 17, 24 GHz Data Speed SW keys» در racom.eu/eng/products/microwave-link-detail؛ نگاشتِ محصول به کلید از عنوان (500Mbps / 1Gbps) فرض شده است. | Eth L2: 42 Mb/s | کلید: SW-360"
6a5cbd5689e6bfd0ee962737,DN-0106,24000-24250,10,128QAM,10,-77.0,50.7,https://www.racom.eu/eng/products/m/ray3/tech.html,"Tab. 9.25 (Radio parameters 17/24 GHz, BER=10^-6): «RSS values in the table are typical; may differ by up to ±2 dB». rate_mbps = «Bit Rate» همین جدول = نرخِ فیزیکیِ خام (Raw link speed)؛ ظرفیتِ واقعیِ Ethernet L2 (9018B، Tab. 9.24) و کلیدِ ظرفیتِ لازم در انتهای notes. tx_dbm = بیشینهٔ بازهٔ «-30 to +10 dBm (all modulations and channels)»؛ مدل‌های با پسوندِ R فقط تا -15dBm. کلیدِ ظرفیت (SW-360 پیش‌فرض / SW-500 / SW-1000) طبقِ جدولِ «RAy3 - 17, 24 GHz Data Speed SW keys» در racom.eu/eng/products/microwave-link-detail؛ نگاشتِ محصول به کلید از عنوان (500Mbps / 1Gbps) فرض شده است. | Eth L2: 50 Mb/s | کلید: SW-360"
6a5cbd5689e6bfd0ee962737,DN-0106,24000-24250,10,256QAM,10,-74.0,57.9,https://www.racom.eu/eng/products/m/ray3/tech.html,"Tab. 9.25 (Radio parameters 17/24 GHz, BER=10^-6): «RSS values in the table are typical; may differ by up to ±2 dB». rate_mbps = «Bit Rate» همین جدول = نرخِ فیزیکیِ خام (Raw link speed)؛ ظرفیتِ واقعیِ Ethernet L2 (9018B، Tab. 9.24) و کلیدِ ظرفیتِ لازم در انتهای notes. tx_dbm = بیشینهٔ بازهٔ «-30 to +10 dBm (all modulations and channels)»؛ مدل‌های با پسوندِ R فقط تا -15dBm. کلیدِ ظرفیت (SW-360 پیش‌فرض / SW-500 / SW-1000) طبقِ جدولِ «RAy3 - 17, 24 GHz Data Speed SW keys» در racom.eu/eng/products/microwave-link-detail؛ نگاشتِ محصول به کلید از عنوان (500Mbps / 1Gbps) فرض شده است. | Eth L2: 57 Mb/s | کلید: SW-360"
6a5cbd5689e6bfd0ee962737,DN-0106,24000-24250,10,512QAM,10,-71.0,64.5,https://www.racom.eu/eng/products/m/ray3/tech.html,"Tab. 9.25 (Radio parameters 17/24 GHz, BER=10^-6): «RSS values in the table are typical; may differ by up to ±2 dB». rate_mbps = «Bit Rate» همین جدول = نرخِ فیزیکیِ خام (Raw link speed)؛ ظرفیتِ واقعیِ Ethernet L2 (9018B، Tab. 9.24) و کلیدِ ظرفیتِ لازم در انتهای notes. tx_dbm = بیشینهٔ بازهٔ «-30 to +10 dBm (all modulations and channels)»؛ مدل‌های با پسوندِ R فقط تا -15dBm. کلیدِ ظرفیت (SW-360 پیش‌فرض / SW-500 / SW-1000) طبقِ جدولِ «RAy3 - 17, 24 GHz Data Speed SW keys» در racom.eu/eng/products/microwave-link-detail؛ نگاشتِ محصول به کلید از عنوان (500Mbps / 1Gbps) فرض شده است. | Eth L2: 64 Mb/s | کلید: SW-360"
6a5cbd5689e6bfd0ee962737,DN-0106,24000-24250,10,1024QAM,10,-67.5,71.6,https://www.racom.eu/eng/products/m/ray3/tech.html,"Tab. 9.25 (Radio parameters 17/24 GHz, BER=10^-6): «RSS values in the table are typical; may differ by up to ±2 dB». rate_mbps = «Bit Rate» همین جدول = نرخِ فیزیکیِ خام (Raw link speed)؛ ظرفیتِ واقعیِ Ethernet L2 (9018B، Tab. 9.24) و کلیدِ ظرفیتِ لازم در انتهای notes. tx_dbm = بیشینهٔ بازهٔ «-30 to +10 dBm (all modulations and channels)»؛ مدل‌های با پسوندِ R فقط تا -15dBm. کلیدِ ظرفیت (SW-360 پیش‌فرض / SW-500 / SW-1000) طبقِ جدولِ «RAy3 - 17, 24 GHz Data Speed SW keys» در racom.eu/eng/products/microwave-link-detail؛ نگاشتِ محصول به کلید از عنوان (500Mbps / 1Gbps) فرض شده است. | Eth L2: 71 Mb/s | کلید: SW-360"
6a5cbd5689e6bfd0ee962737,DN-0106,24000-24250,10,2048QAM,10,-64.0,78.9,https://www.racom.eu/eng/products/m/ray3/tech.html,"Tab. 9.25 (Radio parameters 17/24 GHz, BER=10^-6): «RSS values in the table are typical; may differ by up to ±2 dB». rate_mbps = «Bit Rate» همین جدول = نرخِ فیزیکیِ خام (Raw link speed)؛ ظرفیتِ واقعیِ Ethernet L2 (9018B، Tab. 9.24) و کلیدِ ظرفیتِ لازم در انتهای notes. tx_dbm = بیشینهٔ بازهٔ «-30 to +10 dBm (all modulations and channels)»؛ مدل‌های با پسوندِ R فقط تا -15dBm. کلیدِ ظرفیت (SW-360 پیش‌فرض / SW-500 / SW-1000) طبقِ جدولِ «RAy3 - 17, 24 GHz Data Speed SW keys» در racom.eu/eng/products/microwave-link-detail؛ نگاشتِ محصول به کلید از عنوان (500Mbps / 1Gbps) فرض شده است. | Eth L2: 78 Mb/s | کلید: SW-360"
6a5cbd5689e6bfd0ee962737,DN-0106,24000-24250,14,QPSK_S,10,-93.5,11.9,https://www.racom.eu/eng/products/m/ray3/tech.html,"Tab. 9.25 (Radio parameters 17/24 GHz, BER=10^-6): «RSS values in the table are typical; may differ by up to ±2 dB». rate_mbps = «Bit Rate» همین جدول = نرخِ فیزیکیِ خام (Raw link speed)؛ ظرفیتِ واقعیِ Ethernet L2 (9018B، Tab. 9.24) و کلیدِ ظرفیتِ لازم در انتهای notes. tx_dbm = بیشینهٔ بازهٔ «-30 to +10 dBm (all modulations and channels)»؛ مدل‌های با پسوندِ R فقط تا -15dBm. کلیدِ ظرفیت (SW-360 پیش‌فرض / SW-500 / SW-1000) طبقِ جدولِ «RAy3 - 17, 24 GHz Data Speed SW keys» در racom.eu/eng/products/microwave-link-detail؛ نگاشتِ محصول به کلید از عنوان (500Mbps / 1Gbps) فرض شده است. | Eth L2: 12 Mb/s | کلید: SW-360"
6a5cbd5689e6bfd0ee962737,DN-0106,24000-24250,14,QPSK,10,-90.5,22.1,https://www.racom.eu/eng/products/m/ray3/tech.html,"Tab. 9.25 (Radio parameters 17/24 GHz, BER=10^-6): «RSS values in the table are typical; may differ by up to ±2 dB». rate_mbps = «Bit Rate» همین جدول = نرخِ فیزیکیِ خام (Raw link speed)؛ ظرفیتِ واقعیِ Ethernet L2 (9018B، Tab. 9.24) و کلیدِ ظرفیتِ لازم در انتهای notes. tx_dbm = بیشینهٔ بازهٔ «-30 to +10 dBm (all modulations and channels)»؛ مدل‌های با پسوندِ R فقط تا -15dBm. کلیدِ ظرفیت (SW-360 پیش‌فرض / SW-500 / SW-1000) طبقِ جدولِ «RAy3 - 17, 24 GHz Data Speed SW keys» در racom.eu/eng/products/microwave-link-detail؛ نگاشتِ محصول به کلید از عنوان (500Mbps / 1Gbps) فرض شده است. | Eth L2: 22 Mb/s | کلید: SW-360"
6a5cbd5689e6bfd0ee962737,DN-0106,24000-24250,14,16QAM,10,-85.0,41.4,https://www.racom.eu/eng/products/m/ray3/tech.html,"Tab. 9.25 (Radio parameters 17/24 GHz, BER=10^-6): «RSS values in the table are typical; may differ by up to ±2 dB». rate_mbps = «Bit Rate» همین جدول = نرخِ فیزیکیِ خام (Raw link speed)؛ ظرفیتِ واقعیِ Ethernet L2 (9018B، Tab. 9.24) و کلیدِ ظرفیتِ لازم در انتهای notes. tx_dbm = بیشینهٔ بازهٔ «-30 to +10 dBm (all modulations and channels)»؛ مدل‌های با پسوندِ R فقط تا -15dBm. کلیدِ ظرفیت (SW-360 پیش‌فرض / SW-500 / SW-1000) طبقِ جدولِ «RAy3 - 17, 24 GHz Data Speed SW keys» در racom.eu/eng/products/microwave-link-detail؛ نگاشتِ محصول به کلید از عنوان (500Mbps / 1Gbps) فرض شده است. | Eth L2: 41 Mb/s | کلید: SW-360"
6a5cbd5689e6bfd0ee962737,DN-0106,24000-24250,14,32QAM,10,-81.5,50.2,https://www.racom.eu/eng/products/m/ray3/tech.html,"Tab. 9.25 (Radio parameters 17/24 GHz, BER=10^-6): «RSS values in the table are typical; may differ by up to ±2 dB». rate_mbps = «Bit Rate» همین جدول = نرخِ فیزیکیِ خام (Raw link speed)؛ ظرفیتِ واقعیِ Ethernet L2 (9018B، Tab. 9.24) و کلیدِ ظرفیتِ لازم در انتهای notes. tx_dbm = بیشینهٔ بازهٔ «-30 to +10 dBm (all modulations and channels)»؛ مدل‌های با پسوندِ R فقط تا -15dBm. کلیدِ ظرفیت (SW-360 پیش‌فرض / SW-500 / SW-1000) طبقِ جدولِ «RAy3 - 17, 24 GHz Data Speed SW keys» در racom.eu/eng/products/microwave-link-detail؛ نگاشتِ محصول به کلید از عنوان (500Mbps / 1Gbps) فرض شده است. | Eth L2: 50 Mb/s | کلید: SW-360"
6a5cbd5689e6bfd0ee962737,DN-0106,24000-24250,14,64QAM,10,-78.5,65.4,https://www.racom.eu/eng/products/m/ray3/tech.html,"Tab. 9.25 (Radio parameters 17/24 GHz, BER=10^-6): «RSS values in the table are typical; may differ by up to ±2 dB». rate_mbps = «Bit Rate» همین جدول = نرخِ فیزیکیِ خام (Raw link speed)؛ ظرفیتِ واقعیِ Ethernet L2 (9018B، Tab. 9.24) و کلیدِ ظرفیتِ لازم در انتهای notes. tx_dbm = بیشینهٔ بازهٔ «-30 to +10 dBm (all modulations and channels)»؛ مدل‌های با پسوندِ R فقط تا -15dBm. کلیدِ ظرفیت (SW-360 پیش‌فرض / SW-500 / SW-1000) طبقِ جدولِ «RAy3 - 17, 24 GHz Data Speed SW keys» در racom.eu/eng/products/microwave-link-detail؛ نگاشتِ محصول به کلید از عنوان (500Mbps / 1Gbps) فرض شده است. | Eth L2: 65 Mb/s | کلید: SW-360"
6a5cbd5689e6bfd0ee962737,DN-0106,24000-24250,14,128QAM,10,-75.5,77.7,https://www.racom.eu/eng/products/m/ray3/tech.html,"Tab. 9.25 (Radio parameters 17/24 GHz, BER=10^-6): «RSS values in the table are typical; may differ by up to ±2 dB». rate_mbps = «Bit Rate» همین جدول = نرخِ فیزیکیِ خام (Raw link speed)؛ ظرفیتِ واقعیِ Ethernet L2 (9018B، Tab. 9.24) و کلیدِ ظرفیتِ لازم در انتهای notes. tx_dbm = بیشینهٔ بازهٔ «-30 to +10 dBm (all modulations and channels)»؛ مدل‌های با پسوندِ R فقط تا -15dBm. کلیدِ ظرفیت (SW-360 پیش‌فرض / SW-500 / SW-1000) طبقِ جدولِ «RAy3 - 17, 24 GHz Data Speed SW keys» در racom.eu/eng/products/microwave-link-detail؛ نگاشتِ محصول به کلید از عنوان (500Mbps / 1Gbps) فرض شده است. | Eth L2: 77 Mb/s | کلید: SW-360"
6a5cbd5689e6bfd0ee962737,DN-0106,24000-24250,14,256QAM,10,-72.5,88.5,https://www.racom.eu/eng/products/m/ray3/tech.html,"Tab. 9.25 (Radio parameters 17/24 GHz, BER=10^-6): «RSS values in the table are typical; may differ by up to ±2 dB». rate_mbps = «Bit Rate» همین جدول = نرخِ فیزیکیِ خام (Raw link speed)؛ ظرفیتِ واقعیِ Ethernet L2 (9018B، Tab. 9.24) و کلیدِ ظرفیتِ لازم در انتهای notes. tx_dbm = بیشینهٔ بازهٔ «-30 to +10 dBm (all modulations and channels)»؛ مدل‌های با پسوندِ R فقط تا -15dBm. کلیدِ ظرفیت (SW-360 پیش‌فرض / SW-500 / SW-1000) طبقِ جدولِ «RAy3 - 17, 24 GHz Data Speed SW keys» در racom.eu/eng/products/microwave-link-detail؛ نگاشتِ محصول به کلید از عنوان (500Mbps / 1Gbps) فرض شده است. | Eth L2: 87 Mb/s | کلید: SW-360"
6a5cbd5689e6bfd0ee962737,DN-0106,24000-24250,14,512QAM,10,-69.5,99.1,https://www.racom.eu/eng/products/m/ray3/tech.html,"Tab. 9.25 (Radio parameters 17/24 GHz, BER=10^-6): «RSS values in the table are typical; may differ by up to ±2 dB». rate_mbps = «Bit Rate» همین جدول = نرخِ فیزیکیِ خام (Raw link speed)؛ ظرفیتِ واقعیِ Ethernet L2 (9018B، Tab. 9.24) و کلیدِ ظرفیتِ لازم در انتهای notes. tx_dbm = بیشینهٔ بازهٔ «-30 to +10 dBm (all modulations and channels)»؛ مدل‌های با پسوندِ R فقط تا -15dBm. کلیدِ ظرفیت (SW-360 پیش‌فرض / SW-500 / SW-1000) طبقِ جدولِ «RAy3 - 17, 24 GHz Data Speed SW keys» در racom.eu/eng/products/microwave-link-detail؛ نگاشتِ محصول به کلید از عنوان (500Mbps / 1Gbps) فرض شده است. | Eth L2: 98 Mb/s | کلید: SW-360"
6a5cbd5689e6bfd0ee962737,DN-0106,24000-24250,14,1024QAM,10,-66.5,110.2,https://www.racom.eu/eng/products/m/ray3/tech.html,"Tab. 9.25 (Radio parameters 17/24 GHz, BER=10^-6): «RSS values in the table are typical; may differ by up to ±2 dB». rate_mbps = «Bit Rate» همین جدول = نرخِ فیزیکیِ خام (Raw link speed)؛ ظرفیتِ واقعیِ Ethernet L2 (9018B، Tab. 9.24) و کلیدِ ظرفیتِ لازم در انتهای notes. tx_dbm = بیشینهٔ بازهٔ «-30 to +10 dBm (all modulations and channels)»؛ مدل‌های با پسوندِ R فقط تا -15dBm. کلیدِ ظرفیت (SW-360 پیش‌فرض / SW-500 / SW-1000) طبقِ جدولِ «RAy3 - 17, 24 GHz Data Speed SW keys» در racom.eu/eng/products/microwave-link-detail؛ نگاشتِ محصول به کلید از عنوان (500Mbps / 1Gbps) فرض شده است. | Eth L2: 109 Mb/s | کلید: SW-360"
6a5cbd5689e6bfd0ee962737,DN-0106,24000-24250,14,2048QAM,10,-63.0,119.8,https://www.racom.eu/eng/products/m/ray3/tech.html,"Tab. 9.25 (Radio parameters 17/24 GHz, BER=10^-6): «RSS values in the table are typical; may differ by up to ±2 dB». rate_mbps = «Bit Rate» همین جدول = نرخِ فیزیکیِ خام (Raw link speed)؛ ظرفیتِ واقعیِ Ethernet L2 (9018B، Tab. 9.24) و کلیدِ ظرفیتِ لازم در انتهای notes. tx_dbm = بیشینهٔ بازهٔ «-30 to +10 dBm (all modulations and channels)»؛ مدل‌های با پسوندِ R فقط تا -15dBm. کلیدِ ظرفیت (SW-360 پیش‌فرض / SW-500 / SW-1000) طبقِ جدولِ «RAy3 - 17, 24 GHz Data Speed SW keys» در racom.eu/eng/products/microwave-link-detail؛ نگاشتِ محصول به کلید از عنوان (500Mbps / 1Gbps) فرض شده است. | Eth L2: 118 Mb/s | کلید: SW-360"
6a5cbd5689e6bfd0ee962737,DN-0106,24000-24250,14,4096QAM,10,-59.0,129.4,https://www.racom.eu/eng/products/m/ray3/tech.html,"Tab. 9.25 (Radio parameters 17/24 GHz, BER=10^-6): «RSS values in the table are typical; may differ by up to ±2 dB». rate_mbps = «Bit Rate» همین جدول = نرخِ فیزیکیِ خام (Raw link speed)؛ ظرفیتِ واقعیِ Ethernet L2 (9018B، Tab. 9.24) و کلیدِ ظرفیتِ لازم در انتهای notes. tx_dbm = بیشینهٔ بازهٔ «-30 to +10 dBm (all modulations and channels)»؛ مدل‌های با پسوندِ R فقط تا -15dBm. کلیدِ ظرفیت (SW-360 پیش‌فرض / SW-500 / SW-1000) طبقِ جدولِ «RAy3 - 17, 24 GHz Data Speed SW keys» در racom.eu/eng/products/microwave-link-detail؛ نگاشتِ محصول به کلید از عنوان (500Mbps / 1Gbps) فرض شده است. | Eth L2: 128 Mb/s | کلید: SW-360"
6a5cbd5689e6bfd0ee962737,DN-0106,24000-24250,20,QPSK_S,10,-93.0,17.2,https://www.racom.eu/eng/products/m/ray3/tech.html,"Tab. 9.25 (Radio parameters 17/24 GHz, BER=10^-6): «RSS values in the table are typical; may differ by up to ±2 dB». rate_mbps = «Bit Rate» همین جدول = نرخِ فیزیکیِ خام (Raw link speed)؛ ظرفیتِ واقعیِ Ethernet L2 (9018B، Tab. 9.24) و کلیدِ ظرفیتِ لازم در انتهای notes. tx_dbm = بیشینهٔ بازهٔ «-30 to +10 dBm (all modulations and channels)»؛ مدل‌های با پسوندِ R فقط تا -15dBm. کلیدِ ظرفیت (SW-360 پیش‌فرض / SW-500 / SW-1000) طبقِ جدولِ «RAy3 - 17, 24 GHz Data Speed SW keys» در racom.eu/eng/products/microwave-link-detail؛ نگاشتِ محصول به کلید از عنوان (500Mbps / 1Gbps) فرض شده است. | Eth L2: 17 Mb/s | کلید: SW-360"
6a5cbd5689e6bfd0ee962737,DN-0106,24000-24250,20,QPSK,10,-89.0,32.0,https://www.racom.eu/eng/products/m/ray3/tech.html,"Tab. 9.25 (Radio parameters 17/24 GHz, BER=10^-6): «RSS values in the table are typical; may differ by up to ±2 dB». rate_mbps = «Bit Rate» همین جدول = نرخِ فیزیکیِ خام (Raw link speed)؛ ظرفیتِ واقعیِ Ethernet L2 (9018B، Tab. 9.24) و کلیدِ ظرفیتِ لازم در انتهای notes. tx_dbm = بیشینهٔ بازهٔ «-30 to +10 dBm (all modulations and channels)»؛ مدل‌های با پسوندِ R فقط تا -15dBm. کلیدِ ظرفیت (SW-360 پیش‌فرض / SW-500 / SW-1000) طبقِ جدولِ «RAy3 - 17, 24 GHz Data Speed SW keys» در racom.eu/eng/products/microwave-link-detail؛ نگاشتِ محصول به کلید از عنوان (500Mbps / 1Gbps) فرض شده است. | Eth L2: 32 Mb/s | کلید: SW-360"
6a5cbd5689e6bfd0ee962737,DN-0106,24000-24250,20,16QAM,10,-83.5,59.8,https://www.racom.eu/eng/products/m/ray3/tech.html,"Tab. 9.25 (Radio parameters 17/24 GHz, BER=10^-6): «RSS values in the table are typical; may differ by up to ±2 dB». rate_mbps = «Bit Rate» همین جدول = نرخِ فیزیکیِ خام (Raw link speed)؛ ظرفیتِ واقعیِ Ethernet L2 (9018B، Tab. 9.24) و کلیدِ ظرفیتِ لازم در انتهای notes. tx_dbm = بیشینهٔ بازهٔ «-30 to +10 dBm (all modulations and channels)»؛ مدل‌های با پسوندِ R فقط تا -15dBm. کلیدِ ظرفیت (SW-360 پیش‌فرض / SW-500 / SW-1000) طبقِ جدولِ «RAy3 - 17, 24 GHz Data Speed SW keys» در racom.eu/eng/products/microwave-link-detail؛ نگاشتِ محصول به کلید از عنوان (500Mbps / 1Gbps) فرض شده است. | Eth L2: 59 Mb/s | کلید: SW-360"
6a5cbd5689e6bfd0ee962737,DN-0106,24000-24250,20,32QAM,10,-80.0,72.5,https://www.racom.eu/eng/products/m/ray3/tech.html,"Tab. 9.25 (Radio parameters 17/24 GHz, BER=10^-6): «RSS values in the table are typical; may differ by up to ±2 dB». rate_mbps = «Bit Rate» همین جدول = نرخِ فیزیکیِ خام (Raw link speed)؛ ظرفیتِ واقعیِ Ethernet L2 (9018B، Tab. 9.24) و کلیدِ ظرفیتِ لازم در انتهای notes. tx_dbm = بیشینهٔ بازهٔ «-30 to +10 dBm (all modulations and channels)»؛ مدل‌های با پسوندِ R فقط تا -15dBm. کلیدِ ظرفیت (SW-360 پیش‌فرض / SW-500 / SW-1000) طبقِ جدولِ «RAy3 - 17, 24 GHz Data Speed SW keys» در racom.eu/eng/products/microwave-link-detail؛ نگاشتِ محصول به کلید از عنوان (500Mbps / 1Gbps) فرض شده است. | Eth L2: 72 Mb/s | کلید: SW-360"
6a5cbd5689e6bfd0ee962737,DN-0106,24000-24250,20,64QAM,10,-77.0,94.3,https://www.racom.eu/eng/products/m/ray3/tech.html,"Tab. 9.25 (Radio parameters 17/24 GHz, BER=10^-6): «RSS values in the table are typical; may differ by up to ±2 dB». rate_mbps = «Bit Rate» همین جدول = نرخِ فیزیکیِ خام (Raw link speed)؛ ظرفیتِ واقعیِ Ethernet L2 (9018B، Tab. 9.24) و کلیدِ ظرفیتِ لازم در انتهای notes. tx_dbm = بیشینهٔ بازهٔ «-30 to +10 dBm (all modulations and channels)»؛ مدل‌های با پسوندِ R فقط تا -15dBm. کلیدِ ظرفیت (SW-360 پیش‌فرض / SW-500 / SW-1000) طبقِ جدولِ «RAy3 - 17, 24 GHz Data Speed SW keys» در racom.eu/eng/products/microwave-link-detail؛ نگاشتِ محصول به کلید از عنوان (500Mbps / 1Gbps) فرض شده است. | Eth L2: 93 Mb/s | کلید: SW-360"
6a5cbd5689e6bfd0ee962737,DN-0106,24000-24250,20,128QAM,10,-74.0,112.1,https://www.racom.eu/eng/products/m/ray3/tech.html,"Tab. 9.25 (Radio parameters 17/24 GHz, BER=10^-6): «RSS values in the table are typical; may differ by up to ±2 dB». rate_mbps = «Bit Rate» همین جدول = نرخِ فیزیکیِ خام (Raw link speed)؛ ظرفیتِ واقعیِ Ethernet L2 (9018B، Tab. 9.24) و کلیدِ ظرفیتِ لازم در انتهای notes. tx_dbm = بیشینهٔ بازهٔ «-30 to +10 dBm (all modulations and channels)»؛ مدل‌های با پسوندِ R فقط تا -15dBm. کلیدِ ظرفیت (SW-360 پیش‌فرض / SW-500 / SW-1000) طبقِ جدولِ «RAy3 - 17, 24 GHz Data Speed SW keys» در racom.eu/eng/products/microwave-link-detail؛ نگاشتِ محصول به کلید از عنوان (500Mbps / 1Gbps) فرض شده است. | Eth L2: 111 Mb/s | کلید: SW-360"
6a5cbd5689e6bfd0ee962737,DN-0106,24000-24250,20,256QAM,10,-71.0,127.9,https://www.racom.eu/eng/products/m/ray3/tech.html,"Tab. 9.25 (Radio parameters 17/24 GHz, BER=10^-6): «RSS values in the table are typical; may differ by up to ±2 dB». rate_mbps = «Bit Rate» همین جدول = نرخِ فیزیکیِ خام (Raw link speed)؛ ظرفیتِ واقعیِ Ethernet L2 (9018B، Tab. 9.24) و کلیدِ ظرفیتِ لازم در انتهای notes. tx_dbm = بیشینهٔ بازهٔ «-30 to +10 dBm (all modulations and channels)»؛ مدل‌های با پسوندِ R فقط تا -15dBm. کلیدِ ظرفیت (SW-360 پیش‌فرض / SW-500 / SW-1000) طبقِ جدولِ «RAy3 - 17, 24 GHz Data Speed SW keys» در racom.eu/eng/products/microwave-link-detail؛ نگاشتِ محصول به کلید از عنوان (500Mbps / 1Gbps) فرض شده است. | Eth L2: 126 Mb/s | کلید: SW-360"
6a5cbd5689e6bfd0ee962737,DN-0106,24000-24250,20,512QAM,10,-68.0,143.2,https://www.racom.eu/eng/products/m/ray3/tech.html,"Tab. 9.25 (Radio parameters 17/24 GHz, BER=10^-6): «RSS values in the table are typical; may differ by up to ±2 dB». rate_mbps = «Bit Rate» همین جدول = نرخِ فیزیکیِ خام (Raw link speed)؛ ظرفیتِ واقعیِ Ethernet L2 (9018B، Tab. 9.24) و کلیدِ ظرفیتِ لازم در انتهای notes. tx_dbm = بیشینهٔ بازهٔ «-30 to +10 dBm (all modulations and channels)»؛ مدل‌های با پسوندِ R فقط تا -15dBm. کلیدِ ظرفیت (SW-360 پیش‌فرض / SW-500 / SW-1000) طبقِ جدولِ «RAy3 - 17, 24 GHz Data Speed SW keys» در racom.eu/eng/products/microwave-link-detail؛ نگاشتِ محصول به کلید از عنوان (500Mbps / 1Gbps) فرض شده است. | Eth L2: 141 Mb/s | کلید: SW-360"
6a5cbd5689e6bfd0ee962737,DN-0106,24000-24250,20,1024QAM,10,-65.0,159.2,https://www.racom.eu/eng/products/m/ray3/tech.html,"Tab. 9.25 (Radio parameters 17/24 GHz, BER=10^-6): «RSS values in the table are typical; may differ by up to ±2 dB». rate_mbps = «Bit Rate» همین جدول = نرخِ فیزیکیِ خام (Raw link speed)؛ ظرفیتِ واقعیِ Ethernet L2 (9018B، Tab. 9.24) و کلیدِ ظرفیتِ لازم در انتهای notes. tx_dbm = بیشینهٔ بازهٔ «-30 to +10 dBm (all modulations and channels)»؛ مدل‌های با پسوندِ R فقط تا -15dBm. کلیدِ ظرفیت (SW-360 پیش‌فرض / SW-500 / SW-1000) طبقِ جدولِ «RAy3 - 17, 24 GHz Data Speed SW keys» در racom.eu/eng/products/microwave-link-detail؛ نگاشتِ محصول به کلید از عنوان (500Mbps / 1Gbps) فرض شده است. | Eth L2: 158 Mb/s | کلید: SW-360"
6a5cbd5689e6bfd0ee962737,DN-0106,24000-24250,20,2048QAM,10,-62.0,172.8,https://www.racom.eu/eng/products/m/ray3/tech.html,"Tab. 9.25 (Radio parameters 17/24 GHz, BER=10^-6): «RSS values in the table are typical; may differ by up to ±2 dB». rate_mbps = «Bit Rate» همین جدول = نرخِ فیزیکیِ خام (Raw link speed)؛ ظرفیتِ واقعیِ Ethernet L2 (9018B، Tab. 9.24) و کلیدِ ظرفیتِ لازم در انتهای notes. tx_dbm = بیشینهٔ بازهٔ «-30 to +10 dBm (all modulations and channels)»؛ مدل‌های با پسوندِ R فقط تا -15dBm. کلیدِ ظرفیت (SW-360 پیش‌فرض / SW-500 / SW-1000) طبقِ جدولِ «RAy3 - 17, 24 GHz Data Speed SW keys» در racom.eu/eng/products/microwave-link-detail؛ نگاشتِ محصول به کلید از عنوان (500Mbps / 1Gbps) فرض شده است. | Eth L2: 171 Mb/s | کلید: SW-360"
6a5cbd5689e6bfd0ee962737,DN-0106,24000-24250,20,4096QAM,10,-58.5,186.5,https://www.racom.eu/eng/products/m/ray3/tech.html,"Tab. 9.25 (Radio parameters 17/24 GHz, BER=10^-6): «RSS values in the table are typical; may differ by up to ±2 dB». rate_mbps = «Bit Rate» همین جدول = نرخِ فیزیکیِ خام (Raw link speed)؛ ظرفیتِ واقعیِ Ethernet L2 (9018B، Tab. 9.24) و کلیدِ ظرفیتِ لازم در انتهای notes. tx_dbm = بیشینهٔ بازهٔ «-30 to +10 dBm (all modulations and channels)»؛ مدل‌های با پسوندِ R فقط تا -15dBm. کلیدِ ظرفیت (SW-360 پیش‌فرض / SW-500 / SW-1000) طبقِ جدولِ «RAy3 - 17, 24 GHz Data Speed SW keys» در racom.eu/eng/products/microwave-link-detail؛ نگاشتِ محصول به کلید از عنوان (500Mbps / 1Gbps) فرض شده است. | Eth L2: 185 Mb/s | کلید: SW-360"
6a5cbd5689e6bfd0ee962737,DN-0106,24000-24250,28,QPSK_S,10,-92.5,24.4,https://www.racom.eu/eng/products/m/ray3/tech.html,"Tab. 9.25 (Radio parameters 17/24 GHz, BER=10^-6): «RSS values in the table are typical; may differ by up to ±2 dB». rate_mbps = «Bit Rate» همین جدول = نرخِ فیزیکیِ خام (Raw link speed)؛ ظرفیتِ واقعیِ Ethernet L2 (9018B، Tab. 9.24) و کلیدِ ظرفیتِ لازم در انتهای notes. tx_dbm = بیشینهٔ بازهٔ «-30 to +10 dBm (all modulations and channels)»؛ مدل‌های با پسوندِ R فقط تا -15dBm. کلیدِ ظرفیت (SW-360 پیش‌فرض / SW-500 / SW-1000) طبقِ جدولِ «RAy3 - 17, 24 GHz Data Speed SW keys» در racom.eu/eng/products/microwave-link-detail؛ نگاشتِ محصول به کلید از عنوان (500Mbps / 1Gbps) فرض شده است. | Eth L2: 24 Mb/s | کلید: SW-360"
6a5cbd5689e6bfd0ee962737,DN-0106,24000-24250,28,QPSK,10,-89.5,38.7,https://www.racom.eu/eng/products/m/ray3/tech.html,"Tab. 9.25 (Radio parameters 17/24 GHz, BER=10^-6): «RSS values in the table are typical; may differ by up to ±2 dB». rate_mbps = «Bit Rate» همین جدول = نرخِ فیزیکیِ خام (Raw link speed)؛ ظرفیتِ واقعیِ Ethernet L2 (9018B، Tab. 9.24) و کلیدِ ظرفیتِ لازم در انتهای notes. tx_dbm = بیشینهٔ بازهٔ «-30 to +10 dBm (all modulations and channels)»؛ مدل‌های با پسوندِ R فقط تا -15dBm. کلیدِ ظرفیت (SW-360 پیش‌فرض / SW-500 / SW-1000) طبقِ جدولِ «RAy3 - 17, 24 GHz Data Speed SW keys» در racom.eu/eng/products/microwave-link-detail؛ نگاشتِ محصول به کلید از عنوان (500Mbps / 1Gbps) فرض شده است. | Eth L2: 38 Mb/s | کلید: SW-360"
6a5cbd5689e6bfd0ee962737,DN-0106,24000-24250,28,16QAM,10,-83.0,81.6,https://www.racom.eu/eng/products/m/ray3/tech.html,"Tab. 9.25 (Radio parameters 17/24 GHz, BER=10^-6): «RSS values in the table are typical; may differ by up to ±2 dB». rate_mbps = «Bit Rate» همین جدول = نرخِ فیزیکیِ خام (Raw link speed)؛ ظرفیتِ واقعیِ Ethernet L2 (9018B، Tab. 9.24) و کلیدِ ظرفیتِ لازم در انتهای notes. tx_dbm = بیشینهٔ بازهٔ «-30 to +10 dBm (all modulations and channels)»؛ مدل‌های با پسوندِ R فقط تا -15dBm. کلیدِ ظرفیت (SW-360 پیش‌فرض / SW-500 / SW-1000) طبقِ جدولِ «RAy3 - 17, 24 GHz Data Speed SW keys» در racom.eu/eng/products/microwave-link-detail؛ نگاشتِ محصول به کلید از عنوان (500Mbps / 1Gbps) فرض شده است. | Eth L2: 81 Mb/s | کلید: SW-360"
6a5cbd5689e6bfd0ee962737,DN-0106,24000-24250,28,32QAM,10,-78.5,106.3,https://www.racom.eu/eng/products/m/ray3/tech.html,"Tab. 9.25 (Radio parameters 17/24 GHz, BER=10^-6): «RSS values in the table are typical; may differ by up to ±2 dB». rate_mbps = «Bit Rate» همین جدول = نرخِ فیزیکیِ خام (Raw link speed)؛ ظرفیتِ واقعیِ Ethernet L2 (9018B، Tab. 9.24) و کلیدِ ظرفیتِ لازم در انتهای notes. tx_dbm = بیشینهٔ بازهٔ «-30 to +10 dBm (all modulations and channels)»؛ مدل‌های با پسوندِ R فقط تا -15dBm. کلیدِ ظرفیت (SW-360 پیش‌فرض / SW-500 / SW-1000) طبقِ جدولِ «RAy3 - 17, 24 GHz Data Speed SW keys» در racom.eu/eng/products/microwave-link-detail؛ نگاشتِ محصول به کلید از عنوان (500Mbps / 1Gbps) فرض شده است. | Eth L2: 105 Mb/s | کلید: SW-360"
6a5cbd5689e6bfd0ee962737,DN-0106,24000-24250,28,64QAM,10,-75.5,133.2,https://www.racom.eu/eng/products/m/ray3/tech.html,"Tab. 9.25 (Radio parameters 17/24 GHz, BER=10^-6): «RSS values in the table are typical; may differ by up to ±2 dB». rate_mbps = «Bit Rate» همین جدول = نرخِ فیزیکیِ خام (Raw link speed)؛ ظرفیتِ واقعیِ Ethernet L2 (9018B، Tab. 9.24) و کلیدِ ظرفیتِ لازم در انتهای notes. tx_dbm = بیشینهٔ بازهٔ «-30 to +10 dBm (all modulations and channels)»؛ مدل‌های با پسوندِ R فقط تا -15dBm. کلیدِ ظرفیت (SW-360 پیش‌فرض / SW-500 / SW-1000) طبقِ جدولِ «RAy3 - 17, 24 GHz Data Speed SW keys» در racom.eu/eng/products/microwave-link-detail؛ نگاشتِ محصول به کلید از عنوان (500Mbps / 1Gbps) فرض شده است. | Eth L2: 132 Mb/s | کلید: SW-360"
6a5cbd5689e6bfd0ee962737,DN-0106,24000-24250,28,128QAM,10,-72.5,158.7,https://www.racom.eu/eng/products/m/ray3/tech.html,"Tab. 9.25 (Radio parameters 17/24 GHz, BER=10^-6): «RSS values in the table are typical; may differ by up to ±2 dB». rate_mbps = «Bit Rate» همین جدول = نرخِ فیزیکیِ خام (Raw link speed)؛ ظرفیتِ واقعیِ Ethernet L2 (9018B، Tab. 9.24) و کلیدِ ظرفیتِ لازم در انتهای notes. tx_dbm = بیشینهٔ بازهٔ «-30 to +10 dBm (all modulations and channels)»؛ مدل‌های با پسوندِ R فقط تا -15dBm. کلیدِ ظرفیت (SW-360 پیش‌فرض / SW-500 / SW-1000) طبقِ جدولِ «RAy3 - 17, 24 GHz Data Speed SW keys» در racom.eu/eng/products/microwave-link-detail؛ نگاشتِ محصول به کلید از عنوان (500Mbps / 1Gbps) فرض شده است. | Eth L2: 157 Mb/s | کلید: SW-360"
6a5cbd5689e6bfd0ee962737,DN-0106,24000-24250,28,256QAM,10,-69.5,182.2,https://www.racom.eu/eng/products/m/ray3/tech.html,"Tab. 9.25 (Radio parameters 17/24 GHz, BER=10^-6): «RSS values in the table are typical; may differ by up to ±2 dB». rate_mbps = «Bit Rate» همین جدول = نرخِ فیزیکیِ خام (Raw link speed)؛ ظرفیتِ واقعیِ Ethernet L2 (9018B، Tab. 9.24) و کلیدِ ظرفیتِ لازم در انتهای notes. tx_dbm = بیشینهٔ بازهٔ «-30 to +10 dBm (all modulations and channels)»؛ مدل‌های با پسوندِ R فقط تا -15dBm. کلیدِ ظرفیت (SW-360 پیش‌فرض / SW-500 / SW-1000) طبقِ جدولِ «RAy3 - 17, 24 GHz Data Speed SW keys» در racom.eu/eng/products/microwave-link-detail؛ نگاشتِ محصول به کلید از عنوان (500Mbps / 1Gbps) فرض شده است. | Eth L2: 180 Mb/s | کلید: SW-360"
6a5cbd5689e6bfd0ee962737,DN-0106,24000-24250,28,512QAM,10,-66.5,204.4,https://www.racom.eu/eng/products/m/ray3/tech.html,"Tab. 9.25 (Radio parameters 17/24 GHz, BER=10^-6): «RSS values in the table are typical; may differ by up to ±2 dB». rate_mbps = «Bit Rate» همین جدول = نرخِ فیزیکیِ خام (Raw link speed)؛ ظرفیتِ واقعیِ Ethernet L2 (9018B، Tab. 9.24) و کلیدِ ظرفیتِ لازم در انتهای notes. tx_dbm = بیشینهٔ بازهٔ «-30 to +10 dBm (all modulations and channels)»؛ مدل‌های با پسوندِ R فقط تا -15dBm. کلیدِ ظرفیت (SW-360 پیش‌فرض / SW-500 / SW-1000) طبقِ جدولِ «RAy3 - 17, 24 GHz Data Speed SW keys» در racom.eu/eng/products/microwave-link-detail؛ نگاشتِ محصول به کلید از عنوان (500Mbps / 1Gbps) فرض شده است. | Eth L2: 202 Mb/s | کلید: SW-360"
6a5cbd5689e6bfd0ee962737,DN-0106,24000-24250,28,1024QAM,10,-63.5,229.1,https://www.racom.eu/eng/products/m/ray3/tech.html,"Tab. 9.25 (Radio parameters 17/24 GHz, BER=10^-6): «RSS values in the table are typical; may differ by up to ±2 dB». rate_mbps = «Bit Rate» همین جدول = نرخِ فیزیکیِ خام (Raw link speed)؛ ظرفیتِ واقعیِ Ethernet L2 (9018B، Tab. 9.24) و کلیدِ ظرفیتِ لازم در انتهای notes. tx_dbm = بیشینهٔ بازهٔ «-30 to +10 dBm (all modulations and channels)»؛ مدل‌های با پسوندِ R فقط تا -15dBm. کلیدِ ظرفیت (SW-360 پیش‌فرض / SW-500 / SW-1000) طبقِ جدولِ «RAy3 - 17, 24 GHz Data Speed SW keys» در racom.eu/eng/products/microwave-link-detail؛ نگاشتِ محصول به کلید از عنوان (500Mbps / 1Gbps) فرض شده است. | Eth L2: 227 Mb/s | کلید: SW-360"
6a5cbd5689e6bfd0ee962737,DN-0106,24000-24250,28,2048QAM,10,-60.5,251.3,https://www.racom.eu/eng/products/m/ray3/tech.html,"Tab. 9.25 (Radio parameters 17/24 GHz, BER=10^-6): «RSS values in the table are typical; may differ by up to ±2 dB». rate_mbps = «Bit Rate» همین جدول = نرخِ فیزیکیِ خام (Raw link speed)؛ ظرفیتِ واقعیِ Ethernet L2 (9018B، Tab. 9.24) و کلیدِ ظرفیتِ لازم در انتهای notes. tx_dbm = بیشینهٔ بازهٔ «-30 to +10 dBm (all modulations and channels)»؛ مدل‌های با پسوندِ R فقط تا -15dBm. کلیدِ ظرفیت (SW-360 پیش‌فرض / SW-500 / SW-1000) طبقِ جدولِ «RAy3 - 17, 24 GHz Data Speed SW keys» در racom.eu/eng/products/microwave-link-detail؛ نگاشتِ محصول به کلید از عنوان (500Mbps / 1Gbps) فرض شده است. | Eth L2: 249 Mb/s | کلید: SW-360"
6a5cbd5689e6bfd0ee962737,DN-0106,24000-24250,28,4096QAM,10,-57.5,271.6,https://www.racom.eu/eng/products/m/ray3/tech.html,"Tab. 9.25 (Radio parameters 17/24 GHz, BER=10^-6): «RSS values in the table are typical; may differ by up to ±2 dB». rate_mbps = «Bit Rate» همین جدول = نرخِ فیزیکیِ خام (Raw link speed)؛ ظرفیتِ واقعیِ Ethernet L2 (9018B، Tab. 9.24) و کلیدِ ظرفیتِ لازم در انتهای notes. tx_dbm = بیشینهٔ بازهٔ «-30 to +10 dBm (all modulations and channels)»؛ مدل‌های با پسوندِ R فقط تا -15dBm. کلیدِ ظرفیت (SW-360 پیش‌فرض / SW-500 / SW-1000) طبقِ جدولِ «RAy3 - 17, 24 GHz Data Speed SW keys» در racom.eu/eng/products/microwave-link-detail؛ نگاشتِ محصول به کلید از عنوان (500Mbps / 1Gbps) فرض شده است. | Eth L2: 269 Mb/s | کلید: SW-360"
6a5cbd5689e6bfd0ee962737,DN-0106,24000-24250,40,QPSK_S,10,-90.5,34.2,https://www.racom.eu/eng/products/m/ray3/tech.html,"Tab. 9.25 (Radio parameters 17/24 GHz, BER=10^-6): «RSS values in the table are typical; may differ by up to ±2 dB». rate_mbps = «Bit Rate» همین جدول = نرخِ فیزیکیِ خام (Raw link speed)؛ ظرفیتِ واقعیِ Ethernet L2 (9018B، Tab. 9.24) و کلیدِ ظرفیتِ لازم در انتهای notes. tx_dbm = بیشینهٔ بازهٔ «-30 to +10 dBm (all modulations and channels)»؛ مدل‌های با پسوندِ R فقط تا -15dBm. کلیدِ ظرفیت (SW-360 پیش‌فرض / SW-500 / SW-1000) طبقِ جدولِ «RAy3 - 17, 24 GHz Data Speed SW keys» در racom.eu/eng/products/microwave-link-detail؛ نگاشتِ محصول به کلید از عنوان (500Mbps / 1Gbps) فرض شده است. | Eth L2: 34 Mb/s | کلید: SW-360"
6a5cbd5689e6bfd0ee962737,DN-0106,24000-24250,40,QPSK,10,-87.5,54.1,https://www.racom.eu/eng/products/m/ray3/tech.html,"Tab. 9.25 (Radio parameters 17/24 GHz, BER=10^-6): «RSS values in the table are typical; may differ by up to ±2 dB». rate_mbps = «Bit Rate» همین جدول = نرخِ فیزیکیِ خام (Raw link speed)؛ ظرفیتِ واقعیِ Ethernet L2 (9018B، Tab. 9.24) و کلیدِ ظرفیتِ لازم در انتهای notes. tx_dbm = بیشینهٔ بازهٔ «-30 to +10 dBm (all modulations and channels)»؛ مدل‌های با پسوندِ R فقط تا -15dBm. کلیدِ ظرفیت (SW-360 پیش‌فرض / SW-500 / SW-1000) طبقِ جدولِ «RAy3 - 17, 24 GHz Data Speed SW keys» در racom.eu/eng/products/microwave-link-detail؛ نگاشتِ محصول به کلید از عنوان (500Mbps / 1Gbps) فرض شده است. | Eth L2: 54 Mb/s | کلید: SW-360"
6a5cbd5689e6bfd0ee962737,DN-0106,24000-24250,40,16QAM,10,-81.0,114.3,https://www.racom.eu/eng/products/m/ray3/tech.html,"Tab. 9.25 (Radio parameters 17/24 GHz, BER=10^-6): «RSS values in the table are typical; may differ by up to ±2 dB». rate_mbps = «Bit Rate» همین جدول = نرخِ فیزیکیِ خام (Raw link speed)؛ ظرفیتِ واقعیِ Ethernet L2 (9018B، Tab. 9.24) و کلیدِ ظرفیتِ لازم در انتهای notes. tx_dbm = بیشینهٔ بازهٔ «-30 to +10 dBm (all modulations and channels)»؛ مدل‌های با پسوندِ R فقط تا -15dBm. کلیدِ ظرفیت (SW-360 پیش‌فرض / SW-500 / SW-1000) طبقِ جدولِ «RAy3 - 17, 24 GHz Data Speed SW keys» در racom.eu/eng/products/microwave-link-detail؛ نگاشتِ محصول به کلید از عنوان (500Mbps / 1Gbps) فرض شده است. | Eth L2: 113 Mb/s | کلید: SW-360"
6a5cbd5689e6bfd0ee962737,DN-0106,24000-24250,40,32QAM,10,-77.0,148.9,https://www.racom.eu/eng/products/m/ray3/tech.html,"Tab. 9.25 (Radio parameters 17/24 GHz, BER=10^-6): «RSS values in the table are typical; may differ by up to ±2 dB». rate_mbps = «Bit Rate» همین جدول = نرخِ فیزیکیِ خام (Raw link speed)؛ ظرفیتِ واقعیِ Ethernet L2 (9018B، Tab. 9.24) و کلیدِ ظرفیتِ لازم در انتهای notes. tx_dbm = بیشینهٔ بازهٔ «-30 to +10 dBm (all modulations and channels)»؛ مدل‌های با پسوندِ R فقط تا -15dBm. کلیدِ ظرفیت (SW-360 پیش‌فرض / SW-500 / SW-1000) طبقِ جدولِ «RAy3 - 17, 24 GHz Data Speed SW keys» در racom.eu/eng/products/microwave-link-detail؛ نگاشتِ محصول به کلید از عنوان (500Mbps / 1Gbps) فرض شده است. | Eth L2: 147 Mb/s | کلید: SW-360"
6a5cbd5689e6bfd0ee962737,DN-0106,24000-24250,40,64QAM,10,-74.0,186.3,https://www.racom.eu/eng/products/m/ray3/tech.html,"Tab. 9.25 (Radio parameters 17/24 GHz, BER=10^-6): «RSS values in the table are typical; may differ by up to ±2 dB». rate_mbps = «Bit Rate» همین جدول = نرخِ فیزیکیِ خام (Raw link speed)؛ ظرفیتِ واقعیِ Ethernet L2 (9018B، Tab. 9.24) و کلیدِ ظرفیتِ لازم در انتهای notes. tx_dbm = بیشینهٔ بازهٔ «-30 to +10 dBm (all modulations and channels)»؛ مدل‌های با پسوندِ R فقط تا -15dBm. کلیدِ ظرفیت (SW-360 پیش‌فرض / SW-500 / SW-1000) طبقِ جدولِ «RAy3 - 17, 24 GHz Data Speed SW keys» در racom.eu/eng/products/microwave-link-detail؛ نگاشتِ محصول به کلید از عنوان (500Mbps / 1Gbps) فرض شده است. | Eth L2: 184 Mb/s | کلید: SW-360"
6a5cbd5689e6bfd0ee962737,DN-0106,24000-24250,40,128QAM,10,-71.0,222.4,https://www.racom.eu/eng/products/m/ray3/tech.html,"Tab. 9.25 (Radio parameters 17/24 GHz, BER=10^-6): «RSS values in the table are typical; may differ by up to ±2 dB». rate_mbps = «Bit Rate» همین جدول = نرخِ فیزیکیِ خام (Raw link speed)؛ ظرفیتِ واقعیِ Ethernet L2 (9018B، Tab. 9.24) و کلیدِ ظرفیتِ لازم در انتهای notes. tx_dbm = بیشینهٔ بازهٔ «-30 to +10 dBm (all modulations and channels)»؛ مدل‌های با پسوندِ R فقط تا -15dBm. کلیدِ ظرفیت (SW-360 پیش‌فرض / SW-500 / SW-1000) طبقِ جدولِ «RAy3 - 17, 24 GHz Data Speed SW keys» در racom.eu/eng/products/microwave-link-detail؛ نگاشتِ محصول به کلید از عنوان (500Mbps / 1Gbps) فرض شده است. | Eth L2: 220 Mb/s | کلید: SW-360"
6a5cbd5689e6bfd0ee962737,DN-0106,24000-24250,40,256QAM,10,-68.0,255.0,https://www.racom.eu/eng/products/m/ray3/tech.html,"Tab. 9.25 (Radio parameters 17/24 GHz, BER=10^-6): «RSS values in the table are typical; may differ by up to ±2 dB». rate_mbps = «Bit Rate» همین جدول = نرخِ فیزیکیِ خام (Raw link speed)؛ ظرفیتِ واقعیِ Ethernet L2 (9018B، Tab. 9.24) و کلیدِ ظرفیتِ لازم در انتهای notes. tx_dbm = بیشینهٔ بازهٔ «-30 to +10 dBm (all modulations and channels)»؛ مدل‌های با پسوندِ R فقط تا -15dBm. کلیدِ ظرفیت (SW-360 پیش‌فرض / SW-500 / SW-1000) طبقِ جدولِ «RAy3 - 17, 24 GHz Data Speed SW keys» در racom.eu/eng/products/microwave-link-detail؛ نگاشتِ محصول به کلید از عنوان (500Mbps / 1Gbps) فرض شده است. | Eth L2: 252 Mb/s | کلید: SW-360"
6a5cbd5689e6bfd0ee962737,DN-0106,24000-24250,40,512QAM,10,-65.0,286.2,https://www.racom.eu/eng/products/m/ray3/tech.html,"Tab. 9.25 (Radio parameters 17/24 GHz, BER=10^-6): «RSS values in the table are typical; may differ by up to ±2 dB». rate_mbps = «Bit Rate» همین جدول = نرخِ فیزیکیِ خام (Raw link speed)؛ ظرفیتِ واقعیِ Ethernet L2 (9018B، Tab. 9.24) و کلیدِ ظرفیتِ لازم در انتهای notes. tx_dbm = بیشینهٔ بازهٔ «-30 to +10 dBm (all modulations and channels)»؛ مدل‌های با پسوندِ R فقط تا -15dBm. کلیدِ ظرفیت (SW-360 پیش‌فرض / SW-500 / SW-1000) طبقِ جدولِ «RAy3 - 17, 24 GHz Data Speed SW keys» در racom.eu/eng/products/microwave-link-detail؛ نگاشتِ محصول به کلید از عنوان (500Mbps / 1Gbps) فرض شده است. | Eth L2: 283 Mb/s | کلید: SW-360"
6a5cbd5689e6bfd0ee962737,DN-0106,24000-24250,40,1024QAM,10,-62.0,320.9,https://www.racom.eu/eng/products/m/ray3/tech.html,"Tab. 9.25 (Radio parameters 17/24 GHz, BER=10^-6): «RSS values in the table are typical; may differ by up to ±2 dB». rate_mbps = «Bit Rate» همین جدول = نرخِ فیزیکیِ خام (Raw link speed)؛ ظرفیتِ واقعیِ Ethernet L2 (9018B، Tab. 9.24) و کلیدِ ظرفیتِ لازم در انتهای notes. tx_dbm = بیشینهٔ بازهٔ «-30 to +10 dBm (all modulations and channels)»؛ مدل‌های با پسوندِ R فقط تا -15dBm. کلیدِ ظرفیت (SW-360 پیش‌فرض / SW-500 / SW-1000) طبقِ جدولِ «RAy3 - 17, 24 GHz Data Speed SW keys» در racom.eu/eng/products/microwave-link-detail؛ نگاشتِ محصول به کلید از عنوان (500Mbps / 1Gbps) فرض شده است. | Eth L2: 317 Mb/s | کلید: SW-360"
6a5cbd5689e6bfd0ee962737,DN-0106,24000-24250,40,2048QAM,10,-59.0,351.8,https://www.racom.eu/eng/products/m/ray3/tech.html,"Tab. 9.25 (Radio parameters 17/24 GHz, BER=10^-6): «RSS values in the table are typical; may differ by up to ±2 dB». rate_mbps = «Bit Rate» همین جدول = نرخِ فیزیکیِ خام (Raw link speed)؛ ظرفیتِ واقعیِ Ethernet L2 (9018B، Tab. 9.24) و کلیدِ ظرفیتِ لازم در انتهای notes. tx_dbm = بیشینهٔ بازهٔ «-30 to +10 dBm (all modulations and channels)»؛ مدل‌های با پسوندِ R فقط تا -15dBm. کلیدِ ظرفیت (SW-360 پیش‌فرض / SW-500 / SW-1000) طبقِ جدولِ «RAy3 - 17, 24 GHz Data Speed SW keys» در racom.eu/eng/products/microwave-link-detail؛ نگاشتِ محصول به کلید از عنوان (500Mbps / 1Gbps) فرض شده است. | Eth L2: 348 Mb/s | کلید: SW-360"
6a5cbd5689e6bfd0ee962737,DN-0106,24000-24250,40,4096QAM,10,-56.0,380.3,https://www.racom.eu/eng/products/m/ray3/tech.html,"Tab. 9.25 (Radio parameters 17/24 GHz, BER=10^-6): «RSS values in the table are typical; may differ by up to ±2 dB». rate_mbps = «Bit Rate» همین جدول = نرخِ فیزیکیِ خام (Raw link speed)؛ ظرفیتِ واقعیِ Ethernet L2 (9018B، Tab. 9.24) و کلیدِ ظرفیتِ لازم در انتهای notes. tx_dbm = بیشینهٔ بازهٔ «-30 to +10 dBm (all modulations and channels)»؛ مدل‌های با پسوندِ R فقط تا -15dBm. کلیدِ ظرفیت (SW-360 پیش‌فرض / SW-500 / SW-1000) طبقِ جدولِ «RAy3 - 17, 24 GHz Data Speed SW keys» در racom.eu/eng/products/microwave-link-detail؛ نگاشتِ محصول به کلید از عنوان (500Mbps / 1Gbps) فرض شده است. | Eth L2: 376 Mb/s | کلید: SW-500"
6a5cbd5689e6bfd0ee962737,DN-0106,24000-24250,56,QPSK_S,10,-89.5,49.0,https://www.racom.eu/eng/products/m/ray3/tech.html,"Tab. 9.25 (Radio parameters 17/24 GHz, BER=10^-6): «RSS values in the table are typical; may differ by up to ±2 dB». rate_mbps = «Bit Rate» همین جدول = نرخِ فیزیکیِ خام (Raw link speed)؛ ظرفیتِ واقعیِ Ethernet L2 (9018B، Tab. 9.24) و کلیدِ ظرفیتِ لازم در انتهای notes. tx_dbm = بیشینهٔ بازهٔ «-30 to +10 dBm (all modulations and channels)»؛ مدل‌های با پسوندِ R فقط تا -15dBm. کلیدِ ظرفیت (SW-360 پیش‌فرض / SW-500 / SW-1000) طبقِ جدولِ «RAy3 - 17, 24 GHz Data Speed SW keys» در racom.eu/eng/products/microwave-link-detail؛ نگاشتِ محصول به کلید از عنوان (500Mbps / 1Gbps) فرض شده است. | Eth L2: 48 Mb/s | کلید: SW-360"
6a5cbd5689e6bfd0ee962737,DN-0106,24000-24250,56,QPSK,10,-86.0,81.6,https://www.racom.eu/eng/products/m/ray3/tech.html,"Tab. 9.25 (Radio parameters 17/24 GHz, BER=10^-6): «RSS values in the table are typical; may differ by up to ±2 dB». rate_mbps = «Bit Rate» همین جدول = نرخِ فیزیکیِ خام (Raw link speed)؛ ظرفیتِ واقعیِ Ethernet L2 (9018B، Tab. 9.24) و کلیدِ ظرفیتِ لازم در انتهای notes. tx_dbm = بیشینهٔ بازهٔ «-30 to +10 dBm (all modulations and channels)»؛ مدل‌های با پسوندِ R فقط تا -15dBm. کلیدِ ظرفیت (SW-360 پیش‌فرض / SW-500 / SW-1000) طبقِ جدولِ «RAy3 - 17, 24 GHz Data Speed SW keys» در racom.eu/eng/products/microwave-link-detail؛ نگاشتِ محصول به کلید از عنوان (500Mbps / 1Gbps) فرض شده است. | Eth L2: 81 Mb/s | کلید: SW-360"
6a5cbd5689e6bfd0ee962737,DN-0106,24000-24250,56,16QAM,10,-79.0,170.1,https://www.racom.eu/eng/products/m/ray3/tech.html,"Tab. 9.25 (Radio parameters 17/24 GHz, BER=10^-6): «RSS values in the table are typical; may differ by up to ±2 dB». rate_mbps = «Bit Rate» همین جدول = نرخِ فیزیکیِ خام (Raw link speed)؛ ظرفیتِ واقعیِ Ethernet L2 (9018B، Tab. 9.24) و کلیدِ ظرفیتِ لازم در انتهای notes. tx_dbm = بیشینهٔ بازهٔ «-30 to +10 dBm (all modulations and channels)»؛ مدل‌های با پسوندِ R فقط تا -15dBm. کلیدِ ظرفیت (SW-360 پیش‌فرض / SW-500 / SW-1000) طبقِ جدولِ «RAy3 - 17, 24 GHz Data Speed SW keys» در racom.eu/eng/products/microwave-link-detail؛ نگاشتِ محصول به کلید از عنوان (500Mbps / 1Gbps) فرض شده است. | Eth L2: 168 Mb/s | کلید: SW-360"
6a5cbd5689e6bfd0ee962737,DN-0106,24000-24250,56,32QAM,10,-75.0,215.1,https://www.racom.eu/eng/products/m/ray3/tech.html,"Tab. 9.25 (Radio parameters 17/24 GHz, BER=10^-6): «RSS values in the table are typical; may differ by up to ±2 dB». rate_mbps = «Bit Rate» همین جدول = نرخِ فیزیکیِ خام (Raw link speed)؛ ظرفیتِ واقعیِ Ethernet L2 (9018B، Tab. 9.24) و کلیدِ ظرفیتِ لازم در انتهای notes. tx_dbm = بیشینهٔ بازهٔ «-30 to +10 dBm (all modulations and channels)»؛ مدل‌های با پسوندِ R فقط تا -15dBm. کلیدِ ظرفیت (SW-360 پیش‌فرض / SW-500 / SW-1000) طبقِ جدولِ «RAy3 - 17, 24 GHz Data Speed SW keys» در racom.eu/eng/products/microwave-link-detail؛ نگاشتِ محصول به کلید از عنوان (500Mbps / 1Gbps) فرض شده است. | Eth L2: 213 Mb/s | کلید: SW-360"
6a5cbd5689e6bfd0ee962737,DN-0106,24000-24250,56,64QAM,10,-72.0,270.1,https://www.racom.eu/eng/products/m/ray3/tech.html,"Tab. 9.25 (Radio parameters 17/24 GHz, BER=10^-6): «RSS values in the table are typical; may differ by up to ±2 dB». rate_mbps = «Bit Rate» همین جدول = نرخِ فیزیکیِ خام (Raw link speed)؛ ظرفیتِ واقعیِ Ethernet L2 (9018B، Tab. 9.24) و کلیدِ ظرفیتِ لازم در انتهای notes. tx_dbm = بیشینهٔ بازهٔ «-30 to +10 dBm (all modulations and channels)»؛ مدل‌های با پسوندِ R فقط تا -15dBm. کلیدِ ظرفیت (SW-360 پیش‌فرض / SW-500 / SW-1000) طبقِ جدولِ «RAy3 - 17, 24 GHz Data Speed SW keys» در racom.eu/eng/products/microwave-link-detail؛ نگاشتِ محصول به کلید از عنوان (500Mbps / 1Gbps) فرض شده است. | Eth L2: 267 Mb/s | کلید: SW-360"
6a5cbd5689e6bfd0ee962737,DN-0106,24000-24250,56,128QAM,10,-69.0,322.3,https://www.racom.eu/eng/products/m/ray3/tech.html,"Tab. 9.25 (Radio parameters 17/24 GHz, BER=10^-6): «RSS values in the table are typical; may differ by up to ±2 dB». rate_mbps = «Bit Rate» همین جدول = نرخِ فیزیکیِ خام (Raw link speed)؛ ظرفیتِ واقعیِ Ethernet L2 (9018B، Tab. 9.24) و کلیدِ ظرفیتِ لازم در انتهای notes. tx_dbm = بیشینهٔ بازهٔ «-30 to +10 dBm (all modulations and channels)»؛ مدل‌های با پسوندِ R فقط تا -15dBm. کلیدِ ظرفیت (SW-360 پیش‌فرض / SW-500 / SW-1000) طبقِ جدولِ «RAy3 - 17, 24 GHz Data Speed SW keys» در racom.eu/eng/products/microwave-link-detail؛ نگاشتِ محصول به کلید از عنوان (500Mbps / 1Gbps) فرض شده است. | Eth L2: 319 Mb/s | کلید: SW-360"
6a5cbd5689e6bfd0ee962737,DN-0106,24000-24250,56,256QAM,10,-66.0,369.8,https://www.racom.eu/eng/products/m/ray3/tech.html,"Tab. 9.25 (Radio parameters 17/24 GHz, BER=10^-6): «RSS values in the table are typical; may differ by up to ±2 dB». rate_mbps = «Bit Rate» همین جدول = نرخِ فیزیکیِ خام (Raw link speed)؛ ظرفیتِ واقعیِ Ethernet L2 (9018B، Tab. 9.24) و کلیدِ ظرفیتِ لازم در انتهای notes. tx_dbm = بیشینهٔ بازهٔ «-30 to +10 dBm (all modulations and channels)»؛ مدل‌های با پسوندِ R فقط تا -15dBm. کلیدِ ظرفیت (SW-360 پیش‌فرض / SW-500 / SW-1000) طبقِ جدولِ «RAy3 - 17, 24 GHz Data Speed SW keys» در racom.eu/eng/products/microwave-link-detail؛ نگاشتِ محصول به کلید از عنوان (500Mbps / 1Gbps) فرض شده است. | Eth L2: 366 Mb/s | کلید: SW-360"
6a5cbd5689e6bfd0ee962737,DN-0106,24000-24250,56,512QAM,10,-63.0,418.1,https://www.racom.eu/eng/products/m/ray3/tech.html,"Tab. 9.25 (Radio parameters 17/24 GHz, BER=10^-6): «RSS values in the table are typical; may differ by up to ±2 dB». rate_mbps = «Bit Rate» همین جدول = نرخِ فیزیکیِ خام (Raw link speed)؛ ظرفیتِ واقعیِ Ethernet L2 (9018B، Tab. 9.24) و کلیدِ ظرفیتِ لازم در انتهای notes. tx_dbm = بیشینهٔ بازهٔ «-30 to +10 dBm (all modulations and channels)»؛ مدل‌های با پسوندِ R فقط تا -15dBm. کلیدِ ظرفیت (SW-360 پیش‌فرض / SW-500 / SW-1000) طبقِ جدولِ «RAy3 - 17, 24 GHz Data Speed SW keys» در racom.eu/eng/products/microwave-link-detail؛ نگاشتِ محصول به کلید از عنوان (500Mbps / 1Gbps) فرض شده است. | Eth L2: 413 Mb/s | کلید: SW-500"
6a5cbd5689e6bfd0ee962737,DN-0106,24000-24250,56,1024QAM,10,-60.0,463.8,https://www.racom.eu/eng/products/m/ray3/tech.html,"Tab. 9.25 (Radio parameters 17/24 GHz, BER=10^-6): «RSS values in the table are typical; may differ by up to ±2 dB». rate_mbps = «Bit Rate» همین جدول = نرخِ فیزیکیِ خام (Raw link speed)؛ ظرفیتِ واقعیِ Ethernet L2 (9018B، Tab. 9.24) و کلیدِ ظرفیتِ لازم در انتهای notes. tx_dbm = بیشینهٔ بازهٔ «-30 to +10 dBm (all modulations and channels)»؛ مدل‌های با پسوندِ R فقط تا -15dBm. کلیدِ ظرفیت (SW-360 پیش‌فرض / SW-500 / SW-1000) طبقِ جدولِ «RAy3 - 17, 24 GHz Data Speed SW keys» در racom.eu/eng/products/microwave-link-detail؛ نگاشتِ محصول به کلید از عنوان (500Mbps / 1Gbps) فرض شده است. | Eth L2: 459 Mb/s | کلید: SW-500"
6a5cbd5689e6bfd0ee962737,DN-0106,24000-24250,56,2048QAM,10,-57.0,506.1,https://www.racom.eu/eng/products/m/ray3/tech.html,"Tab. 9.25 (Radio parameters 17/24 GHz, BER=10^-6): «RSS values in the table are typical; may differ by up to ±2 dB». rate_mbps = «Bit Rate» همین جدول = نرخِ فیزیکیِ خام (Raw link speed)؛ ظرفیتِ واقعیِ Ethernet L2 (9018B، Tab. 9.24) و کلیدِ ظرفیتِ لازم در انتهای notes. tx_dbm = بیشینهٔ بازهٔ «-30 to +10 dBm (all modulations and channels)»؛ مدل‌های با پسوندِ R فقط تا -15dBm. کلیدِ ظرفیت (SW-360 پیش‌فرض / SW-500 / SW-1000) طبقِ جدولِ «RAy3 - 17, 24 GHz Data Speed SW keys» در racom.eu/eng/products/microwave-link-detail؛ نگاشتِ محصول به کلید از عنوان (500Mbps / 1Gbps) فرض شده است. | Eth L2: 501 Mb/s | کلید: SW-500"
6a5cbd5689e6bfd0ee962737,DN-0106,24000-24250,56,4096QAM,10,-54.0,545.5,https://www.racom.eu/eng/products/m/ray3/tech.html,"Tab. 9.25 (Radio parameters 17/24 GHz, BER=10^-6): «RSS values in the table are typical; may differ by up to ±2 dB». rate_mbps = «Bit Rate» همین جدول = نرخِ فیزیکیِ خام (Raw link speed)؛ ظرفیتِ واقعیِ Ethernet L2 (9018B، Tab. 9.24) و کلیدِ ظرفیتِ لازم در انتهای notes. tx_dbm = بیشینهٔ بازهٔ «-30 to +10 dBm (all modulations and channels)»؛ مدل‌های با پسوندِ R فقط تا -15dBm. کلیدِ ظرفیت (SW-360 پیش‌فرض / SW-500 / SW-1000) طبقِ جدولِ «RAy3 - 17, 24 GHz Data Speed SW keys» در racom.eu/eng/products/microwave-link-detail؛ نگاشتِ محصول به کلید از عنوان (500Mbps / 1Gbps) فرض شده است. | Eth L2: 540 Mb/s | کلید: SW-1000"
6a5cbd5689e6bfd0ee962737,DN-0106,24000-24250,80,QPSK_S,10,-88.0,69.6,https://www.racom.eu/eng/products/m/ray3/tech.html,"Tab. 9.25 (Radio parameters 17/24 GHz, BER=10^-6): «RSS values in the table are typical; may differ by up to ±2 dB». rate_mbps = «Bit Rate» همین جدول = نرخِ فیزیکیِ خام (Raw link speed)؛ ظرفیتِ واقعیِ Ethernet L2 (9018B، Tab. 9.24) و کلیدِ ظرفیتِ لازم در انتهای notes. tx_dbm = بیشینهٔ بازهٔ «-30 to +10 dBm (all modulations and channels)»؛ مدل‌های با پسوندِ R فقط تا -15dBm. کلیدِ ظرفیت (SW-360 پیش‌فرض / SW-500 / SW-1000) طبقِ جدولِ «RAy3 - 17, 24 GHz Data Speed SW keys» در racom.eu/eng/products/microwave-link-detail؛ نگاشتِ محصول به کلید از عنوان (500Mbps / 1Gbps) فرض شده است. | Eth L2: 69 Mb/s | کلید: SW-360"
6a5cbd5689e6bfd0ee962737,DN-0106,24000-24250,80,QPSK,10,-84.5,116.3,https://www.racom.eu/eng/products/m/ray3/tech.html,"Tab. 9.25 (Radio parameters 17/24 GHz, BER=10^-6): «RSS values in the table are typical; may differ by up to ±2 dB». rate_mbps = «Bit Rate» همین جدول = نرخِ فیزیکیِ خام (Raw link speed)؛ ظرفیتِ واقعیِ Ethernet L2 (9018B، Tab. 9.24) و کلیدِ ظرفیتِ لازم در انتهای notes. tx_dbm = بیشینهٔ بازهٔ «-30 to +10 dBm (all modulations and channels)»؛ مدل‌های با پسوندِ R فقط تا -15dBm. کلیدِ ظرفیت (SW-360 پیش‌فرض / SW-500 / SW-1000) طبقِ جدولِ «RAy3 - 17, 24 GHz Data Speed SW keys» در racom.eu/eng/products/microwave-link-detail؛ نگاشتِ محصول به کلید از عنوان (500Mbps / 1Gbps) فرض شده است. | Eth L2: 115 Mb/s | کلید: SW-360"
6a5cbd5689e6bfd0ee962737,DN-0106,24000-24250,80,16QAM,10,-77.5,242.1,https://www.racom.eu/eng/products/m/ray3/tech.html,"Tab. 9.25 (Radio parameters 17/24 GHz, BER=10^-6): «RSS values in the table are typical; may differ by up to ±2 dB». rate_mbps = «Bit Rate» همین جدول = نرخِ فیزیکیِ خام (Raw link speed)؛ ظرفیتِ واقعیِ Ethernet L2 (9018B، Tab. 9.24) و کلیدِ ظرفیتِ لازم در انتهای notes. tx_dbm = بیشینهٔ بازهٔ «-30 to +10 dBm (all modulations and channels)»؛ مدل‌های با پسوندِ R فقط تا -15dBm. کلیدِ ظرفیت (SW-360 پیش‌فرض / SW-500 / SW-1000) طبقِ جدولِ «RAy3 - 17, 24 GHz Data Speed SW keys» در racom.eu/eng/products/microwave-link-detail؛ نگاشتِ محصول به کلید از عنوان (500Mbps / 1Gbps) فرض شده است. | Eth L2: 240 Mb/s | کلید: SW-360"
6a5cbd5689e6bfd0ee962737,DN-0106,24000-24250,80,32QAM,10,-73.5,306.1,https://www.racom.eu/eng/products/m/ray3/tech.html,"Tab. 9.25 (Radio parameters 17/24 GHz, BER=10^-6): «RSS values in the table are typical; may differ by up to ±2 dB». rate_mbps = «Bit Rate» همین جدول = نرخِ فیزیکیِ خام (Raw link speed)؛ ظرفیتِ واقعیِ Ethernet L2 (9018B، Tab. 9.24) و کلیدِ ظرفیتِ لازم در انتهای notes. tx_dbm = بیشینهٔ بازهٔ «-30 to +10 dBm (all modulations and channels)»؛ مدل‌های با پسوندِ R فقط تا -15dBm. کلیدِ ظرفیت (SW-360 پیش‌فرض / SW-500 / SW-1000) طبقِ جدولِ «RAy3 - 17, 24 GHz Data Speed SW keys» در racom.eu/eng/products/microwave-link-detail؛ نگاشتِ محصول به کلید از عنوان (500Mbps / 1Gbps) فرض شده است. | Eth L2: 303 Mb/s | کلید: SW-360"
6a5cbd5689e6bfd0ee962737,DN-0106,24000-24250,80,64QAM,10,-70.5,384.6,https://www.racom.eu/eng/products/m/ray3/tech.html,"Tab. 9.25 (Radio parameters 17/24 GHz, BER=10^-6): «RSS values in the table are typical; may differ by up to ±2 dB». rate_mbps = «Bit Rate» همین جدول = نرخِ فیزیکیِ خام (Raw link speed)؛ ظرفیتِ واقعیِ Ethernet L2 (9018B، Tab. 9.24) و کلیدِ ظرفیتِ لازم در انتهای notes. tx_dbm = بیشینهٔ بازهٔ «-30 to +10 dBm (all modulations and channels)»؛ مدل‌های با پسوندِ R فقط تا -15dBm. کلیدِ ظرفیت (SW-360 پیش‌فرض / SW-500 / SW-1000) طبقِ جدولِ «RAy3 - 17, 24 GHz Data Speed SW keys» در racom.eu/eng/products/microwave-link-detail؛ نگاشتِ محصول به کلید از عنوان (500Mbps / 1Gbps) فرض شده است. | Eth L2: 380 Mb/s | کلید: SW-500"
6a5cbd5689e6bfd0ee962737,DN-0106,24000-24250,80,128QAM,10,-67.5,458.9,https://www.racom.eu/eng/products/m/ray3/tech.html,"Tab. 9.25 (Radio parameters 17/24 GHz, BER=10^-6): «RSS values in the table are typical; may differ by up to ±2 dB». rate_mbps = «Bit Rate» همین جدول = نرخِ فیزیکیِ خام (Raw link speed)؛ ظرفیتِ واقعیِ Ethernet L2 (9018B، Tab. 9.24) و کلیدِ ظرفیتِ لازم در انتهای notes. tx_dbm = بیشینهٔ بازهٔ «-30 to +10 dBm (all modulations and channels)»؛ مدل‌های با پسوندِ R فقط تا -15dBm. کلیدِ ظرفیت (SW-360 پیش‌فرض / SW-500 / SW-1000) طبقِ جدولِ «RAy3 - 17, 24 GHz Data Speed SW keys» در racom.eu/eng/products/microwave-link-detail؛ نگاشتِ محصول به کلید از عنوان (500Mbps / 1Gbps) فرض شده است. | Eth L2: 454 Mb/s | کلید: SW-500"
6a5cbd5689e6bfd0ee962737,DN-0106,24000-24250,80,256QAM,10,-64.5,526.3,https://www.racom.eu/eng/products/m/ray3/tech.html,"Tab. 9.25 (Radio parameters 17/24 GHz, BER=10^-6): «RSS values in the table are typical; may differ by up to ±2 dB». rate_mbps = «Bit Rate» همین جدول = نرخِ فیزیکیِ خام (Raw link speed)؛ ظرفیتِ واقعیِ Ethernet L2 (9018B، Tab. 9.24) و کلیدِ ظرفیتِ لازم در انتهای notes. tx_dbm = بیشینهٔ بازهٔ «-30 to +10 dBm (all modulations and channels)»؛ مدل‌های با پسوندِ R فقط تا -15dBm. کلیدِ ظرفیت (SW-360 پیش‌فرض / SW-500 / SW-1000) طبقِ جدولِ «RAy3 - 17, 24 GHz Data Speed SW keys» در racom.eu/eng/products/microwave-link-detail؛ نگاشتِ محصول به کلید از عنوان (500Mbps / 1Gbps) فرض شده است. | Eth L2: 521 Mb/s | کلید: SW-1000"
6a5cbd5689e6bfd0ee962737,DN-0106,24000-24250,80,512QAM,10,-61.5,595.0,https://www.racom.eu/eng/products/m/ray3/tech.html,"Tab. 9.25 (Radio parameters 17/24 GHz, BER=10^-6): «RSS values in the table are typical; may differ by up to ±2 dB». rate_mbps = «Bit Rate» همین جدول = نرخِ فیزیکیِ خام (Raw link speed)؛ ظرفیتِ واقعیِ Ethernet L2 (9018B، Tab. 9.24) و کلیدِ ظرفیتِ لازم در انتهای notes. tx_dbm = بیشینهٔ بازهٔ «-30 to +10 dBm (all modulations and channels)»؛ مدل‌های با پسوندِ R فقط تا -15dBm. کلیدِ ظرفیت (SW-360 پیش‌فرض / SW-500 / SW-1000) طبقِ جدولِ «RAy3 - 17, 24 GHz Data Speed SW keys» در racom.eu/eng/products/microwave-link-detail؛ نگاشتِ محصول به کلید از عنوان (500Mbps / 1Gbps) فرض شده است. | Eth L2: 589 Mb/s | کلید: SW-1000"
6a5cbd5689e6bfd0ee962737,DN-0106,24000-24250,80,1024QAM,10,-58.5,660.0,https://www.racom.eu/eng/products/m/ray3/tech.html,"Tab. 9.25 (Radio parameters 17/24 GHz, BER=10^-6): «RSS values in the table are typical; may differ by up to ±2 dB». rate_mbps = «Bit Rate» همین جدول = نرخِ فیزیکیِ خام (Raw link speed)؛ ظرفیتِ واقعیِ Ethernet L2 (9018B، Tab. 9.24) و کلیدِ ظرفیتِ لازم در انتهای notes. tx_dbm = بیشینهٔ بازهٔ «-30 to +10 dBm (all modulations and channels)»؛ مدل‌های با پسوندِ R فقط تا -15dBm. کلیدِ ظرفیت (SW-360 پیش‌فرض / SW-500 / SW-1000) طبقِ جدولِ «RAy3 - 17, 24 GHz Data Speed SW keys» در racom.eu/eng/products/microwave-link-detail؛ نگاشتِ محصول به کلید از عنوان (500Mbps / 1Gbps) فرض شده است. | Eth L2: 653 Mb/s | کلید: SW-1000"
6a5cbd5689e6bfd0ee962737,DN-0106,24000-24250,80,2048QAM,10,-55.5,720.2,https://www.racom.eu/eng/products/m/ray3/tech.html,"Tab. 9.25 (Radio parameters 17/24 GHz, BER=10^-6): «RSS values in the table are typical; may differ by up to ±2 dB». rate_mbps = «Bit Rate» همین جدول = نرخِ فیزیکیِ خام (Raw link speed)؛ ظرفیتِ واقعیِ Ethernet L2 (9018B، Tab. 9.24) و کلیدِ ظرفیتِ لازم در انتهای notes. tx_dbm = بیشینهٔ بازهٔ «-30 to +10 dBm (all modulations and channels)»؛ مدل‌های با پسوندِ R فقط تا -15dBm. کلیدِ ظرفیت (SW-360 پیش‌فرض / SW-500 / SW-1000) طبقِ جدولِ «RAy3 - 17, 24 GHz Data Speed SW keys» در racom.eu/eng/products/microwave-link-detail؛ نگاشتِ محصول به کلید از عنوان (500Mbps / 1Gbps) فرض شده است. | Eth L2: 712 Mb/s | کلید: SW-1000"
6a5cbd5689e6bfd0ee962737,DN-0106,24000-24250,100,QPSK_S,10,-87.0,87.3,https://www.racom.eu/eng/products/m/ray3/tech.html,"Tab. 9.25 (Radio parameters 17/24 GHz, BER=10^-6): «RSS values in the table are typical; may differ by up to ±2 dB». rate_mbps = «Bit Rate» همین جدول = نرخِ فیزیکیِ خام (Raw link speed)؛ ظرفیتِ واقعیِ Ethernet L2 (9018B، Tab. 9.24) و کلیدِ ظرفیتِ لازم در انتهای notes. tx_dbm = بیشینهٔ بازهٔ «-30 to +10 dBm (all modulations and channels)»؛ مدل‌های با پسوندِ R فقط تا -15dBm. کلیدِ ظرفیت (SW-360 پیش‌فرض / SW-500 / SW-1000) طبقِ جدولِ «RAy3 - 17, 24 GHz Data Speed SW keys» در racom.eu/eng/products/microwave-link-detail؛ نگاشتِ محصول به کلید از عنوان (500Mbps / 1Gbps) فرض شده است. | Eth L2: 86 Mb/s | کلید: SW-360"
6a5cbd5689e6bfd0ee962737,DN-0106,24000-24250,100,QPSK,10,-83.5,145.8,https://www.racom.eu/eng/products/m/ray3/tech.html,"Tab. 9.25 (Radio parameters 17/24 GHz, BER=10^-6): «RSS values in the table are typical; may differ by up to ±2 dB». rate_mbps = «Bit Rate» همین جدول = نرخِ فیزیکیِ خام (Raw link speed)؛ ظرفیتِ واقعیِ Ethernet L2 (9018B، Tab. 9.24) و کلیدِ ظرفیتِ لازم در انتهای notes. tx_dbm = بیشینهٔ بازهٔ «-30 to +10 dBm (all modulations and channels)»؛ مدل‌های با پسوندِ R فقط تا -15dBm. کلیدِ ظرفیت (SW-360 پیش‌فرض / SW-500 / SW-1000) طبقِ جدولِ «RAy3 - 17, 24 GHz Data Speed SW keys» در racom.eu/eng/products/microwave-link-detail؛ نگاشتِ محصول به کلید از عنوان (500Mbps / 1Gbps) فرض شده است. | Eth L2: 144 Mb/s | کلید: SW-360"
6a5cbd5689e6bfd0ee962737,DN-0106,24000-24250,100,16QAM,10,-76.5,301.4,https://www.racom.eu/eng/products/m/ray3/tech.html,"Tab. 9.25 (Radio parameters 17/24 GHz, BER=10^-6): «RSS values in the table are typical; may differ by up to ±2 dB». rate_mbps = «Bit Rate» همین جدول = نرخِ فیزیکیِ خام (Raw link speed)؛ ظرفیتِ واقعیِ Ethernet L2 (9018B، Tab. 9.24) و کلیدِ ظرفیتِ لازم در انتهای notes. tx_dbm = بیشینهٔ بازهٔ «-30 to +10 dBm (all modulations and channels)»؛ مدل‌های با پسوندِ R فقط تا -15dBm. کلیدِ ظرفیت (SW-360 پیش‌فرض / SW-500 / SW-1000) طبقِ جدولِ «RAy3 - 17, 24 GHz Data Speed SW keys» در racom.eu/eng/products/microwave-link-detail؛ نگاشتِ محصول به کلید از عنوان (500Mbps / 1Gbps) فرض شده است. | Eth L2: 298 Mb/s | کلید: SW-360"
6a5cbd5689e6bfd0ee962737,DN-0106,24000-24250,100,32QAM,10,-72.5,384.7,https://www.racom.eu/eng/products/m/ray3/tech.html,"Tab. 9.25 (Radio parameters 17/24 GHz, BER=10^-6): «RSS values in the table are typical; may differ by up to ±2 dB». rate_mbps = «Bit Rate» همین جدول = نرخِ فیزیکیِ خام (Raw link speed)؛ ظرفیتِ واقعیِ Ethernet L2 (9018B، Tab. 9.24) و کلیدِ ظرفیتِ لازم در انتهای notes. tx_dbm = بیشینهٔ بازهٔ «-30 to +10 dBm (all modulations and channels)»؛ مدل‌های با پسوندِ R فقط تا -15dBm. کلیدِ ظرفیت (SW-360 پیش‌فرض / SW-500 / SW-1000) طبقِ جدولِ «RAy3 - 17, 24 GHz Data Speed SW keys» در racom.eu/eng/products/microwave-link-detail؛ نگاشتِ محصول به کلید از عنوان (500Mbps / 1Gbps) فرض شده است. | Eth L2: 381 Mb/s | کلید: SW-500"
6a5cbd5689e6bfd0ee962737,DN-0106,24000-24250,100,64QAM,10,-69.5,484.2,https://www.racom.eu/eng/products/m/ray3/tech.html,"Tab. 9.25 (Radio parameters 17/24 GHz, BER=10^-6): «RSS values in the table are typical; may differ by up to ±2 dB». rate_mbps = «Bit Rate» همین جدول = نرخِ فیزیکیِ خام (Raw link speed)؛ ظرفیتِ واقعیِ Ethernet L2 (9018B، Tab. 9.24) و کلیدِ ظرفیتِ لازم در انتهای notes. tx_dbm = بیشینهٔ بازهٔ «-30 to +10 dBm (all modulations and channels)»؛ مدل‌های با پسوندِ R فقط تا -15dBm. کلیدِ ظرفیت (SW-360 پیش‌فرض / SW-500 / SW-1000) طبقِ جدولِ «RAy3 - 17, 24 GHz Data Speed SW keys» در racom.eu/eng/products/microwave-link-detail؛ نگاشتِ محصول به کلید از عنوان (500Mbps / 1Gbps) فرض شده است. | Eth L2: 479 Mb/s | کلید: SW-500"
6a5cbd5689e6bfd0ee962737,DN-0106,24000-24250,100,128QAM,10,-66.5,574.4,https://www.racom.eu/eng/products/m/ray3/tech.html,"Tab. 9.25 (Radio parameters 17/24 GHz, BER=10^-6): «RSS values in the table are typical; may differ by up to ±2 dB». rate_mbps = «Bit Rate» همین جدول = نرخِ فیزیکیِ خام (Raw link speed)؛ ظرفیتِ واقعیِ Ethernet L2 (9018B، Tab. 9.24) و کلیدِ ظرفیتِ لازم در انتهای notes. tx_dbm = بیشینهٔ بازهٔ «-30 to +10 dBm (all modulations and channels)»؛ مدل‌های با پسوندِ R فقط تا -15dBm. کلیدِ ظرفیت (SW-360 پیش‌فرض / SW-500 / SW-1000) طبقِ جدولِ «RAy3 - 17, 24 GHz Data Speed SW keys» در racom.eu/eng/products/microwave-link-detail؛ نگاشتِ محصول به کلید از عنوان (500Mbps / 1Gbps) فرض شده است. | Eth L2: 568 Mb/s | کلید: SW-1000"
6a5cbd5689e6bfd0ee962737,DN-0106,24000-24250,100,256QAM,10,-63.5,659.2,https://www.racom.eu/eng/products/m/ray3/tech.html,"Tab. 9.25 (Radio parameters 17/24 GHz, BER=10^-6): «RSS values in the table are typical; may differ by up to ±2 dB». rate_mbps = «Bit Rate» همین جدول = نرخِ فیزیکیِ خام (Raw link speed)؛ ظرفیتِ واقعیِ Ethernet L2 (9018B، Tab. 9.24) و کلیدِ ظرفیتِ لازم در انتهای notes. tx_dbm = بیشینهٔ بازهٔ «-30 to +10 dBm (all modulations and channels)»؛ مدل‌های با پسوندِ R فقط تا -15dBm. کلیدِ ظرفیت (SW-360 پیش‌فرض / SW-500 / SW-1000) طبقِ جدولِ «RAy3 - 17, 24 GHz Data Speed SW keys» در racom.eu/eng/products/microwave-link-detail؛ نگاشتِ محصول به کلید از عنوان (500Mbps / 1Gbps) فرض شده است. | Eth L2: 652 Mb/s | کلید: SW-1000"
6a5cbd5689e6bfd0ee962737,DN-0106,24000-24250,100,512QAM,10,-60.5,743.2,https://www.racom.eu/eng/products/m/ray3/tech.html,"Tab. 9.25 (Radio parameters 17/24 GHz, BER=10^-6): «RSS values in the table are typical; may differ by up to ±2 dB». rate_mbps = «Bit Rate» همین جدول = نرخِ فیزیکیِ خام (Raw link speed)؛ ظرفیتِ واقعیِ Ethernet L2 (9018B، Tab. 9.24) و کلیدِ ظرفیتِ لازم در انتهای notes. tx_dbm = بیشینهٔ بازهٔ «-30 to +10 dBm (all modulations and channels)»؛ مدل‌های با پسوندِ R فقط تا -15dBm. کلیدِ ظرفیت (SW-360 پیش‌فرض / SW-500 / SW-1000) طبقِ جدولِ «RAy3 - 17, 24 GHz Data Speed SW keys» در racom.eu/eng/products/microwave-link-detail؛ نگاشتِ محصول به کلید از عنوان (500Mbps / 1Gbps) فرض شده است. | Eth L2: 735 Mb/s | کلید: SW-1000"
6a5cbd5689e6bfd0ee962737,DN-0106,24000-24250,100,1024QAM,10,-57.5,828.6,https://www.racom.eu/eng/products/m/ray3/tech.html,"Tab. 9.25 (Radio parameters 17/24 GHz, BER=10^-6): «RSS values in the table are typical; may differ by up to ±2 dB». rate_mbps = «Bit Rate» همین جدول = نرخِ فیزیکیِ خام (Raw link speed)؛ ظرفیتِ واقعیِ Ethernet L2 (9018B، Tab. 9.24) و کلیدِ ظرفیتِ لازم در انتهای notes. tx_dbm = بیشینهٔ بازهٔ «-30 to +10 dBm (all modulations and channels)»؛ مدل‌های با پسوندِ R فقط تا -15dBm. کلیدِ ظرفیت (SW-360 پیش‌فرض / SW-500 / SW-1000) طبقِ جدولِ «RAy3 - 17, 24 GHz Data Speed SW keys» در racom.eu/eng/products/microwave-link-detail؛ نگاشتِ محصول به کلید از عنوان (500Mbps / 1Gbps) فرض شده است. | Eth L2: 820 Mb/s | کلید: SW-1000"
6a5cbd5689e6bfd0ee962737,DN-0106,24000-24250,100,2048QAM,10,-54.5,904.3,https://www.racom.eu/eng/products/m/ray3/tech.html,"Tab. 9.25 (Radio parameters 17/24 GHz, BER=10^-6): «RSS values in the table are typical; may differ by up to ±2 dB». rate_mbps = «Bit Rate» همین جدول = نرخِ فیزیکیِ خام (Raw link speed)؛ ظرفیتِ واقعیِ Ethernet L2 (9018B، Tab. 9.24) و کلیدِ ظرفیتِ لازم در انتهای notes. tx_dbm = بیشینهٔ بازهٔ «-30 to +10 dBm (all modulations and channels)»؛ مدل‌های با پسوندِ R فقط تا -15dBm. کلیدِ ظرفیت (SW-360 پیش‌فرض / SW-500 / SW-1000) طبقِ جدولِ «RAy3 - 17, 24 GHz Data Speed SW keys» در racom.eu/eng/products/microwave-link-detail؛ نگاشتِ محصول به کلید از عنوان (500Mbps / 1Gbps) فرض شده است. | Eth L2: 894 Mb/s | کلید: SW-1000"
6a5cbd5689e6bfd0ee962737,DN-0106,24000-24250,112,QPSK_S,10,-86.5,97.6,https://www.racom.eu/eng/products/m/ray3/tech.html,"Tab. 9.25 (Radio parameters 17/24 GHz, BER=10^-6): «RSS values in the table are typical; may differ by up to ±2 dB». rate_mbps = «Bit Rate» همین جدول = نرخِ فیزیکیِ خام (Raw link speed)؛ ظرفیتِ واقعیِ Ethernet L2 (9018B، Tab. 9.24) و کلیدِ ظرفیتِ لازم در انتهای notes. tx_dbm = بیشینهٔ بازهٔ «-30 to +10 dBm (all modulations and channels)»؛ مدل‌های با پسوندِ R فقط تا -15dBm. کلیدِ ظرفیت (SW-360 پیش‌فرض / SW-500 / SW-1000) طبقِ جدولِ «RAy3 - 17, 24 GHz Data Speed SW keys» در racom.eu/eng/products/microwave-link-detail؛ نگاشتِ محصول به کلید از عنوان (500Mbps / 1Gbps) فرض شده است. | Eth L2: 97 Mb/s | کلید: SW-360"
6a5cbd5689e6bfd0ee962737,DN-0106,24000-24250,112,QPSK,10,-83.0,163.3,https://www.racom.eu/eng/products/m/ray3/tech.html,"Tab. 9.25 (Radio parameters 17/24 GHz, BER=10^-6): «RSS values in the table are typical; may differ by up to ±2 dB». rate_mbps = «Bit Rate» همین جدول = نرخِ فیزیکیِ خام (Raw link speed)؛ ظرفیتِ واقعیِ Ethernet L2 (9018B، Tab. 9.24) و کلیدِ ظرفیتِ لازم در انتهای notes. tx_dbm = بیشینهٔ بازهٔ «-30 to +10 dBm (all modulations and channels)»؛ مدل‌های با پسوندِ R فقط تا -15dBm. کلیدِ ظرفیت (SW-360 پیش‌فرض / SW-500 / SW-1000) طبقِ جدولِ «RAy3 - 17, 24 GHz Data Speed SW keys» در racom.eu/eng/products/microwave-link-detail؛ نگاشتِ محصول به کلید از عنوان (500Mbps / 1Gbps) فرض شده است. | Eth L2: 161 Mb/s | کلید: SW-360"
6a5cbd5689e6bfd0ee962737,DN-0106,24000-24250,112,16QAM,10,-76.0,337.6,https://www.racom.eu/eng/products/m/ray3/tech.html,"Tab. 9.25 (Radio parameters 17/24 GHz, BER=10^-6): «RSS values in the table are typical; may differ by up to ±2 dB». rate_mbps = «Bit Rate» همین جدول = نرخِ فیزیکیِ خام (Raw link speed)؛ ظرفیتِ واقعیِ Ethernet L2 (9018B، Tab. 9.24) و کلیدِ ظرفیتِ لازم در انتهای notes. tx_dbm = بیشینهٔ بازهٔ «-30 to +10 dBm (all modulations and channels)»؛ مدل‌های با پسوندِ R فقط تا -15dBm. کلیدِ ظرفیت (SW-360 پیش‌فرض / SW-500 / SW-1000) طبقِ جدولِ «RAy3 - 17, 24 GHz Data Speed SW keys» در racom.eu/eng/products/microwave-link-detail؛ نگاشتِ محصول به کلید از عنوان (500Mbps / 1Gbps) فرض شده است. | Eth L2: 334 Mb/s | کلید: SW-360"
6a5cbd5689e6bfd0ee962737,DN-0106,24000-24250,112,32QAM,10,-72.0,430.7,https://www.racom.eu/eng/products/m/ray3/tech.html,"Tab. 9.25 (Radio parameters 17/24 GHz, BER=10^-6): «RSS values in the table are typical; may differ by up to ±2 dB». rate_mbps = «Bit Rate» همین جدول = نرخِ فیزیکیِ خام (Raw link speed)؛ ظرفیتِ واقعیِ Ethernet L2 (9018B، Tab. 9.24) و کلیدِ ظرفیتِ لازم در انتهای notes. tx_dbm = بیشینهٔ بازهٔ «-30 to +10 dBm (all modulations and channels)»؛ مدل‌های با پسوندِ R فقط تا -15dBm. کلیدِ ظرفیت (SW-360 پیش‌فرض / SW-500 / SW-1000) طبقِ جدولِ «RAy3 - 17, 24 GHz Data Speed SW keys» در racom.eu/eng/products/microwave-link-detail؛ نگاشتِ محصول به کلید از عنوان (500Mbps / 1Gbps) فرض شده است. | Eth L2: 426 Mb/s | کلید: SW-500"
6a5cbd5689e6bfd0ee962737,DN-0106,24000-24250,112,64QAM,10,-69.0,542.1,https://www.racom.eu/eng/products/m/ray3/tech.html,"Tab. 9.25 (Radio parameters 17/24 GHz, BER=10^-6): «RSS values in the table are typical; may differ by up to ±2 dB». rate_mbps = «Bit Rate» همین جدول = نرخِ فیزیکیِ خام (Raw link speed)؛ ظرفیتِ واقعیِ Ethernet L2 (9018B، Tab. 9.24) و کلیدِ ظرفیتِ لازم در انتهای notes. tx_dbm = بیشینهٔ بازهٔ «-30 to +10 dBm (all modulations and channels)»؛ مدل‌های با پسوندِ R فقط تا -15dBm. کلیدِ ظرفیت (SW-360 پیش‌فرض / SW-500 / SW-1000) طبقِ جدولِ «RAy3 - 17, 24 GHz Data Speed SW keys» در racom.eu/eng/products/microwave-link-detail؛ نگاشتِ محصول به کلید از عنوان (500Mbps / 1Gbps) فرض شده است. | Eth L2: 536 Mb/s | کلید: SW-1000"
6a5cbd5689e6bfd0ee962737,DN-0106,24000-24250,112,128QAM,10,-66.0,643.1,https://www.racom.eu/eng/products/m/ray3/tech.html,"Tab. 9.25 (Radio parameters 17/24 GHz, BER=10^-6): «RSS values in the table are typical; may differ by up to ±2 dB». rate_mbps = «Bit Rate» همین جدول = نرخِ فیزیکیِ خام (Raw link speed)؛ ظرفیتِ واقعیِ Ethernet L2 (9018B، Tab. 9.24) و کلیدِ ظرفیتِ لازم در انتهای notes. tx_dbm = بیشینهٔ بازهٔ «-30 to +10 dBm (all modulations and channels)»؛ مدل‌های با پسوندِ R فقط تا -15dBm. کلیدِ ظرفیت (SW-360 پیش‌فرض / SW-500 / SW-1000) طبقِ جدولِ «RAy3 - 17, 24 GHz Data Speed SW keys» در racom.eu/eng/products/microwave-link-detail؛ نگاشتِ محصول به کلید از عنوان (500Mbps / 1Gbps) فرض شده است. | Eth L2: 636 Mb/s | کلید: SW-1000"
6a5cbd5689e6bfd0ee962737,DN-0106,24000-24250,112,256QAM,10,-63.0,738.0,https://www.racom.eu/eng/products/m/ray3/tech.html,"Tab. 9.25 (Radio parameters 17/24 GHz, BER=10^-6): «RSS values in the table are typical; may differ by up to ±2 dB». rate_mbps = «Bit Rate» همین جدول = نرخِ فیزیکیِ خام (Raw link speed)؛ ظرفیتِ واقعیِ Ethernet L2 (9018B، Tab. 9.24) و کلیدِ ظرفیتِ لازم در انتهای notes. tx_dbm = بیشینهٔ بازهٔ «-30 to +10 dBm (all modulations and channels)»؛ مدل‌های با پسوندِ R فقط تا -15dBm. کلیدِ ظرفیت (SW-360 پیش‌فرض / SW-500 / SW-1000) طبقِ جدولِ «RAy3 - 17, 24 GHz Data Speed SW keys» در racom.eu/eng/products/microwave-link-detail؛ نگاشتِ محصول به کلید از عنوان (500Mbps / 1Gbps) فرض شده است. | Eth L2: 730 Mb/s | کلید: SW-1000"
6a5cbd5689e6bfd0ee962737,DN-0106,24000-24250,112,512QAM,10,-60.0,832.1,https://www.racom.eu/eng/products/m/ray3/tech.html,"Tab. 9.25 (Radio parameters 17/24 GHz, BER=10^-6): «RSS values in the table are typical; may differ by up to ±2 dB». rate_mbps = «Bit Rate» همین جدول = نرخِ فیزیکیِ خام (Raw link speed)؛ ظرفیتِ واقعیِ Ethernet L2 (9018B، Tab. 9.24) و کلیدِ ظرفیتِ لازم در انتهای notes. tx_dbm = بیشینهٔ بازهٔ «-30 to +10 dBm (all modulations and channels)»؛ مدل‌های با پسوندِ R فقط تا -15dBm. کلیدِ ظرفیت (SW-360 پیش‌فرض / SW-500 / SW-1000) طبقِ جدولِ «RAy3 - 17, 24 GHz Data Speed SW keys» در racom.eu/eng/products/microwave-link-detail؛ نگاشتِ محصول به کلید از عنوان (500Mbps / 1Gbps) فرض شده است. | Eth L2: 823 Mb/s | کلید: SW-1000"
6a5cbd5689e6bfd0ee962737,DN-0106,24000-24250,112,1024QAM,10,-57.0,927.7,https://www.racom.eu/eng/products/m/ray3/tech.html,"Tab. 9.25 (Radio parameters 17/24 GHz, BER=10^-6): «RSS values in the table are typical; may differ by up to ±2 dB». rate_mbps = «Bit Rate» همین جدول = نرخِ فیزیکیِ خام (Raw link speed)؛ ظرفیتِ واقعیِ Ethernet L2 (9018B، Tab. 9.24) و کلیدِ ظرفیتِ لازم در انتهای notes. tx_dbm = بیشینهٔ بازهٔ «-30 to +10 dBm (all modulations and channels)»؛ مدل‌های با پسوندِ R فقط تا -15dBm. کلیدِ ظرفیت (SW-360 پیش‌فرض / SW-500 / SW-1000) طبقِ جدولِ «RAy3 - 17, 24 GHz Data Speed SW keys» در racom.eu/eng/products/microwave-link-detail؛ نگاشتِ محصول به کلید از عنوان (500Mbps / 1Gbps) فرض شده است. | Eth L2: 918 Mb/s | کلید: SW-1000"
6a5cbd5689e6bfd0ee962737,DN-0106,24000-24250,112,2048QAM,10,-54.0,1012.4,https://www.racom.eu/eng/products/m/ray3/tech.html,"Tab. 9.25 (Radio parameters 17/24 GHz, BER=10^-6): «RSS values in the table are typical; may differ by up to ±2 dB». rate_mbps = «Bit Rate» همین جدول = نرخِ فیزیکیِ خام (Raw link speed)؛ ظرفیتِ واقعیِ Ethernet L2 (9018B، Tab. 9.24) و کلیدِ ظرفیتِ لازم در انتهای notes. tx_dbm = بیشینهٔ بازهٔ «-30 to +10 dBm (all modulations and channels)»؛ مدل‌های با پسوندِ R فقط تا -15dBm. کلیدِ ظرفیت (SW-360 پیش‌فرض / SW-500 / SW-1000) طبقِ جدولِ «RAy3 - 17, 24 GHz Data Speed SW keys» در racom.eu/eng/products/microwave-link-detail؛ نگاشتِ محصول به کلید از عنوان (500Mbps / 1Gbps) فرض شده است. | Eth L2: 1002 Mb/s | کلید: SW-1000"
6a5cbd5589e6bfd0ee962736,DN-0107,24000-24250,3.5,QPSK_S,10,-100.5,2.6,https://www.racom.eu/eng/products/m/ray3/tech.html,"Tab. 9.25 (Radio parameters 17/24 GHz, BER=10^-6): «RSS values in the table are typical; may differ by up to ±2 dB». rate_mbps = «Bit Rate» همین جدول = نرخِ فیزیکیِ خام (Raw link speed)؛ ظرفیتِ واقعیِ Ethernet L2 (9018B، Tab. 9.24) و کلیدِ ظرفیتِ لازم در انتهای notes. tx_dbm = بیشینهٔ بازهٔ «-30 to +10 dBm (all modulations and channels)»؛ مدل‌های با پسوندِ R فقط تا -15dBm. کلیدِ ظرفیت (SW-360 پیش‌فرض / SW-500 / SW-1000) طبقِ جدولِ «RAy3 - 17, 24 GHz Data Speed SW keys» در racom.eu/eng/products/microwave-link-detail؛ نگاشتِ محصول به کلید از عنوان (500Mbps / 1Gbps) فرض شده است. | Eth L2: 2.6 Mb/s | کلید: SW-360"
6a5cbd5589e6bfd0ee962736,DN-0107,24000-24250,3.5,QPSK,10,-96.0,4.9,https://www.racom.eu/eng/products/m/ray3/tech.html,"Tab. 9.25 (Radio parameters 17/24 GHz, BER=10^-6): «RSS values in the table are typical; may differ by up to ±2 dB». rate_mbps = «Bit Rate» همین جدول = نرخِ فیزیکیِ خام (Raw link speed)؛ ظرفیتِ واقعیِ Ethernet L2 (9018B، Tab. 9.24) و کلیدِ ظرفیتِ لازم در انتهای notes. tx_dbm = بیشینهٔ بازهٔ «-30 to +10 dBm (all modulations and channels)»؛ مدل‌های با پسوندِ R فقط تا -15dBm. کلیدِ ظرفیت (SW-360 پیش‌فرض / SW-500 / SW-1000) طبقِ جدولِ «RAy3 - 17, 24 GHz Data Speed SW keys» در racom.eu/eng/products/microwave-link-detail؛ نگاشتِ محصول به کلید از عنوان (500Mbps / 1Gbps) فرض شده است. | Eth L2: 4.8 Mb/s | کلید: SW-360"
6a5cbd5589e6bfd0ee962736,DN-0107,24000-24250,3.5,16QAM,10,-90.0,9.5,https://www.racom.eu/eng/products/m/ray3/tech.html,"Tab. 9.25 (Radio parameters 17/24 GHz, BER=10^-6): «RSS values in the table are typical; may differ by up to ±2 dB». rate_mbps = «Bit Rate» همین جدول = نرخِ فیزیکیِ خام (Raw link speed)؛ ظرفیتِ واقعیِ Ethernet L2 (9018B، Tab. 9.24) و کلیدِ ظرفیتِ لازم در انتهای notes. tx_dbm = بیشینهٔ بازهٔ «-30 to +10 dBm (all modulations and channels)»؛ مدل‌های با پسوندِ R فقط تا -15dBm. کلیدِ ظرفیت (SW-360 پیش‌فرض / SW-500 / SW-1000) طبقِ جدولِ «RAy3 - 17, 24 GHz Data Speed SW keys» در racom.eu/eng/products/microwave-link-detail؛ نگاشتِ محصول به کلید از عنوان (500Mbps / 1Gbps) فرض شده است. | Eth L2: 9.2 Mb/s | کلید: SW-360"
6a5cbd5589e6bfd0ee962736,DN-0107,24000-24250,3.5,32QAM,10,-86.5,11.3,https://www.racom.eu/eng/products/m/ray3/tech.html,"Tab. 9.25 (Radio parameters 17/24 GHz, BER=10^-6): «RSS values in the table are typical; may differ by up to ±2 dB». rate_mbps = «Bit Rate» همین جدول = نرخِ فیزیکیِ خام (Raw link speed)؛ ظرفیتِ واقعیِ Ethernet L2 (9018B، Tab. 9.24) و کلیدِ ظرفیتِ لازم در انتهای notes. tx_dbm = بیشینهٔ بازهٔ «-30 to +10 dBm (all modulations and channels)»؛ مدل‌های با پسوندِ R فقط تا -15dBm. کلیدِ ظرفیت (SW-360 پیش‌فرض / SW-500 / SW-1000) طبقِ جدولِ «RAy3 - 17, 24 GHz Data Speed SW keys» در racom.eu/eng/products/microwave-link-detail؛ نگاشتِ محصول به کلید از عنوان (500Mbps / 1Gbps) فرض شده است. | Eth L2: 11 Mb/s | کلید: SW-360"
6a5cbd5589e6bfd0ee962736,DN-0107,24000-24250,3.5,64QAM,10,-83.5,14.5,https://www.racom.eu/eng/products/m/ray3/tech.html,"Tab. 9.25 (Radio parameters 17/24 GHz, BER=10^-6): «RSS values in the table are typical; may differ by up to ±2 dB». rate_mbps = «Bit Rate» همین جدول = نرخِ فیزیکیِ خام (Raw link speed)؛ ظرفیتِ واقعیِ Ethernet L2 (9018B، Tab. 9.24) و کلیدِ ظرفیتِ لازم در انتهای notes. tx_dbm = بیشینهٔ بازهٔ «-30 to +10 dBm (all modulations and channels)»؛ مدل‌های با پسوندِ R فقط تا -15dBm. کلیدِ ظرفیت (SW-360 پیش‌فرض / SW-500 / SW-1000) طبقِ جدولِ «RAy3 - 17, 24 GHz Data Speed SW keys» در racom.eu/eng/products/microwave-link-detail؛ نگاشتِ محصول به کلید از عنوان (500Mbps / 1Gbps) فرض شده است. | Eth L2: 14 Mb/s | کلید: SW-360"
6a5cbd5589e6bfd0ee962736,DN-0107,24000-24250,3.5,128QAM,10,-80.5,17.3,https://www.racom.eu/eng/products/m/ray3/tech.html,"Tab. 9.25 (Radio parameters 17/24 GHz, BER=10^-6): «RSS values in the table are typical; may differ by up to ±2 dB». rate_mbps = «Bit Rate» همین جدول = نرخِ فیزیکیِ خام (Raw link speed)؛ ظرفیتِ واقعیِ Ethernet L2 (9018B، Tab. 9.24) و کلیدِ ظرفیتِ لازم در انتهای notes. tx_dbm = بیشینهٔ بازهٔ «-30 to +10 dBm (all modulations and channels)»؛ مدل‌های با پسوندِ R فقط تا -15dBm. کلیدِ ظرفیت (SW-360 پیش‌فرض / SW-500 / SW-1000) طبقِ جدولِ «RAy3 - 17, 24 GHz Data Speed SW keys» در racom.eu/eng/products/microwave-link-detail؛ نگاشتِ محصول به کلید از عنوان (500Mbps / 1Gbps) فرض شده است. | Eth L2: 17 Mb/s | کلید: SW-360"
6a5cbd5589e6bfd0ee962736,DN-0107,24000-24250,3.5,256QAM,10,-77.5,19.5,https://www.racom.eu/eng/products/m/ray3/tech.html,"Tab. 9.25 (Radio parameters 17/24 GHz, BER=10^-6): «RSS values in the table are typical; may differ by up to ±2 dB». rate_mbps = «Bit Rate» همین جدول = نرخِ فیزیکیِ خام (Raw link speed)؛ ظرفیتِ واقعیِ Ethernet L2 (9018B، Tab. 9.24) و کلیدِ ظرفیتِ لازم در انتهای notes. tx_dbm = بیشینهٔ بازهٔ «-30 to +10 dBm (all modulations and channels)»؛ مدل‌های با پسوندِ R فقط تا -15dBm. کلیدِ ظرفیت (SW-360 پیش‌فرض / SW-500 / SW-1000) طبقِ جدولِ «RAy3 - 17, 24 GHz Data Speed SW keys» در racom.eu/eng/products/microwave-link-detail؛ نگاشتِ محصول به کلید از عنوان (500Mbps / 1Gbps) فرض شده است. | Eth L2: 19 Mb/s | کلید: SW-360"
6a5cbd5589e6bfd0ee962736,DN-0107,24000-24250,3.5,512QAM,10,-74.5,21.6,https://www.racom.eu/eng/products/m/ray3/tech.html,"Tab. 9.25 (Radio parameters 17/24 GHz, BER=10^-6): «RSS values in the table are typical; may differ by up to ±2 dB». rate_mbps = «Bit Rate» همین جدول = نرخِ فیزیکیِ خام (Raw link speed)؛ ظرفیتِ واقعیِ Ethernet L2 (9018B، Tab. 9.24) و کلیدِ ظرفیتِ لازم در انتهای notes. tx_dbm = بیشینهٔ بازهٔ «-30 to +10 dBm (all modulations and channels)»؛ مدل‌های با پسوندِ R فقط تا -15dBm. کلیدِ ظرفیت (SW-360 پیش‌فرض / SW-500 / SW-1000) طبقِ جدولِ «RAy3 - 17, 24 GHz Data Speed SW keys» در racom.eu/eng/products/microwave-link-detail؛ نگاشتِ محصول به کلید از عنوان (500Mbps / 1Gbps) فرض شده است. | Eth L2: 21 Mb/s | کلید: SW-360"
6a5cbd5589e6bfd0ee962736,DN-0107,24000-24250,3.5,1024QAM,10,-71.0,23.2,https://www.racom.eu/eng/products/m/ray3/tech.html,"Tab. 9.25 (Radio parameters 17/24 GHz, BER=10^-6): «RSS values in the table are typical; may differ by up to ±2 dB». rate_mbps = «Bit Rate» همین جدول = نرخِ فیزیکیِ خام (Raw link speed)؛ ظرفیتِ واقعیِ Ethernet L2 (9018B، Tab. 9.24) و کلیدِ ظرفیتِ لازم در انتهای notes. tx_dbm = بیشینهٔ بازهٔ «-30 to +10 dBm (all modulations and channels)»؛ مدل‌های با پسوندِ R فقط تا -15dBm. کلیدِ ظرفیت (SW-360 پیش‌فرض / SW-500 / SW-1000) طبقِ جدولِ «RAy3 - 17, 24 GHz Data Speed SW keys» در racom.eu/eng/products/microwave-link-detail؛ نگاشتِ محصول به کلید از عنوان (500Mbps / 1Gbps) فرض شده است. | Eth L2: 23 Mb/s | کلید: SW-360"
6a5cbd5589e6bfd0ee962736,DN-0107,24000-24250,5,QPSK_S,10,-99.0,3.6,https://www.racom.eu/eng/products/m/ray3/tech.html,"Tab. 9.25 (Radio parameters 17/24 GHz, BER=10^-6): «RSS values in the table are typical; may differ by up to ±2 dB». rate_mbps = «Bit Rate» همین جدول = نرخِ فیزیکیِ خام (Raw link speed)؛ ظرفیتِ واقعیِ Ethernet L2 (9018B، Tab. 9.24) و کلیدِ ظرفیتِ لازم در انتهای notes. tx_dbm = بیشینهٔ بازهٔ «-30 to +10 dBm (all modulations and channels)»؛ مدل‌های با پسوندِ R فقط تا -15dBm. کلیدِ ظرفیت (SW-360 پیش‌فرض / SW-500 / SW-1000) طبقِ جدولِ «RAy3 - 17, 24 GHz Data Speed SW keys» در racom.eu/eng/products/microwave-link-detail؛ نگاشتِ محصول به کلید از عنوان (500Mbps / 1Gbps) فرض شده است. | Eth L2: 3.6 Mb/s | کلید: SW-360"
6a5cbd5589e6bfd0ee962736,DN-0107,24000-24250,5,QPSK,10,-94.5,6.9,https://www.racom.eu/eng/products/m/ray3/tech.html,"Tab. 9.25 (Radio parameters 17/24 GHz, BER=10^-6): «RSS values in the table are typical; may differ by up to ±2 dB». rate_mbps = «Bit Rate» همین جدول = نرخِ فیزیکیِ خام (Raw link speed)؛ ظرفیتِ واقعیِ Ethernet L2 (9018B، Tab. 9.24) و کلیدِ ظرفیتِ لازم در انتهای notes. tx_dbm = بیشینهٔ بازهٔ «-30 to +10 dBm (all modulations and channels)»؛ مدل‌های با پسوندِ R فقط تا -15dBm. کلیدِ ظرفیت (SW-360 پیش‌فرض / SW-500 / SW-1000) طبقِ جدولِ «RAy3 - 17, 24 GHz Data Speed SW keys» در racom.eu/eng/products/microwave-link-detail؛ نگاشتِ محصول به کلید از عنوان (500Mbps / 1Gbps) فرض شده است. | Eth L2: 7.0 Mb/s | کلید: SW-360"
6a5cbd5589e6bfd0ee962736,DN-0107,24000-24250,5,16QAM,10,-89.0,13.6,https://www.racom.eu/eng/products/m/ray3/tech.html,"Tab. 9.25 (Radio parameters 17/24 GHz, BER=10^-6): «RSS values in the table are typical; may differ by up to ±2 dB». rate_mbps = «Bit Rate» همین جدول = نرخِ فیزیکیِ خام (Raw link speed)؛ ظرفیتِ واقعیِ Ethernet L2 (9018B، Tab. 9.24) و کلیدِ ظرفیتِ لازم در انتهای notes. tx_dbm = بیشینهٔ بازهٔ «-30 to +10 dBm (all modulations and channels)»؛ مدل‌های با پسوندِ R فقط تا -15dBm. کلیدِ ظرفیت (SW-360 پیش‌فرض / SW-500 / SW-1000) طبقِ جدولِ «RAy3 - 17, 24 GHz Data Speed SW keys» در racom.eu/eng/products/microwave-link-detail؛ نگاشتِ محصول به کلید از عنوان (500Mbps / 1Gbps) فرض شده است. | Eth L2: 13 Mb/s | کلید: SW-360"
6a5cbd5589e6bfd0ee962736,DN-0107,24000-24250,5,32QAM,10,-85.5,16.2,https://www.racom.eu/eng/products/m/ray3/tech.html,"Tab. 9.25 (Radio parameters 17/24 GHz, BER=10^-6): «RSS values in the table are typical; may differ by up to ±2 dB». rate_mbps = «Bit Rate» همین جدول = نرخِ فیزیکیِ خام (Raw link speed)؛ ظرفیتِ واقعیِ Ethernet L2 (9018B، Tab. 9.24) و کلیدِ ظرفیتِ لازم در انتهای notes. tx_dbm = بیشینهٔ بازهٔ «-30 to +10 dBm (all modulations and channels)»؛ مدل‌های با پسوندِ R فقط تا -15dBm. کلیدِ ظرفیت (SW-360 پیش‌فرض / SW-500 / SW-1000) طبقِ جدولِ «RAy3 - 17, 24 GHz Data Speed SW keys» در racom.eu/eng/products/microwave-link-detail؛ نگاشتِ محصول به کلید از عنوان (500Mbps / 1Gbps) فرض شده است. | Eth L2: 16 Mb/s | کلید: SW-360"
6a5cbd5589e6bfd0ee962736,DN-0107,24000-24250,5,64QAM,10,-82.5,20.8,https://www.racom.eu/eng/products/m/ray3/tech.html,"Tab. 9.25 (Radio parameters 17/24 GHz, BER=10^-6): «RSS values in the table are typical; may differ by up to ±2 dB». rate_mbps = «Bit Rate» همین جدول = نرخِ فیزیکیِ خام (Raw link speed)؛ ظرفیتِ واقعیِ Ethernet L2 (9018B، Tab. 9.24) و کلیدِ ظرفیتِ لازم در انتهای notes. tx_dbm = بیشینهٔ بازهٔ «-30 to +10 dBm (all modulations and channels)»؛ مدل‌های با پسوندِ R فقط تا -15dBm. کلیدِ ظرفیت (SW-360 پیش‌فرض / SW-500 / SW-1000) طبقِ جدولِ «RAy3 - 17, 24 GHz Data Speed SW keys» در racom.eu/eng/products/microwave-link-detail؛ نگاشتِ محصول به کلید از عنوان (500Mbps / 1Gbps) فرض شده است. | Eth L2: 21 Mb/s | کلید: SW-360"
6a5cbd5589e6bfd0ee962736,DN-0107,24000-24250,5,128QAM,10,-79.5,24.7,https://www.racom.eu/eng/products/m/ray3/tech.html,"Tab. 9.25 (Radio parameters 17/24 GHz, BER=10^-6): «RSS values in the table are typical; may differ by up to ±2 dB». rate_mbps = «Bit Rate» همین جدول = نرخِ فیزیکیِ خام (Raw link speed)؛ ظرفیتِ واقعیِ Ethernet L2 (9018B، Tab. 9.24) و کلیدِ ظرفیتِ لازم در انتهای notes. tx_dbm = بیشینهٔ بازهٔ «-30 to +10 dBm (all modulations and channels)»؛ مدل‌های با پسوندِ R فقط تا -15dBm. کلیدِ ظرفیت (SW-360 پیش‌فرض / SW-500 / SW-1000) طبقِ جدولِ «RAy3 - 17, 24 GHz Data Speed SW keys» در racom.eu/eng/products/microwave-link-detail؛ نگاشتِ محصول به کلید از عنوان (500Mbps / 1Gbps) فرض شده است. | Eth L2: 24 Mb/s | کلید: SW-360"
6a5cbd5589e6bfd0ee962736,DN-0107,24000-24250,5,256QAM,10,-76.5,27.7,https://www.racom.eu/eng/products/m/ray3/tech.html,"Tab. 9.25 (Radio parameters 17/24 GHz, BER=10^-6): «RSS values in the table are typical; may differ by up to ±2 dB». rate_mbps = «Bit Rate» همین جدول = نرخِ فیزیکیِ خام (Raw link speed)؛ ظرفیتِ واقعیِ Ethernet L2 (9018B، Tab. 9.24) و کلیدِ ظرفیتِ لازم در انتهای notes. tx_dbm = بیشینهٔ بازهٔ «-30 to +10 dBm (all modulations and channels)»؛ مدل‌های با پسوندِ R فقط تا -15dBm. کلیدِ ظرفیت (SW-360 پیش‌فرض / SW-500 / SW-1000) طبقِ جدولِ «RAy3 - 17, 24 GHz Data Speed SW keys» در racom.eu/eng/products/microwave-link-detail؛ نگاشتِ محصول به کلید از عنوان (500Mbps / 1Gbps) فرض شده است. | Eth L2: 27 Mb/s | کلید: SW-360"
6a5cbd5589e6bfd0ee962736,DN-0107,24000-24250,5,512QAM,10,-73.5,30.8,https://www.racom.eu/eng/products/m/ray3/tech.html,"Tab. 9.25 (Radio parameters 17/24 GHz, BER=10^-6): «RSS values in the table are typical; may differ by up to ±2 dB». rate_mbps = «Bit Rate» همین جدول = نرخِ فیزیکیِ خام (Raw link speed)؛ ظرفیتِ واقعیِ Ethernet L2 (9018B، Tab. 9.24) و کلیدِ ظرفیتِ لازم در انتهای notes. tx_dbm = بیشینهٔ بازهٔ «-30 to +10 dBm (all modulations and channels)»؛ مدل‌های با پسوندِ R فقط تا -15dBm. کلیدِ ظرفیت (SW-360 پیش‌فرض / SW-500 / SW-1000) طبقِ جدولِ «RAy3 - 17, 24 GHz Data Speed SW keys» در racom.eu/eng/products/microwave-link-detail؛ نگاشتِ محصول به کلید از عنوان (500Mbps / 1Gbps) فرض شده است. | Eth L2: 30 Mb/s | کلید: SW-360"
6a5cbd5589e6bfd0ee962736,DN-0107,24000-24250,5,1024QAM,10,-70.5,33.0,https://www.racom.eu/eng/products/m/ray3/tech.html,"Tab. 9.25 (Radio parameters 17/24 GHz, BER=10^-6): «RSS values in the table are typical; may differ by up to ±2 dB». rate_mbps = «Bit Rate» همین جدول = نرخِ فیزیکیِ خام (Raw link speed)؛ ظرفیتِ واقعیِ Ethernet L2 (9018B، Tab. 9.24) و کلیدِ ظرفیتِ لازم در انتهای notes. tx_dbm = بیشینهٔ بازهٔ «-30 to +10 dBm (all modulations and channels)»؛ مدل‌های با پسوندِ R فقط تا -15dBm. کلیدِ ظرفیت (SW-360 پیش‌فرض / SW-500 / SW-1000) طبقِ جدولِ «RAy3 - 17, 24 GHz Data Speed SW keys» در racom.eu/eng/products/microwave-link-detail؛ نگاشتِ محصول به کلید از عنوان (500Mbps / 1Gbps) فرض شده است. | Eth L2: 33 Mb/s | کلید: SW-360"
6a5cbd5589e6bfd0ee962736,DN-0107,24000-24250,7,QPSK_S,10,-97.0,5.7,https://www.racom.eu/eng/products/m/ray3/tech.html,"Tab. 9.25 (Radio parameters 17/24 GHz, BER=10^-6): «RSS values in the table are typical; may differ by up to ±2 dB». rate_mbps = «Bit Rate» همین جدول = نرخِ فیزیکیِ خام (Raw link speed)؛ ظرفیتِ واقعیِ Ethernet L2 (9018B، Tab. 9.24) و کلیدِ ظرفیتِ لازم در انتهای notes. tx_dbm = بیشینهٔ بازهٔ «-30 to +10 dBm (all modulations and channels)»؛ مدل‌های با پسوندِ R فقط تا -15dBm. کلیدِ ظرفیت (SW-360 پیش‌فرض / SW-500 / SW-1000) طبقِ جدولِ «RAy3 - 17, 24 GHz Data Speed SW keys» در racom.eu/eng/products/microwave-link-detail؛ نگاشتِ محصول به کلید از عنوان (500Mbps / 1Gbps) فرض شده است. | Eth L2: 5.5 Mb/s | کلید: SW-360"
6a5cbd5589e6bfd0ee962736,DN-0107,24000-24250,7,QPSK,10,-93.5,10.3,https://www.racom.eu/eng/products/m/ray3/tech.html,"Tab. 9.25 (Radio parameters 17/24 GHz, BER=10^-6): «RSS values in the table are typical; may differ by up to ±2 dB». rate_mbps = «Bit Rate» همین جدول = نرخِ فیزیکیِ خام (Raw link speed)؛ ظرفیتِ واقعیِ Ethernet L2 (9018B، Tab. 9.24) و کلیدِ ظرفیتِ لازم در انتهای notes. tx_dbm = بیشینهٔ بازهٔ «-30 to +10 dBm (all modulations and channels)»؛ مدل‌های با پسوندِ R فقط تا -15dBm. کلیدِ ظرفیت (SW-360 پیش‌فرض / SW-500 / SW-1000) طبقِ جدولِ «RAy3 - 17, 24 GHz Data Speed SW keys» در racom.eu/eng/products/microwave-link-detail؛ نگاشتِ محصول به کلید از عنوان (500Mbps / 1Gbps) فرض شده است. | Eth L2: 10 Mb/s | کلید: SW-360"
6a5cbd5589e6bfd0ee962736,DN-0107,24000-24250,7,16QAM,10,-88.0,19.9,https://www.racom.eu/eng/products/m/ray3/tech.html,"Tab. 9.25 (Radio parameters 17/24 GHz, BER=10^-6): «RSS values in the table are typical; may differ by up to ±2 dB». rate_mbps = «Bit Rate» همین جدول = نرخِ فیزیکیِ خام (Raw link speed)؛ ظرفیتِ واقعیِ Ethernet L2 (9018B، Tab. 9.24) و کلیدِ ظرفیتِ لازم در انتهای notes. tx_dbm = بیشینهٔ بازهٔ «-30 to +10 dBm (all modulations and channels)»؛ مدل‌های با پسوندِ R فقط تا -15dBm. کلیدِ ظرفیت (SW-360 پیش‌فرض / SW-500 / SW-1000) طبقِ جدولِ «RAy3 - 17, 24 GHz Data Speed SW keys» در racom.eu/eng/products/microwave-link-detail؛ نگاشتِ محصول به کلید از عنوان (500Mbps / 1Gbps) فرض شده است. | Eth L2: 20 Mb/s | کلید: SW-360"
6a5cbd5589e6bfd0ee962736,DN-0107,24000-24250,7,32QAM,10,-84.5,24.2,https://www.racom.eu/eng/products/m/ray3/tech.html,"Tab. 9.25 (Radio parameters 17/24 GHz, BER=10^-6): «RSS values in the table are typical; may differ by up to ±2 dB». rate_mbps = «Bit Rate» همین جدول = نرخِ فیزیکیِ خام (Raw link speed)؛ ظرفیتِ واقعیِ Ethernet L2 (9018B، Tab. 9.24) و کلیدِ ظرفیتِ لازم در انتهای notes. tx_dbm = بیشینهٔ بازهٔ «-30 to +10 dBm (all modulations and channels)»؛ مدل‌های با پسوندِ R فقط تا -15dBm. کلیدِ ظرفیت (SW-360 پیش‌فرض / SW-500 / SW-1000) طبقِ جدولِ «RAy3 - 17, 24 GHz Data Speed SW keys» در racom.eu/eng/products/microwave-link-detail؛ نگاشتِ محصول به کلید از عنوان (500Mbps / 1Gbps) فرض شده است. | Eth L2: 24 Mb/s | کلید: SW-360"
6a5cbd5589e6bfd0ee962736,DN-0107,24000-24250,7,64QAM,10,-81.5,31.0,https://www.racom.eu/eng/products/m/ray3/tech.html,"Tab. 9.25 (Radio parameters 17/24 GHz, BER=10^-6): «RSS values in the table are typical; may differ by up to ±2 dB». rate_mbps = «Bit Rate» همین جدول = نرخِ فیزیکیِ خام (Raw link speed)؛ ظرفیتِ واقعیِ Ethernet L2 (9018B، Tab. 9.24) و کلیدِ ظرفیتِ لازم در انتهای notes. tx_dbm = بیشینهٔ بازهٔ «-30 to +10 dBm (all modulations and channels)»؛ مدل‌های با پسوندِ R فقط تا -15dBm. کلیدِ ظرفیت (SW-360 پیش‌فرض / SW-500 / SW-1000) طبقِ جدولِ «RAy3 - 17, 24 GHz Data Speed SW keys» در racom.eu/eng/products/microwave-link-detail؛ نگاشتِ محصول به کلید از عنوان (500Mbps / 1Gbps) فرض شده است. | Eth L2: 31 Mb/s | کلید: SW-360"
6a5cbd5589e6bfd0ee962736,DN-0107,24000-24250,7,128QAM,10,-78.5,36.8,https://www.racom.eu/eng/products/m/ray3/tech.html,"Tab. 9.25 (Radio parameters 17/24 GHz, BER=10^-6): «RSS values in the table are typical; may differ by up to ±2 dB». rate_mbps = «Bit Rate» همین جدول = نرخِ فیزیکیِ خام (Raw link speed)؛ ظرفیتِ واقعیِ Ethernet L2 (9018B، Tab. 9.24) و کلیدِ ظرفیتِ لازم در انتهای notes. tx_dbm = بیشینهٔ بازهٔ «-30 to +10 dBm (all modulations and channels)»؛ مدل‌های با پسوندِ R فقط تا -15dBm. کلیدِ ظرفیت (SW-360 پیش‌فرض / SW-500 / SW-1000) طبقِ جدولِ «RAy3 - 17, 24 GHz Data Speed SW keys» در racom.eu/eng/products/microwave-link-detail؛ نگاشتِ محصول به کلید از عنوان (500Mbps / 1Gbps) فرض شده است. | Eth L2: 37 Mb/s | کلید: SW-360"
6a5cbd5589e6bfd0ee962736,DN-0107,24000-24250,7,256QAM,10,-75.5,42.1,https://www.racom.eu/eng/products/m/ray3/tech.html,"Tab. 9.25 (Radio parameters 17/24 GHz, BER=10^-6): «RSS values in the table are typical; may differ by up to ±2 dB». rate_mbps = «Bit Rate» همین جدول = نرخِ فیزیکیِ خام (Raw link speed)؛ ظرفیتِ واقعیِ Ethernet L2 (9018B، Tab. 9.24) و کلیدِ ظرفیتِ لازم در انتهای notes. tx_dbm = بیشینهٔ بازهٔ «-30 to +10 dBm (all modulations and channels)»؛ مدل‌های با پسوندِ R فقط تا -15dBm. کلیدِ ظرفیت (SW-360 پیش‌فرض / SW-500 / SW-1000) طبقِ جدولِ «RAy3 - 17, 24 GHz Data Speed SW keys» در racom.eu/eng/products/microwave-link-detail؛ نگاشتِ محصول به کلید از عنوان (500Mbps / 1Gbps) فرض شده است. | Eth L2: 42 Mb/s | کلید: SW-360"
6a5cbd5589e6bfd0ee962736,DN-0107,24000-24250,7,512QAM,10,-72.5,46.7,https://www.racom.eu/eng/products/m/ray3/tech.html,"Tab. 9.25 (Radio parameters 17/24 GHz, BER=10^-6): «RSS values in the table are typical; may differ by up to ±2 dB». rate_mbps = «Bit Rate» همین جدول = نرخِ فیزیکیِ خام (Raw link speed)؛ ظرفیتِ واقعیِ Ethernet L2 (9018B، Tab. 9.24) و کلیدِ ظرفیتِ لازم در انتهای notes. tx_dbm = بیشینهٔ بازهٔ «-30 to +10 dBm (all modulations and channels)»؛ مدل‌های با پسوندِ R فقط تا -15dBm. کلیدِ ظرفیت (SW-360 پیش‌فرض / SW-500 / SW-1000) طبقِ جدولِ «RAy3 - 17, 24 GHz Data Speed SW keys» در racom.eu/eng/products/microwave-link-detail؛ نگاشتِ محصول به کلید از عنوان (500Mbps / 1Gbps) فرض شده است. | Eth L2: 46 Mb/s | کلید: SW-360"
6a5cbd5589e6bfd0ee962736,DN-0107,24000-24250,7,1024QAM,10,-68.5,52.0,https://www.racom.eu/eng/products/m/ray3/tech.html,"Tab. 9.25 (Radio parameters 17/24 GHz, BER=10^-6): «RSS values in the table are typical; may differ by up to ±2 dB». rate_mbps = «Bit Rate» همین جدول = نرخِ فیزیکیِ خام (Raw link speed)؛ ظرفیتِ واقعیِ Ethernet L2 (9018B، Tab. 9.24) و کلیدِ ظرفیتِ لازم در انتهای notes. tx_dbm = بیشینهٔ بازهٔ «-30 to +10 dBm (all modulations and channels)»؛ مدل‌های با پسوندِ R فقط تا -15dBm. کلیدِ ظرفیت (SW-360 پیش‌فرض / SW-500 / SW-1000) طبقِ جدولِ «RAy3 - 17, 24 GHz Data Speed SW keys» در racom.eu/eng/products/microwave-link-detail؛ نگاشتِ محصول به کلید از عنوان (500Mbps / 1Gbps) فرض شده است. | Eth L2: 52 Mb/s | کلید: SW-360"
6a5cbd5589e6bfd0ee962736,DN-0107,24000-24250,7,2048QAM,10,-64.5,57.4,https://www.racom.eu/eng/products/m/ray3/tech.html,"Tab. 9.25 (Radio parameters 17/24 GHz, BER=10^-6): «RSS values in the table are typical; may differ by up to ±2 dB». rate_mbps = «Bit Rate» همین جدول = نرخِ فیزیکیِ خام (Raw link speed)؛ ظرفیتِ واقعیِ Ethernet L2 (9018B، Tab. 9.24) و کلیدِ ظرفیتِ لازم در انتهای notes. tx_dbm = بیشینهٔ بازهٔ «-30 to +10 dBm (all modulations and channels)»؛ مدل‌های با پسوندِ R فقط تا -15dBm. کلیدِ ظرفیت (SW-360 پیش‌فرض / SW-500 / SW-1000) طبقِ جدولِ «RAy3 - 17, 24 GHz Data Speed SW keys» در racom.eu/eng/products/microwave-link-detail؛ نگاشتِ محصول به کلید از عنوان (500Mbps / 1Gbps) فرض شده است. | Eth L2: 57 Mb/s | کلید: SW-360"
6a5cbd5589e6bfd0ee962736,DN-0107,24000-24250,10,QPSK_S,10,-95.0,7.7,https://www.racom.eu/eng/products/m/ray3/tech.html,"Tab. 9.25 (Radio parameters 17/24 GHz, BER=10^-6): «RSS values in the table are typical; may differ by up to ±2 dB». rate_mbps = «Bit Rate» همین جدول = نرخِ فیزیکیِ خام (Raw link speed)؛ ظرفیتِ واقعیِ Ethernet L2 (9018B، Tab. 9.24) و کلیدِ ظرفیتِ لازم در انتهای notes. tx_dbm = بیشینهٔ بازهٔ «-30 to +10 dBm (all modulations and channels)»؛ مدل‌های با پسوندِ R فقط تا -15dBm. کلیدِ ظرفیت (SW-360 پیش‌فرض / SW-500 / SW-1000) طبقِ جدولِ «RAy3 - 17, 24 GHz Data Speed SW keys» در racom.eu/eng/products/microwave-link-detail؛ نگاشتِ محصول به کلید از عنوان (500Mbps / 1Gbps) فرض شده است. | Eth L2: 7.8 Mb/s | کلید: SW-360"
6a5cbd5589e6bfd0ee962736,DN-0107,24000-24250,10,QPSK,10,-92.0,14.4,https://www.racom.eu/eng/products/m/ray3/tech.html,"Tab. 9.25 (Radio parameters 17/24 GHz, BER=10^-6): «RSS values in the table are typical; may differ by up to ±2 dB». rate_mbps = «Bit Rate» همین جدول = نرخِ فیزیکیِ خام (Raw link speed)؛ ظرفیتِ واقعیِ Ethernet L2 (9018B، Tab. 9.24) و کلیدِ ظرفیتِ لازم در انتهای notes. tx_dbm = بیشینهٔ بازهٔ «-30 to +10 dBm (all modulations and channels)»؛ مدل‌های با پسوندِ R فقط تا -15dBm. کلیدِ ظرفیت (SW-360 پیش‌فرض / SW-500 / SW-1000) طبقِ جدولِ «RAy3 - 17, 24 GHz Data Speed SW keys» در racom.eu/eng/products/microwave-link-detail؛ نگاشتِ محصول به کلید از عنوان (500Mbps / 1Gbps) فرض شده است. | Eth L2: 14 Mb/s | کلید: SW-360"
6a5cbd5589e6bfd0ee962736,DN-0107,24000-24250,10,16QAM,10,-86.5,27.6,https://www.racom.eu/eng/products/m/ray3/tech.html,"Tab. 9.25 (Radio parameters 17/24 GHz, BER=10^-6): «RSS values in the table are typical; may differ by up to ±2 dB». rate_mbps = «Bit Rate» همین جدول = نرخِ فیزیکیِ خام (Raw link speed)؛ ظرفیتِ واقعیِ Ethernet L2 (9018B، Tab. 9.24) و کلیدِ ظرفیتِ لازم در انتهای notes. tx_dbm = بیشینهٔ بازهٔ «-30 to +10 dBm (all modulations and channels)»؛ مدل‌های با پسوندِ R فقط تا -15dBm. کلیدِ ظرفیت (SW-360 پیش‌فرض / SW-500 / SW-1000) طبقِ جدولِ «RAy3 - 17, 24 GHz Data Speed SW keys» در racom.eu/eng/products/microwave-link-detail؛ نگاشتِ محصول به کلید از عنوان (500Mbps / 1Gbps) فرض شده است. | Eth L2: 27 Mb/s | کلید: SW-360"
6a5cbd5589e6bfd0ee962736,DN-0107,24000-24250,10,32QAM,10,-83.0,33.2,https://www.racom.eu/eng/products/m/ray3/tech.html,"Tab. 9.25 (Radio parameters 17/24 GHz, BER=10^-6): «RSS values in the table are typical; may differ by up to ±2 dB». rate_mbps = «Bit Rate» همین جدول = نرخِ فیزیکیِ خام (Raw link speed)؛ ظرفیتِ واقعیِ Ethernet L2 (9018B، Tab. 9.24) و کلیدِ ظرفیتِ لازم در انتهای notes. tx_dbm = بیشینهٔ بازهٔ «-30 to +10 dBm (all modulations and channels)»؛ مدل‌های با پسوندِ R فقط تا -15dBm. کلیدِ ظرفیت (SW-360 پیش‌فرض / SW-500 / SW-1000) طبقِ جدولِ «RAy3 - 17, 24 GHz Data Speed SW keys» در racom.eu/eng/products/microwave-link-detail؛ نگاشتِ محصول به کلید از عنوان (500Mbps / 1Gbps) فرض شده است. | Eth L2: 33 Mb/s | کلید: SW-360"
6a5cbd5589e6bfd0ee962736,DN-0107,24000-24250,10,64QAM,10,-80.0,42.7,https://www.racom.eu/eng/products/m/ray3/tech.html,"Tab. 9.25 (Radio parameters 17/24 GHz, BER=10^-6): «RSS values in the table are typical; may differ by up to ±2 dB». rate_mbps = «Bit Rate» همین جدول = نرخِ فیزیکیِ خام (Raw link speed)؛ ظرفیتِ واقعیِ Ethernet L2 (9018B، Tab. 9.24) و کلیدِ ظرفیتِ لازم در انتهای notes. tx_dbm = بیشینهٔ بازهٔ «-30 to +10 dBm (all modulations and channels)»؛ مدل‌های با پسوندِ R فقط تا -15dBm. کلیدِ ظرفیت (SW-360 پیش‌فرض / SW-500 / SW-1000) طبقِ جدولِ «RAy3 - 17, 24 GHz Data Speed SW keys» در racom.eu/eng/products/microwave-link-detail؛ نگاشتِ محصول به کلید از عنوان (500Mbps / 1Gbps) فرض شده است. | Eth L2: 42 Mb/s | کلید: SW-360"
6a5cbd5589e6bfd0ee962736,DN-0107,24000-24250,10,128QAM,10,-77.0,50.7,https://www.racom.eu/eng/products/m/ray3/tech.html,"Tab. 9.25 (Radio parameters 17/24 GHz, BER=10^-6): «RSS values in the table are typical; may differ by up to ±2 dB». rate_mbps = «Bit Rate» همین جدول = نرخِ فیزیکیِ خام (Raw link speed)؛ ظرفیتِ واقعیِ Ethernet L2 (9018B، Tab. 9.24) و کلیدِ ظرفیتِ لازم در انتهای notes. tx_dbm = بیشینهٔ بازهٔ «-30 to +10 dBm (all modulations and channels)»؛ مدل‌های با پسوندِ R فقط تا -15dBm. کلیدِ ظرفیت (SW-360 پیش‌فرض / SW-500 / SW-1000) طبقِ جدولِ «RAy3 - 17, 24 GHz Data Speed SW keys» در racom.eu/eng/products/microwave-link-detail؛ نگاشتِ محصول به کلید از عنوان (500Mbps / 1Gbps) فرض شده است. | Eth L2: 50 Mb/s | کلید: SW-360"
6a5cbd5589e6bfd0ee962736,DN-0107,24000-24250,10,256QAM,10,-74.0,57.9,https://www.racom.eu/eng/products/m/ray3/tech.html,"Tab. 9.25 (Radio parameters 17/24 GHz, BER=10^-6): «RSS values in the table are typical; may differ by up to ±2 dB». rate_mbps = «Bit Rate» همین جدول = نرخِ فیزیکیِ خام (Raw link speed)؛ ظرفیتِ واقعیِ Ethernet L2 (9018B، Tab. 9.24) و کلیدِ ظرفیتِ لازم در انتهای notes. tx_dbm = بیشینهٔ بازهٔ «-30 to +10 dBm (all modulations and channels)»؛ مدل‌های با پسوندِ R فقط تا -15dBm. کلیدِ ظرفیت (SW-360 پیش‌فرض / SW-500 / SW-1000) طبقِ جدولِ «RAy3 - 17, 24 GHz Data Speed SW keys» در racom.eu/eng/products/microwave-link-detail؛ نگاشتِ محصول به کلید از عنوان (500Mbps / 1Gbps) فرض شده است. | Eth L2: 57 Mb/s | کلید: SW-360"
6a5cbd5589e6bfd0ee962736,DN-0107,24000-24250,10,512QAM,10,-71.0,64.5,https://www.racom.eu/eng/products/m/ray3/tech.html,"Tab. 9.25 (Radio parameters 17/24 GHz, BER=10^-6): «RSS values in the table are typical; may differ by up to ±2 dB». rate_mbps = «Bit Rate» همین جدول = نرخِ فیزیکیِ خام (Raw link speed)؛ ظرفیتِ واقعیِ Ethernet L2 (9018B، Tab. 9.24) و کلیدِ ظرفیتِ لازم در انتهای notes. tx_dbm = بیشینهٔ بازهٔ «-30 to +10 dBm (all modulations and channels)»؛ مدل‌های با پسوندِ R فقط تا -15dBm. کلیدِ ظرفیت (SW-360 پیش‌فرض / SW-500 / SW-1000) طبقِ جدولِ «RAy3 - 17, 24 GHz Data Speed SW keys» در racom.eu/eng/products/microwave-link-detail؛ نگاشتِ محصول به کلید از عنوان (500Mbps / 1Gbps) فرض شده است. | Eth L2: 64 Mb/s | کلید: SW-360"
6a5cbd5589e6bfd0ee962736,DN-0107,24000-24250,10,1024QAM,10,-67.5,71.6,https://www.racom.eu/eng/products/m/ray3/tech.html,"Tab. 9.25 (Radio parameters 17/24 GHz, BER=10^-6): «RSS values in the table are typical; may differ by up to ±2 dB». rate_mbps = «Bit Rate» همین جدول = نرخِ فیزیکیِ خام (Raw link speed)؛ ظرفیتِ واقعیِ Ethernet L2 (9018B، Tab. 9.24) و کلیدِ ظرفیتِ لازم در انتهای notes. tx_dbm = بیشینهٔ بازهٔ «-30 to +10 dBm (all modulations and channels)»؛ مدل‌های با پسوندِ R فقط تا -15dBm. کلیدِ ظرفیت (SW-360 پیش‌فرض / SW-500 / SW-1000) طبقِ جدولِ «RAy3 - 17, 24 GHz Data Speed SW keys» در racom.eu/eng/products/microwave-link-detail؛ نگاشتِ محصول به کلید از عنوان (500Mbps / 1Gbps) فرض شده است. | Eth L2: 71 Mb/s | کلید: SW-360"
6a5cbd5589e6bfd0ee962736,DN-0107,24000-24250,10,2048QAM,10,-64.0,78.9,https://www.racom.eu/eng/products/m/ray3/tech.html,"Tab. 9.25 (Radio parameters 17/24 GHz, BER=10^-6): «RSS values in the table are typical; may differ by up to ±2 dB». rate_mbps = «Bit Rate» همین جدول = نرخِ فیزیکیِ خام (Raw link speed)؛ ظرفیتِ واقعیِ Ethernet L2 (9018B، Tab. 9.24) و کلیدِ ظرفیتِ لازم در انتهای notes. tx_dbm = بیشینهٔ بازهٔ «-30 to +10 dBm (all modulations and channels)»؛ مدل‌های با پسوندِ R فقط تا -15dBm. کلیدِ ظرفیت (SW-360 پیش‌فرض / SW-500 / SW-1000) طبقِ جدولِ «RAy3 - 17, 24 GHz Data Speed SW keys» در racom.eu/eng/products/microwave-link-detail؛ نگاشتِ محصول به کلید از عنوان (500Mbps / 1Gbps) فرض شده است. | Eth L2: 78 Mb/s | کلید: SW-360"
6a5cbd5589e6bfd0ee962736,DN-0107,24000-24250,14,QPSK_S,10,-93.5,11.9,https://www.racom.eu/eng/products/m/ray3/tech.html,"Tab. 9.25 (Radio parameters 17/24 GHz, BER=10^-6): «RSS values in the table are typical; may differ by up to ±2 dB». rate_mbps = «Bit Rate» همین جدول = نرخِ فیزیکیِ خام (Raw link speed)؛ ظرفیتِ واقعیِ Ethernet L2 (9018B، Tab. 9.24) و کلیدِ ظرفیتِ لازم در انتهای notes. tx_dbm = بیشینهٔ بازهٔ «-30 to +10 dBm (all modulations and channels)»؛ مدل‌های با پسوندِ R فقط تا -15dBm. کلیدِ ظرفیت (SW-360 پیش‌فرض / SW-500 / SW-1000) طبقِ جدولِ «RAy3 - 17, 24 GHz Data Speed SW keys» در racom.eu/eng/products/microwave-link-detail؛ نگاشتِ محصول به کلید از عنوان (500Mbps / 1Gbps) فرض شده است. | Eth L2: 12 Mb/s | کلید: SW-360"
6a5cbd5589e6bfd0ee962736,DN-0107,24000-24250,14,QPSK,10,-90.5,22.1,https://www.racom.eu/eng/products/m/ray3/tech.html,"Tab. 9.25 (Radio parameters 17/24 GHz, BER=10^-6): «RSS values in the table are typical; may differ by up to ±2 dB». rate_mbps = «Bit Rate» همین جدول = نرخِ فیزیکیِ خام (Raw link speed)؛ ظرفیتِ واقعیِ Ethernet L2 (9018B، Tab. 9.24) و کلیدِ ظرفیتِ لازم در انتهای notes. tx_dbm = بیشینهٔ بازهٔ «-30 to +10 dBm (all modulations and channels)»؛ مدل‌های با پسوندِ R فقط تا -15dBm. کلیدِ ظرفیت (SW-360 پیش‌فرض / SW-500 / SW-1000) طبقِ جدولِ «RAy3 - 17, 24 GHz Data Speed SW keys» در racom.eu/eng/products/microwave-link-detail؛ نگاشتِ محصول به کلید از عنوان (500Mbps / 1Gbps) فرض شده است. | Eth L2: 22 Mb/s | کلید: SW-360"
6a5cbd5589e6bfd0ee962736,DN-0107,24000-24250,14,16QAM,10,-85.0,41.4,https://www.racom.eu/eng/products/m/ray3/tech.html,"Tab. 9.25 (Radio parameters 17/24 GHz, BER=10^-6): «RSS values in the table are typical; may differ by up to ±2 dB». rate_mbps = «Bit Rate» همین جدول = نرخِ فیزیکیِ خام (Raw link speed)؛ ظرفیتِ واقعیِ Ethernet L2 (9018B، Tab. 9.24) و کلیدِ ظرفیتِ لازم در انتهای notes. tx_dbm = بیشینهٔ بازهٔ «-30 to +10 dBm (all modulations and channels)»؛ مدل‌های با پسوندِ R فقط تا -15dBm. کلیدِ ظرفیت (SW-360 پیش‌فرض / SW-500 / SW-1000) طبقِ جدولِ «RAy3 - 17, 24 GHz Data Speed SW keys» در racom.eu/eng/products/microwave-link-detail؛ نگاشتِ محصول به کلید از عنوان (500Mbps / 1Gbps) فرض شده است. | Eth L2: 41 Mb/s | کلید: SW-360"
6a5cbd5589e6bfd0ee962736,DN-0107,24000-24250,14,32QAM,10,-81.5,50.2,https://www.racom.eu/eng/products/m/ray3/tech.html,"Tab. 9.25 (Radio parameters 17/24 GHz, BER=10^-6): «RSS values in the table are typical; may differ by up to ±2 dB». rate_mbps = «Bit Rate» همین جدول = نرخِ فیزیکیِ خام (Raw link speed)؛ ظرفیتِ واقعیِ Ethernet L2 (9018B، Tab. 9.24) و کلیدِ ظرفیتِ لازم در انتهای notes. tx_dbm = بیشینهٔ بازهٔ «-30 to +10 dBm (all modulations and channels)»؛ مدل‌های با پسوندِ R فقط تا -15dBm. کلیدِ ظرفیت (SW-360 پیش‌فرض / SW-500 / SW-1000) طبقِ جدولِ «RAy3 - 17, 24 GHz Data Speed SW keys» در racom.eu/eng/products/microwave-link-detail؛ نگاشتِ محصول به کلید از عنوان (500Mbps / 1Gbps) فرض شده است. | Eth L2: 50 Mb/s | کلید: SW-360"
6a5cbd5589e6bfd0ee962736,DN-0107,24000-24250,14,64QAM,10,-78.5,65.4,https://www.racom.eu/eng/products/m/ray3/tech.html,"Tab. 9.25 (Radio parameters 17/24 GHz, BER=10^-6): «RSS values in the table are typical; may differ by up to ±2 dB». rate_mbps = «Bit Rate» همین جدول = نرخِ فیزیکیِ خام (Raw link speed)؛ ظرفیتِ واقعیِ Ethernet L2 (9018B، Tab. 9.24) و کلیدِ ظرفیتِ لازم در انتهای notes. tx_dbm = بیشینهٔ بازهٔ «-30 to +10 dBm (all modulations and channels)»؛ مدل‌های با پسوندِ R فقط تا -15dBm. کلیدِ ظرفیت (SW-360 پیش‌فرض / SW-500 / SW-1000) طبقِ جدولِ «RAy3 - 17, 24 GHz Data Speed SW keys» در racom.eu/eng/products/microwave-link-detail؛ نگاشتِ محصول به کلید از عنوان (500Mbps / 1Gbps) فرض شده است. | Eth L2: 65 Mb/s | کلید: SW-360"
6a5cbd5589e6bfd0ee962736,DN-0107,24000-24250,14,128QAM,10,-75.5,77.7,https://www.racom.eu/eng/products/m/ray3/tech.html,"Tab. 9.25 (Radio parameters 17/24 GHz, BER=10^-6): «RSS values in the table are typical; may differ by up to ±2 dB». rate_mbps = «Bit Rate» همین جدول = نرخِ فیزیکیِ خام (Raw link speed)؛ ظرفیتِ واقعیِ Ethernet L2 (9018B، Tab. 9.24) و کلیدِ ظرفیتِ لازم در انتهای notes. tx_dbm = بیشینهٔ بازهٔ «-30 to +10 dBm (all modulations and channels)»؛ مدل‌های با پسوندِ R فقط تا -15dBm. کلیدِ ظرفیت (SW-360 پیش‌فرض / SW-500 / SW-1000) طبقِ جدولِ «RAy3 - 17, 24 GHz Data Speed SW keys» در racom.eu/eng/products/microwave-link-detail؛ نگاشتِ محصول به کلید از عنوان (500Mbps / 1Gbps) فرض شده است. | Eth L2: 77 Mb/s | کلید: SW-360"
6a5cbd5589e6bfd0ee962736,DN-0107,24000-24250,14,256QAM,10,-72.5,88.5,https://www.racom.eu/eng/products/m/ray3/tech.html,"Tab. 9.25 (Radio parameters 17/24 GHz, BER=10^-6): «RSS values in the table are typical; may differ by up to ±2 dB». rate_mbps = «Bit Rate» همین جدول = نرخِ فیزیکیِ خام (Raw link speed)؛ ظرفیتِ واقعیِ Ethernet L2 (9018B، Tab. 9.24) و کلیدِ ظرفیتِ لازم در انتهای notes. tx_dbm = بیشینهٔ بازهٔ «-30 to +10 dBm (all modulations and channels)»؛ مدل‌های با پسوندِ R فقط تا -15dBm. کلیدِ ظرفیت (SW-360 پیش‌فرض / SW-500 / SW-1000) طبقِ جدولِ «RAy3 - 17, 24 GHz Data Speed SW keys» در racom.eu/eng/products/microwave-link-detail؛ نگاشتِ محصول به کلید از عنوان (500Mbps / 1Gbps) فرض شده است. | Eth L2: 87 Mb/s | کلید: SW-360"
6a5cbd5589e6bfd0ee962736,DN-0107,24000-24250,14,512QAM,10,-69.5,99.1,https://www.racom.eu/eng/products/m/ray3/tech.html,"Tab. 9.25 (Radio parameters 17/24 GHz, BER=10^-6): «RSS values in the table are typical; may differ by up to ±2 dB». rate_mbps = «Bit Rate» همین جدول = نرخِ فیزیکیِ خام (Raw link speed)؛ ظرفیتِ واقعیِ Ethernet L2 (9018B، Tab. 9.24) و کلیدِ ظرفیتِ لازم در انتهای notes. tx_dbm = بیشینهٔ بازهٔ «-30 to +10 dBm (all modulations and channels)»؛ مدل‌های با پسوندِ R فقط تا -15dBm. کلیدِ ظرفیت (SW-360 پیش‌فرض / SW-500 / SW-1000) طبقِ جدولِ «RAy3 - 17, 24 GHz Data Speed SW keys» در racom.eu/eng/products/microwave-link-detail؛ نگاشتِ محصول به کلید از عنوان (500Mbps / 1Gbps) فرض شده است. | Eth L2: 98 Mb/s | کلید: SW-360"
6a5cbd5589e6bfd0ee962736,DN-0107,24000-24250,14,1024QAM,10,-66.5,110.2,https://www.racom.eu/eng/products/m/ray3/tech.html,"Tab. 9.25 (Radio parameters 17/24 GHz, BER=10^-6): «RSS values in the table are typical; may differ by up to ±2 dB». rate_mbps = «Bit Rate» همین جدول = نرخِ فیزیکیِ خام (Raw link speed)؛ ظرفیتِ واقعیِ Ethernet L2 (9018B، Tab. 9.24) و کلیدِ ظرفیتِ لازم در انتهای notes. tx_dbm = بیشینهٔ بازهٔ «-30 to +10 dBm (all modulations and channels)»؛ مدل‌های با پسوندِ R فقط تا -15dBm. کلیدِ ظرفیت (SW-360 پیش‌فرض / SW-500 / SW-1000) طبقِ جدولِ «RAy3 - 17, 24 GHz Data Speed SW keys» در racom.eu/eng/products/microwave-link-detail؛ نگاشتِ محصول به کلید از عنوان (500Mbps / 1Gbps) فرض شده است. | Eth L2: 109 Mb/s | کلید: SW-360"
6a5cbd5589e6bfd0ee962736,DN-0107,24000-24250,14,2048QAM,10,-63.0,119.8,https://www.racom.eu/eng/products/m/ray3/tech.html,"Tab. 9.25 (Radio parameters 17/24 GHz, BER=10^-6): «RSS values in the table are typical; may differ by up to ±2 dB». rate_mbps = «Bit Rate» همین جدول = نرخِ فیزیکیِ خام (Raw link speed)؛ ظرفیتِ واقعیِ Ethernet L2 (9018B، Tab. 9.24) و کلیدِ ظرفیتِ لازم در انتهای notes. tx_dbm = بیشینهٔ بازهٔ «-30 to +10 dBm (all modulations and channels)»؛ مدل‌های با پسوندِ R فقط تا -15dBm. کلیدِ ظرفیت (SW-360 پیش‌فرض / SW-500 / SW-1000) طبقِ جدولِ «RAy3 - 17, 24 GHz Data Speed SW keys» در racom.eu/eng/products/microwave-link-detail؛ نگاشتِ محصول به کلید از عنوان (500Mbps / 1Gbps) فرض شده است. | Eth L2: 118 Mb/s | کلید: SW-360"
6a5cbd5589e6bfd0ee962736,DN-0107,24000-24250,14,4096QAM,10,-59.0,129.4,https://www.racom.eu/eng/products/m/ray3/tech.html,"Tab. 9.25 (Radio parameters 17/24 GHz, BER=10^-6): «RSS values in the table are typical; may differ by up to ±2 dB». rate_mbps = «Bit Rate» همین جدول = نرخِ فیزیکیِ خام (Raw link speed)؛ ظرفیتِ واقعیِ Ethernet L2 (9018B، Tab. 9.24) و کلیدِ ظرفیتِ لازم در انتهای notes. tx_dbm = بیشینهٔ بازهٔ «-30 to +10 dBm (all modulations and channels)»؛ مدل‌های با پسوندِ R فقط تا -15dBm. کلیدِ ظرفیت (SW-360 پیش‌فرض / SW-500 / SW-1000) طبقِ جدولِ «RAy3 - 17, 24 GHz Data Speed SW keys» در racom.eu/eng/products/microwave-link-detail؛ نگاشتِ محصول به کلید از عنوان (500Mbps / 1Gbps) فرض شده است. | Eth L2: 128 Mb/s | کلید: SW-360"
6a5cbd5589e6bfd0ee962736,DN-0107,24000-24250,20,QPSK_S,10,-93.0,17.2,https://www.racom.eu/eng/products/m/ray3/tech.html,"Tab. 9.25 (Radio parameters 17/24 GHz, BER=10^-6): «RSS values in the table are typical; may differ by up to ±2 dB». rate_mbps = «Bit Rate» همین جدول = نرخِ فیزیکیِ خام (Raw link speed)؛ ظرفیتِ واقعیِ Ethernet L2 (9018B، Tab. 9.24) و کلیدِ ظرفیتِ لازم در انتهای notes. tx_dbm = بیشینهٔ بازهٔ «-30 to +10 dBm (all modulations and channels)»؛ مدل‌های با پسوندِ R فقط تا -15dBm. کلیدِ ظرفیت (SW-360 پیش‌فرض / SW-500 / SW-1000) طبقِ جدولِ «RAy3 - 17, 24 GHz Data Speed SW keys» در racom.eu/eng/products/microwave-link-detail؛ نگاشتِ محصول به کلید از عنوان (500Mbps / 1Gbps) فرض شده است. | Eth L2: 17 Mb/s | کلید: SW-360"
6a5cbd5589e6bfd0ee962736,DN-0107,24000-24250,20,QPSK,10,-89.0,32.0,https://www.racom.eu/eng/products/m/ray3/tech.html,"Tab. 9.25 (Radio parameters 17/24 GHz, BER=10^-6): «RSS values in the table are typical; may differ by up to ±2 dB». rate_mbps = «Bit Rate» همین جدول = نرخِ فیزیکیِ خام (Raw link speed)؛ ظرفیتِ واقعیِ Ethernet L2 (9018B، Tab. 9.24) و کلیدِ ظرفیتِ لازم در انتهای notes. tx_dbm = بیشینهٔ بازهٔ «-30 to +10 dBm (all modulations and channels)»؛ مدل‌های با پسوندِ R فقط تا -15dBm. کلیدِ ظرفیت (SW-360 پیش‌فرض / SW-500 / SW-1000) طبقِ جدولِ «RAy3 - 17, 24 GHz Data Speed SW keys» در racom.eu/eng/products/microwave-link-detail؛ نگاشتِ محصول به کلید از عنوان (500Mbps / 1Gbps) فرض شده است. | Eth L2: 32 Mb/s | کلید: SW-360"
6a5cbd5589e6bfd0ee962736,DN-0107,24000-24250,20,16QAM,10,-83.5,59.8,https://www.racom.eu/eng/products/m/ray3/tech.html,"Tab. 9.25 (Radio parameters 17/24 GHz, BER=10^-6): «RSS values in the table are typical; may differ by up to ±2 dB». rate_mbps = «Bit Rate» همین جدول = نرخِ فیزیکیِ خام (Raw link speed)؛ ظرفیتِ واقعیِ Ethernet L2 (9018B، Tab. 9.24) و کلیدِ ظرفیتِ لازم در انتهای notes. tx_dbm = بیشینهٔ بازهٔ «-30 to +10 dBm (all modulations and channels)»؛ مدل‌های با پسوندِ R فقط تا -15dBm. کلیدِ ظرفیت (SW-360 پیش‌فرض / SW-500 / SW-1000) طبقِ جدولِ «RAy3 - 17, 24 GHz Data Speed SW keys» در racom.eu/eng/products/microwave-link-detail؛ نگاشتِ محصول به کلید از عنوان (500Mbps / 1Gbps) فرض شده است. | Eth L2: 59 Mb/s | کلید: SW-360"
6a5cbd5589e6bfd0ee962736,DN-0107,24000-24250,20,32QAM,10,-80.0,72.5,https://www.racom.eu/eng/products/m/ray3/tech.html,"Tab. 9.25 (Radio parameters 17/24 GHz, BER=10^-6): «RSS values in the table are typical; may differ by up to ±2 dB». rate_mbps = «Bit Rate» همین جدول = نرخِ فیزیکیِ خام (Raw link speed)؛ ظرفیتِ واقعیِ Ethernet L2 (9018B، Tab. 9.24) و کلیدِ ظرفیتِ لازم در انتهای notes. tx_dbm = بیشینهٔ بازهٔ «-30 to +10 dBm (all modulations and channels)»؛ مدل‌های با پسوندِ R فقط تا -15dBm. کلیدِ ظرفیت (SW-360 پیش‌فرض / SW-500 / SW-1000) طبقِ جدولِ «RAy3 - 17, 24 GHz Data Speed SW keys» در racom.eu/eng/products/microwave-link-detail؛ نگاشتِ محصول به کلید از عنوان (500Mbps / 1Gbps) فرض شده است. | Eth L2: 72 Mb/s | کلید: SW-360"
6a5cbd5589e6bfd0ee962736,DN-0107,24000-24250,20,64QAM,10,-77.0,94.3,https://www.racom.eu/eng/products/m/ray3/tech.html,"Tab. 9.25 (Radio parameters 17/24 GHz, BER=10^-6): «RSS values in the table are typical; may differ by up to ±2 dB». rate_mbps = «Bit Rate» همین جدول = نرخِ فیزیکیِ خام (Raw link speed)؛ ظرفیتِ واقعیِ Ethernet L2 (9018B، Tab. 9.24) و کلیدِ ظرفیتِ لازم در انتهای notes. tx_dbm = بیشینهٔ بازهٔ «-30 to +10 dBm (all modulations and channels)»؛ مدل‌های با پسوندِ R فقط تا -15dBm. کلیدِ ظرفیت (SW-360 پیش‌فرض / SW-500 / SW-1000) طبقِ جدولِ «RAy3 - 17, 24 GHz Data Speed SW keys» در racom.eu/eng/products/microwave-link-detail؛ نگاشتِ محصول به کلید از عنوان (500Mbps / 1Gbps) فرض شده است. | Eth L2: 93 Mb/s | کلید: SW-360"
6a5cbd5589e6bfd0ee962736,DN-0107,24000-24250,20,128QAM,10,-74.0,112.1,https://www.racom.eu/eng/products/m/ray3/tech.html,"Tab. 9.25 (Radio parameters 17/24 GHz, BER=10^-6): «RSS values in the table are typical; may differ by up to ±2 dB». rate_mbps = «Bit Rate» همین جدول = نرخِ فیزیکیِ خام (Raw link speed)؛ ظرفیتِ واقعیِ Ethernet L2 (9018B، Tab. 9.24) و کلیدِ ظرفیتِ لازم در انتهای notes. tx_dbm = بیشینهٔ بازهٔ «-30 to +10 dBm (all modulations and channels)»؛ مدل‌های با پسوندِ R فقط تا -15dBm. کلیدِ ظرفیت (SW-360 پیش‌فرض / SW-500 / SW-1000) طبقِ جدولِ «RAy3 - 17, 24 GHz Data Speed SW keys» در racom.eu/eng/products/microwave-link-detail؛ نگاشتِ محصول به کلید از عنوان (500Mbps / 1Gbps) فرض شده است. | Eth L2: 111 Mb/s | کلید: SW-360"
6a5cbd5589e6bfd0ee962736,DN-0107,24000-24250,20,256QAM,10,-71.0,127.9,https://www.racom.eu/eng/products/m/ray3/tech.html,"Tab. 9.25 (Radio parameters 17/24 GHz, BER=10^-6): «RSS values in the table are typical; may differ by up to ±2 dB». rate_mbps = «Bit Rate» همین جدول = نرخِ فیزیکیِ خام (Raw link speed)؛ ظرفیتِ واقعیِ Ethernet L2 (9018B، Tab. 9.24) و کلیدِ ظرفیتِ لازم در انتهای notes. tx_dbm = بیشینهٔ بازهٔ «-30 to +10 dBm (all modulations and channels)»؛ مدل‌های با پسوندِ R فقط تا -15dBm. کلیدِ ظرفیت (SW-360 پیش‌فرض / SW-500 / SW-1000) طبقِ جدولِ «RAy3 - 17, 24 GHz Data Speed SW keys» در racom.eu/eng/products/microwave-link-detail؛ نگاشتِ محصول به کلید از عنوان (500Mbps / 1Gbps) فرض شده است. | Eth L2: 126 Mb/s | کلید: SW-360"
6a5cbd5589e6bfd0ee962736,DN-0107,24000-24250,20,512QAM,10,-68.0,143.2,https://www.racom.eu/eng/products/m/ray3/tech.html,"Tab. 9.25 (Radio parameters 17/24 GHz, BER=10^-6): «RSS values in the table are typical; may differ by up to ±2 dB». rate_mbps = «Bit Rate» همین جدول = نرخِ فیزیکیِ خام (Raw link speed)؛ ظرفیتِ واقعیِ Ethernet L2 (9018B، Tab. 9.24) و کلیدِ ظرفیتِ لازم در انتهای notes. tx_dbm = بیشینهٔ بازهٔ «-30 to +10 dBm (all modulations and channels)»؛ مدل‌های با پسوندِ R فقط تا -15dBm. کلیدِ ظرفیت (SW-360 پیش‌فرض / SW-500 / SW-1000) طبقِ جدولِ «RAy3 - 17, 24 GHz Data Speed SW keys» در racom.eu/eng/products/microwave-link-detail؛ نگاشتِ محصول به کلید از عنوان (500Mbps / 1Gbps) فرض شده است. | Eth L2: 141 Mb/s | کلید: SW-360"
6a5cbd5589e6bfd0ee962736,DN-0107,24000-24250,20,1024QAM,10,-65.0,159.2,https://www.racom.eu/eng/products/m/ray3/tech.html,"Tab. 9.25 (Radio parameters 17/24 GHz, BER=10^-6): «RSS values in the table are typical; may differ by up to ±2 dB». rate_mbps = «Bit Rate» همین جدول = نرخِ فیزیکیِ خام (Raw link speed)؛ ظرفیتِ واقعیِ Ethernet L2 (9018B، Tab. 9.24) و کلیدِ ظرفیتِ لازم در انتهای notes. tx_dbm = بیشینهٔ بازهٔ «-30 to +10 dBm (all modulations and channels)»؛ مدل‌های با پسوندِ R فقط تا -15dBm. کلیدِ ظرفیت (SW-360 پیش‌فرض / SW-500 / SW-1000) طبقِ جدولِ «RAy3 - 17, 24 GHz Data Speed SW keys» در racom.eu/eng/products/microwave-link-detail؛ نگاشتِ محصول به کلید از عنوان (500Mbps / 1Gbps) فرض شده است. | Eth L2: 158 Mb/s | کلید: SW-360"
6a5cbd5589e6bfd0ee962736,DN-0107,24000-24250,20,2048QAM,10,-62.0,172.8,https://www.racom.eu/eng/products/m/ray3/tech.html,"Tab. 9.25 (Radio parameters 17/24 GHz, BER=10^-6): «RSS values in the table are typical; may differ by up to ±2 dB». rate_mbps = «Bit Rate» همین جدول = نرخِ فیزیکیِ خام (Raw link speed)؛ ظرفیتِ واقعیِ Ethernet L2 (9018B، Tab. 9.24) و کلیدِ ظرفیتِ لازم در انتهای notes. tx_dbm = بیشینهٔ بازهٔ «-30 to +10 dBm (all modulations and channels)»؛ مدل‌های با پسوندِ R فقط تا -15dBm. کلیدِ ظرفیت (SW-360 پیش‌فرض / SW-500 / SW-1000) طبقِ جدولِ «RAy3 - 17, 24 GHz Data Speed SW keys» در racom.eu/eng/products/microwave-link-detail؛ نگاشتِ محصول به کلید از عنوان (500Mbps / 1Gbps) فرض شده است. | Eth L2: 171 Mb/s | کلید: SW-360"
6a5cbd5589e6bfd0ee962736,DN-0107,24000-24250,20,4096QAM,10,-58.5,186.5,https://www.racom.eu/eng/products/m/ray3/tech.html,"Tab. 9.25 (Radio parameters 17/24 GHz, BER=10^-6): «RSS values in the table are typical; may differ by up to ±2 dB». rate_mbps = «Bit Rate» همین جدول = نرخِ فیزیکیِ خام (Raw link speed)؛ ظرفیتِ واقعیِ Ethernet L2 (9018B، Tab. 9.24) و کلیدِ ظرفیتِ لازم در انتهای notes. tx_dbm = بیشینهٔ بازهٔ «-30 to +10 dBm (all modulations and channels)»؛ مدل‌های با پسوندِ R فقط تا -15dBm. کلیدِ ظرفیت (SW-360 پیش‌فرض / SW-500 / SW-1000) طبقِ جدولِ «RAy3 - 17, 24 GHz Data Speed SW keys» در racom.eu/eng/products/microwave-link-detail؛ نگاشتِ محصول به کلید از عنوان (500Mbps / 1Gbps) فرض شده است. | Eth L2: 185 Mb/s | کلید: SW-360"
6a5cbd5589e6bfd0ee962736,DN-0107,24000-24250,28,QPSK_S,10,-92.5,24.4,https://www.racom.eu/eng/products/m/ray3/tech.html,"Tab. 9.25 (Radio parameters 17/24 GHz, BER=10^-6): «RSS values in the table are typical; may differ by up to ±2 dB». rate_mbps = «Bit Rate» همین جدول = نرخِ فیزیکیِ خام (Raw link speed)؛ ظرفیتِ واقعیِ Ethernet L2 (9018B، Tab. 9.24) و کلیدِ ظرفیتِ لازم در انتهای notes. tx_dbm = بیشینهٔ بازهٔ «-30 to +10 dBm (all modulations and channels)»؛ مدل‌های با پسوندِ R فقط تا -15dBm. کلیدِ ظرفیت (SW-360 پیش‌فرض / SW-500 / SW-1000) طبقِ جدولِ «RAy3 - 17, 24 GHz Data Speed SW keys» در racom.eu/eng/products/microwave-link-detail؛ نگاشتِ محصول به کلید از عنوان (500Mbps / 1Gbps) فرض شده است. | Eth L2: 24 Mb/s | کلید: SW-360"
6a5cbd5589e6bfd0ee962736,DN-0107,24000-24250,28,QPSK,10,-89.5,38.7,https://www.racom.eu/eng/products/m/ray3/tech.html,"Tab. 9.25 (Radio parameters 17/24 GHz, BER=10^-6): «RSS values in the table are typical; may differ by up to ±2 dB». rate_mbps = «Bit Rate» همین جدول = نرخِ فیزیکیِ خام (Raw link speed)؛ ظرفیتِ واقعیِ Ethernet L2 (9018B، Tab. 9.24) و کلیدِ ظرفیتِ لازم در انتهای notes. tx_dbm = بیشینهٔ بازهٔ «-30 to +10 dBm (all modulations and channels)»؛ مدل‌های با پسوندِ R فقط تا -15dBm. کلیدِ ظرفیت (SW-360 پیش‌فرض / SW-500 / SW-1000) طبقِ جدولِ «RAy3 - 17, 24 GHz Data Speed SW keys» در racom.eu/eng/products/microwave-link-detail؛ نگاشتِ محصول به کلید از عنوان (500Mbps / 1Gbps) فرض شده است. | Eth L2: 38 Mb/s | کلید: SW-360"
6a5cbd5589e6bfd0ee962736,DN-0107,24000-24250,28,16QAM,10,-83.0,81.6,https://www.racom.eu/eng/products/m/ray3/tech.html,"Tab. 9.25 (Radio parameters 17/24 GHz, BER=10^-6): «RSS values in the table are typical; may differ by up to ±2 dB». rate_mbps = «Bit Rate» همین جدول = نرخِ فیزیکیِ خام (Raw link speed)؛ ظرفیتِ واقعیِ Ethernet L2 (9018B، Tab. 9.24) و کلیدِ ظرفیتِ لازم در انتهای notes. tx_dbm = بیشینهٔ بازهٔ «-30 to +10 dBm (all modulations and channels)»؛ مدل‌های با پسوندِ R فقط تا -15dBm. کلیدِ ظرفیت (SW-360 پیش‌فرض / SW-500 / SW-1000) طبقِ جدولِ «RAy3 - 17, 24 GHz Data Speed SW keys» در racom.eu/eng/products/microwave-link-detail؛ نگاشتِ محصول به کلید از عنوان (500Mbps / 1Gbps) فرض شده است. | Eth L2: 81 Mb/s | کلید: SW-360"
6a5cbd5589e6bfd0ee962736,DN-0107,24000-24250,28,32QAM,10,-78.5,106.3,https://www.racom.eu/eng/products/m/ray3/tech.html,"Tab. 9.25 (Radio parameters 17/24 GHz, BER=10^-6): «RSS values in the table are typical; may differ by up to ±2 dB». rate_mbps = «Bit Rate» همین جدول = نرخِ فیزیکیِ خام (Raw link speed)؛ ظرفیتِ واقعیِ Ethernet L2 (9018B، Tab. 9.24) و کلیدِ ظرفیتِ لازم در انتهای notes. tx_dbm = بیشینهٔ بازهٔ «-30 to +10 dBm (all modulations and channels)»؛ مدل‌های با پسوندِ R فقط تا -15dBm. کلیدِ ظرفیت (SW-360 پیش‌فرض / SW-500 / SW-1000) طبقِ جدولِ «RAy3 - 17, 24 GHz Data Speed SW keys» در racom.eu/eng/products/microwave-link-detail؛ نگاشتِ محصول به کلید از عنوان (500Mbps / 1Gbps) فرض شده است. | Eth L2: 105 Mb/s | کلید: SW-360"
6a5cbd5589e6bfd0ee962736,DN-0107,24000-24250,28,64QAM,10,-75.5,133.2,https://www.racom.eu/eng/products/m/ray3/tech.html,"Tab. 9.25 (Radio parameters 17/24 GHz, BER=10^-6): «RSS values in the table are typical; may differ by up to ±2 dB». rate_mbps = «Bit Rate» همین جدول = نرخِ فیزیکیِ خام (Raw link speed)؛ ظرفیتِ واقعیِ Ethernet L2 (9018B، Tab. 9.24) و کلیدِ ظرفیتِ لازم در انتهای notes. tx_dbm = بیشینهٔ بازهٔ «-30 to +10 dBm (all modulations and channels)»؛ مدل‌های با پسوندِ R فقط تا -15dBm. کلیدِ ظرفیت (SW-360 پیش‌فرض / SW-500 / SW-1000) طبقِ جدولِ «RAy3 - 17, 24 GHz Data Speed SW keys» در racom.eu/eng/products/microwave-link-detail؛ نگاشتِ محصول به کلید از عنوان (500Mbps / 1Gbps) فرض شده است. | Eth L2: 132 Mb/s | کلید: SW-360"
6a5cbd5589e6bfd0ee962736,DN-0107,24000-24250,28,128QAM,10,-72.5,158.7,https://www.racom.eu/eng/products/m/ray3/tech.html,"Tab. 9.25 (Radio parameters 17/24 GHz, BER=10^-6): «RSS values in the table are typical; may differ by up to ±2 dB». rate_mbps = «Bit Rate» همین جدول = نرخِ فیزیکیِ خام (Raw link speed)؛ ظرفیتِ واقعیِ Ethernet L2 (9018B، Tab. 9.24) و کلیدِ ظرفیتِ لازم در انتهای notes. tx_dbm = بیشینهٔ بازهٔ «-30 to +10 dBm (all modulations and channels)»؛ مدل‌های با پسوندِ R فقط تا -15dBm. کلیدِ ظرفیت (SW-360 پیش‌فرض / SW-500 / SW-1000) طبقِ جدولِ «RAy3 - 17, 24 GHz Data Speed SW keys» در racom.eu/eng/products/microwave-link-detail؛ نگاشتِ محصول به کلید از عنوان (500Mbps / 1Gbps) فرض شده است. | Eth L2: 157 Mb/s | کلید: SW-360"
6a5cbd5589e6bfd0ee962736,DN-0107,24000-24250,28,256QAM,10,-69.5,182.2,https://www.racom.eu/eng/products/m/ray3/tech.html,"Tab. 9.25 (Radio parameters 17/24 GHz, BER=10^-6): «RSS values in the table are typical; may differ by up to ±2 dB». rate_mbps = «Bit Rate» همین جدول = نرخِ فیزیکیِ خام (Raw link speed)؛ ظرفیتِ واقعیِ Ethernet L2 (9018B، Tab. 9.24) و کلیدِ ظرفیتِ لازم در انتهای notes. tx_dbm = بیشینهٔ بازهٔ «-30 to +10 dBm (all modulations and channels)»؛ مدل‌های با پسوندِ R فقط تا -15dBm. کلیدِ ظرفیت (SW-360 پیش‌فرض / SW-500 / SW-1000) طبقِ جدولِ «RAy3 - 17, 24 GHz Data Speed SW keys» در racom.eu/eng/products/microwave-link-detail؛ نگاشتِ محصول به کلید از عنوان (500Mbps / 1Gbps) فرض شده است. | Eth L2: 180 Mb/s | کلید: SW-360"
6a5cbd5589e6bfd0ee962736,DN-0107,24000-24250,28,512QAM,10,-66.5,204.4,https://www.racom.eu/eng/products/m/ray3/tech.html,"Tab. 9.25 (Radio parameters 17/24 GHz, BER=10^-6): «RSS values in the table are typical; may differ by up to ±2 dB». rate_mbps = «Bit Rate» همین جدول = نرخِ فیزیکیِ خام (Raw link speed)؛ ظرفیتِ واقعیِ Ethernet L2 (9018B، Tab. 9.24) و کلیدِ ظرفیتِ لازم در انتهای notes. tx_dbm = بیشینهٔ بازهٔ «-30 to +10 dBm (all modulations and channels)»؛ مدل‌های با پسوندِ R فقط تا -15dBm. کلیدِ ظرفیت (SW-360 پیش‌فرض / SW-500 / SW-1000) طبقِ جدولِ «RAy3 - 17, 24 GHz Data Speed SW keys» در racom.eu/eng/products/microwave-link-detail؛ نگاشتِ محصول به کلید از عنوان (500Mbps / 1Gbps) فرض شده است. | Eth L2: 202 Mb/s | کلید: SW-360"
6a5cbd5589e6bfd0ee962736,DN-0107,24000-24250,28,1024QAM,10,-63.5,229.1,https://www.racom.eu/eng/products/m/ray3/tech.html,"Tab. 9.25 (Radio parameters 17/24 GHz, BER=10^-6): «RSS values in the table are typical; may differ by up to ±2 dB». rate_mbps = «Bit Rate» همین جدول = نرخِ فیزیکیِ خام (Raw link speed)؛ ظرفیتِ واقعیِ Ethernet L2 (9018B، Tab. 9.24) و کلیدِ ظرفیتِ لازم در انتهای notes. tx_dbm = بیشینهٔ بازهٔ «-30 to +10 dBm (all modulations and channels)»؛ مدل‌های با پسوندِ R فقط تا -15dBm. کلیدِ ظرفیت (SW-360 پیش‌فرض / SW-500 / SW-1000) طبقِ جدولِ «RAy3 - 17, 24 GHz Data Speed SW keys» در racom.eu/eng/products/microwave-link-detail؛ نگاشتِ محصول به کلید از عنوان (500Mbps / 1Gbps) فرض شده است. | Eth L2: 227 Mb/s | کلید: SW-360"
6a5cbd5589e6bfd0ee962736,DN-0107,24000-24250,28,2048QAM,10,-60.5,251.3,https://www.racom.eu/eng/products/m/ray3/tech.html,"Tab. 9.25 (Radio parameters 17/24 GHz, BER=10^-6): «RSS values in the table are typical; may differ by up to ±2 dB». rate_mbps = «Bit Rate» همین جدول = نرخِ فیزیکیِ خام (Raw link speed)؛ ظرفیتِ واقعیِ Ethernet L2 (9018B، Tab. 9.24) و کلیدِ ظرفیتِ لازم در انتهای notes. tx_dbm = بیشینهٔ بازهٔ «-30 to +10 dBm (all modulations and channels)»؛ مدل‌های با پسوندِ R فقط تا -15dBm. کلیدِ ظرفیت (SW-360 پیش‌فرض / SW-500 / SW-1000) طبقِ جدولِ «RAy3 - 17, 24 GHz Data Speed SW keys» در racom.eu/eng/products/microwave-link-detail؛ نگاشتِ محصول به کلید از عنوان (500Mbps / 1Gbps) فرض شده است. | Eth L2: 249 Mb/s | کلید: SW-360"
6a5cbd5589e6bfd0ee962736,DN-0107,24000-24250,28,4096QAM,10,-57.5,271.6,https://www.racom.eu/eng/products/m/ray3/tech.html,"Tab. 9.25 (Radio parameters 17/24 GHz, BER=10^-6): «RSS values in the table are typical; may differ by up to ±2 dB». rate_mbps = «Bit Rate» همین جدول = نرخِ فیزیکیِ خام (Raw link speed)؛ ظرفیتِ واقعیِ Ethernet L2 (9018B، Tab. 9.24) و کلیدِ ظرفیتِ لازم در انتهای notes. tx_dbm = بیشینهٔ بازهٔ «-30 to +10 dBm (all modulations and channels)»؛ مدل‌های با پسوندِ R فقط تا -15dBm. کلیدِ ظرفیت (SW-360 پیش‌فرض / SW-500 / SW-1000) طبقِ جدولِ «RAy3 - 17, 24 GHz Data Speed SW keys» در racom.eu/eng/products/microwave-link-detail؛ نگاشتِ محصول به کلید از عنوان (500Mbps / 1Gbps) فرض شده است. | Eth L2: 269 Mb/s | کلید: SW-360"
6a5cbd5589e6bfd0ee962736,DN-0107,24000-24250,40,QPSK_S,10,-90.5,34.2,https://www.racom.eu/eng/products/m/ray3/tech.html,"Tab. 9.25 (Radio parameters 17/24 GHz, BER=10^-6): «RSS values in the table are typical; may differ by up to ±2 dB». rate_mbps = «Bit Rate» همین جدول = نرخِ فیزیکیِ خام (Raw link speed)؛ ظرفیتِ واقعیِ Ethernet L2 (9018B، Tab. 9.24) و کلیدِ ظرفیتِ لازم در انتهای notes. tx_dbm = بیشینهٔ بازهٔ «-30 to +10 dBm (all modulations and channels)»؛ مدل‌های با پسوندِ R فقط تا -15dBm. کلیدِ ظرفیت (SW-360 پیش‌فرض / SW-500 / SW-1000) طبقِ جدولِ «RAy3 - 17, 24 GHz Data Speed SW keys» در racom.eu/eng/products/microwave-link-detail؛ نگاشتِ محصول به کلید از عنوان (500Mbps / 1Gbps) فرض شده است. | Eth L2: 34 Mb/s | کلید: SW-360"
6a5cbd5589e6bfd0ee962736,DN-0107,24000-24250,40,QPSK,10,-87.5,54.1,https://www.racom.eu/eng/products/m/ray3/tech.html,"Tab. 9.25 (Radio parameters 17/24 GHz, BER=10^-6): «RSS values in the table are typical; may differ by up to ±2 dB». rate_mbps = «Bit Rate» همین جدول = نرخِ فیزیکیِ خام (Raw link speed)؛ ظرفیتِ واقعیِ Ethernet L2 (9018B، Tab. 9.24) و کلیدِ ظرفیتِ لازم در انتهای notes. tx_dbm = بیشینهٔ بازهٔ «-30 to +10 dBm (all modulations and channels)»؛ مدل‌های با پسوندِ R فقط تا -15dBm. کلیدِ ظرفیت (SW-360 پیش‌فرض / SW-500 / SW-1000) طبقِ جدولِ «RAy3 - 17, 24 GHz Data Speed SW keys» در racom.eu/eng/products/microwave-link-detail؛ نگاشتِ محصول به کلید از عنوان (500Mbps / 1Gbps) فرض شده است. | Eth L2: 54 Mb/s | کلید: SW-360"
6a5cbd5589e6bfd0ee962736,DN-0107,24000-24250,40,16QAM,10,-81.0,114.3,https://www.racom.eu/eng/products/m/ray3/tech.html,"Tab. 9.25 (Radio parameters 17/24 GHz, BER=10^-6): «RSS values in the table are typical; may differ by up to ±2 dB». rate_mbps = «Bit Rate» همین جدول = نرخِ فیزیکیِ خام (Raw link speed)؛ ظرفیتِ واقعیِ Ethernet L2 (9018B، Tab. 9.24) و کلیدِ ظرفیتِ لازم در انتهای notes. tx_dbm = بیشینهٔ بازهٔ «-30 to +10 dBm (all modulations and channels)»؛ مدل‌های با پسوندِ R فقط تا -15dBm. کلیدِ ظرفیت (SW-360 پیش‌فرض / SW-500 / SW-1000) طبقِ جدولِ «RAy3 - 17, 24 GHz Data Speed SW keys» در racom.eu/eng/products/microwave-link-detail؛ نگاشتِ محصول به کلید از عنوان (500Mbps / 1Gbps) فرض شده است. | Eth L2: 113 Mb/s | کلید: SW-360"
6a5cbd5589e6bfd0ee962736,DN-0107,24000-24250,40,32QAM,10,-77.0,148.9,https://www.racom.eu/eng/products/m/ray3/tech.html,"Tab. 9.25 (Radio parameters 17/24 GHz, BER=10^-6): «RSS values in the table are typical; may differ by up to ±2 dB». rate_mbps = «Bit Rate» همین جدول = نرخِ فیزیکیِ خام (Raw link speed)؛ ظرفیتِ واقعیِ Ethernet L2 (9018B، Tab. 9.24) و کلیدِ ظرفیتِ لازم در انتهای notes. tx_dbm = بیشینهٔ بازهٔ «-30 to +10 dBm (all modulations and channels)»؛ مدل‌های با پسوندِ R فقط تا -15dBm. کلیدِ ظرفیت (SW-360 پیش‌فرض / SW-500 / SW-1000) طبقِ جدولِ «RAy3 - 17, 24 GHz Data Speed SW keys» در racom.eu/eng/products/microwave-link-detail؛ نگاشتِ محصول به کلید از عنوان (500Mbps / 1Gbps) فرض شده است. | Eth L2: 147 Mb/s | کلید: SW-360"
6a5cbd5589e6bfd0ee962736,DN-0107,24000-24250,40,64QAM,10,-74.0,186.3,https://www.racom.eu/eng/products/m/ray3/tech.html,"Tab. 9.25 (Radio parameters 17/24 GHz, BER=10^-6): «RSS values in the table are typical; may differ by up to ±2 dB». rate_mbps = «Bit Rate» همین جدول = نرخِ فیزیکیِ خام (Raw link speed)؛ ظرفیتِ واقعیِ Ethernet L2 (9018B، Tab. 9.24) و کلیدِ ظرفیتِ لازم در انتهای notes. tx_dbm = بیشینهٔ بازهٔ «-30 to +10 dBm (all modulations and channels)»؛ مدل‌های با پسوندِ R فقط تا -15dBm. کلیدِ ظرفیت (SW-360 پیش‌فرض / SW-500 / SW-1000) طبقِ جدولِ «RAy3 - 17, 24 GHz Data Speed SW keys» در racom.eu/eng/products/microwave-link-detail؛ نگاشتِ محصول به کلید از عنوان (500Mbps / 1Gbps) فرض شده است. | Eth L2: 184 Mb/s | کلید: SW-360"
6a5cbd5589e6bfd0ee962736,DN-0107,24000-24250,40,128QAM,10,-71.0,222.4,https://www.racom.eu/eng/products/m/ray3/tech.html,"Tab. 9.25 (Radio parameters 17/24 GHz, BER=10^-6): «RSS values in the table are typical; may differ by up to ±2 dB». rate_mbps = «Bit Rate» همین جدول = نرخِ فیزیکیِ خام (Raw link speed)؛ ظرفیتِ واقعیِ Ethernet L2 (9018B، Tab. 9.24) و کلیدِ ظرفیتِ لازم در انتهای notes. tx_dbm = بیشینهٔ بازهٔ «-30 to +10 dBm (all modulations and channels)»؛ مدل‌های با پسوندِ R فقط تا -15dBm. کلیدِ ظرفیت (SW-360 پیش‌فرض / SW-500 / SW-1000) طبقِ جدولِ «RAy3 - 17, 24 GHz Data Speed SW keys» در racom.eu/eng/products/microwave-link-detail؛ نگاشتِ محصول به کلید از عنوان (500Mbps / 1Gbps) فرض شده است. | Eth L2: 220 Mb/s | کلید: SW-360"
6a5cbd5589e6bfd0ee962736,DN-0107,24000-24250,40,256QAM,10,-68.0,255.0,https://www.racom.eu/eng/products/m/ray3/tech.html,"Tab. 9.25 (Radio parameters 17/24 GHz, BER=10^-6): «RSS values in the table are typical; may differ by up to ±2 dB». rate_mbps = «Bit Rate» همین جدول = نرخِ فیزیکیِ خام (Raw link speed)؛ ظرفیتِ واقعیِ Ethernet L2 (9018B، Tab. 9.24) و کلیدِ ظرفیتِ لازم در انتهای notes. tx_dbm = بیشینهٔ بازهٔ «-30 to +10 dBm (all modulations and channels)»؛ مدل‌های با پسوندِ R فقط تا -15dBm. کلیدِ ظرفیت (SW-360 پیش‌فرض / SW-500 / SW-1000) طبقِ جدولِ «RAy3 - 17, 24 GHz Data Speed SW keys» در racom.eu/eng/products/microwave-link-detail؛ نگاشتِ محصول به کلید از عنوان (500Mbps / 1Gbps) فرض شده است. | Eth L2: 252 Mb/s | کلید: SW-360"
6a5cbd5589e6bfd0ee962736,DN-0107,24000-24250,40,512QAM,10,-65.0,286.2,https://www.racom.eu/eng/products/m/ray3/tech.html,"Tab. 9.25 (Radio parameters 17/24 GHz, BER=10^-6): «RSS values in the table are typical; may differ by up to ±2 dB». rate_mbps = «Bit Rate» همین جدول = نرخِ فیزیکیِ خام (Raw link speed)؛ ظرفیتِ واقعیِ Ethernet L2 (9018B، Tab. 9.24) و کلیدِ ظرفیتِ لازم در انتهای notes. tx_dbm = بیشینهٔ بازهٔ «-30 to +10 dBm (all modulations and channels)»؛ مدل‌های با پسوندِ R فقط تا -15dBm. کلیدِ ظرفیت (SW-360 پیش‌فرض / SW-500 / SW-1000) طبقِ جدولِ «RAy3 - 17, 24 GHz Data Speed SW keys» در racom.eu/eng/products/microwave-link-detail؛ نگاشتِ محصول به کلید از عنوان (500Mbps / 1Gbps) فرض شده است. | Eth L2: 283 Mb/s | کلید: SW-360"
6a5cbd5589e6bfd0ee962736,DN-0107,24000-24250,40,1024QAM,10,-62.0,320.9,https://www.racom.eu/eng/products/m/ray3/tech.html,"Tab. 9.25 (Radio parameters 17/24 GHz, BER=10^-6): «RSS values in the table are typical; may differ by up to ±2 dB». rate_mbps = «Bit Rate» همین جدول = نرخِ فیزیکیِ خام (Raw link speed)؛ ظرفیتِ واقعیِ Ethernet L2 (9018B، Tab. 9.24) و کلیدِ ظرفیتِ لازم در انتهای notes. tx_dbm = بیشینهٔ بازهٔ «-30 to +10 dBm (all modulations and channels)»؛ مدل‌های با پسوندِ R فقط تا -15dBm. کلیدِ ظرفیت (SW-360 پیش‌فرض / SW-500 / SW-1000) طبقِ جدولِ «RAy3 - 17, 24 GHz Data Speed SW keys» در racom.eu/eng/products/microwave-link-detail؛ نگاشتِ محصول به کلید از عنوان (500Mbps / 1Gbps) فرض شده است. | Eth L2: 317 Mb/s | کلید: SW-360"
6a5cbd5589e6bfd0ee962736,DN-0107,24000-24250,40,2048QAM,10,-59.0,351.8,https://www.racom.eu/eng/products/m/ray3/tech.html,"Tab. 9.25 (Radio parameters 17/24 GHz, BER=10^-6): «RSS values in the table are typical; may differ by up to ±2 dB». rate_mbps = «Bit Rate» همین جدول = نرخِ فیزیکیِ خام (Raw link speed)؛ ظرفیتِ واقعیِ Ethernet L2 (9018B، Tab. 9.24) و کلیدِ ظرفیتِ لازم در انتهای notes. tx_dbm = بیشینهٔ بازهٔ «-30 to +10 dBm (all modulations and channels)»؛ مدل‌های با پسوندِ R فقط تا -15dBm. کلیدِ ظرفیت (SW-360 پیش‌فرض / SW-500 / SW-1000) طبقِ جدولِ «RAy3 - 17, 24 GHz Data Speed SW keys» در racom.eu/eng/products/microwave-link-detail؛ نگاشتِ محصول به کلید از عنوان (500Mbps / 1Gbps) فرض شده است. | Eth L2: 348 Mb/s | کلید: SW-360"
6a5cbd5589e6bfd0ee962736,DN-0107,24000-24250,40,4096QAM,10,-56.0,380.3,https://www.racom.eu/eng/products/m/ray3/tech.html,"Tab. 9.25 (Radio parameters 17/24 GHz, BER=10^-6): «RSS values in the table are typical; may differ by up to ±2 dB». rate_mbps = «Bit Rate» همین جدول = نرخِ فیزیکیِ خام (Raw link speed)؛ ظرفیتِ واقعیِ Ethernet L2 (9018B، Tab. 9.24) و کلیدِ ظرفیتِ لازم در انتهای notes. tx_dbm = بیشینهٔ بازهٔ «-30 to +10 dBm (all modulations and channels)»؛ مدل‌های با پسوندِ R فقط تا -15dBm. کلیدِ ظرفیت (SW-360 پیش‌فرض / SW-500 / SW-1000) طبقِ جدولِ «RAy3 - 17, 24 GHz Data Speed SW keys» در racom.eu/eng/products/microwave-link-detail؛ نگاشتِ محصول به کلید از عنوان (500Mbps / 1Gbps) فرض شده است. | Eth L2: 376 Mb/s | کلید: SW-500"
6a5cbd5589e6bfd0ee962736,DN-0107,24000-24250,56,QPSK_S,10,-89.5,49.0,https://www.racom.eu/eng/products/m/ray3/tech.html,"Tab. 9.25 (Radio parameters 17/24 GHz, BER=10^-6): «RSS values in the table are typical; may differ by up to ±2 dB». rate_mbps = «Bit Rate» همین جدول = نرخِ فیزیکیِ خام (Raw link speed)؛ ظرفیتِ واقعیِ Ethernet L2 (9018B، Tab. 9.24) و کلیدِ ظرفیتِ لازم در انتهای notes. tx_dbm = بیشینهٔ بازهٔ «-30 to +10 dBm (all modulations and channels)»؛ مدل‌های با پسوندِ R فقط تا -15dBm. کلیدِ ظرفیت (SW-360 پیش‌فرض / SW-500 / SW-1000) طبقِ جدولِ «RAy3 - 17, 24 GHz Data Speed SW keys» در racom.eu/eng/products/microwave-link-detail؛ نگاشتِ محصول به کلید از عنوان (500Mbps / 1Gbps) فرض شده است. | Eth L2: 48 Mb/s | کلید: SW-360"
6a5cbd5589e6bfd0ee962736,DN-0107,24000-24250,56,QPSK,10,-86.0,81.6,https://www.racom.eu/eng/products/m/ray3/tech.html,"Tab. 9.25 (Radio parameters 17/24 GHz, BER=10^-6): «RSS values in the table are typical; may differ by up to ±2 dB». rate_mbps = «Bit Rate» همین جدول = نرخِ فیزیکیِ خام (Raw link speed)؛ ظرفیتِ واقعیِ Ethernet L2 (9018B، Tab. 9.24) و کلیدِ ظرفیتِ لازم در انتهای notes. tx_dbm = بیشینهٔ بازهٔ «-30 to +10 dBm (all modulations and channels)»؛ مدل‌های با پسوندِ R فقط تا -15dBm. کلیدِ ظرفیت (SW-360 پیش‌فرض / SW-500 / SW-1000) طبقِ جدولِ «RAy3 - 17, 24 GHz Data Speed SW keys» در racom.eu/eng/products/microwave-link-detail؛ نگاشتِ محصول به کلید از عنوان (500Mbps / 1Gbps) فرض شده است. | Eth L2: 81 Mb/s | کلید: SW-360"
6a5cbd5589e6bfd0ee962736,DN-0107,24000-24250,56,16QAM,10,-79.0,170.1,https://www.racom.eu/eng/products/m/ray3/tech.html,"Tab. 9.25 (Radio parameters 17/24 GHz, BER=10^-6): «RSS values in the table are typical; may differ by up to ±2 dB». rate_mbps = «Bit Rate» همین جدول = نرخِ فیزیکیِ خام (Raw link speed)؛ ظرفیتِ واقعیِ Ethernet L2 (9018B، Tab. 9.24) و کلیدِ ظرفیتِ لازم در انتهای notes. tx_dbm = بیشینهٔ بازهٔ «-30 to +10 dBm (all modulations and channels)»؛ مدل‌های با پسوندِ R فقط تا -15dBm. کلیدِ ظرفیت (SW-360 پیش‌فرض / SW-500 / SW-1000) طبقِ جدولِ «RAy3 - 17, 24 GHz Data Speed SW keys» در racom.eu/eng/products/microwave-link-detail؛ نگاشتِ محصول به کلید از عنوان (500Mbps / 1Gbps) فرض شده است. | Eth L2: 168 Mb/s | کلید: SW-360"
6a5cbd5589e6bfd0ee962736,DN-0107,24000-24250,56,32QAM,10,-75.0,215.1,https://www.racom.eu/eng/products/m/ray3/tech.html,"Tab. 9.25 (Radio parameters 17/24 GHz, BER=10^-6): «RSS values in the table are typical; may differ by up to ±2 dB». rate_mbps = «Bit Rate» همین جدول = نرخِ فیزیکیِ خام (Raw link speed)؛ ظرفیتِ واقعیِ Ethernet L2 (9018B، Tab. 9.24) و کلیدِ ظرفیتِ لازم در انتهای notes. tx_dbm = بیشینهٔ بازهٔ «-30 to +10 dBm (all modulations and channels)»؛ مدل‌های با پسوندِ R فقط تا -15dBm. کلیدِ ظرفیت (SW-360 پیش‌فرض / SW-500 / SW-1000) طبقِ جدولِ «RAy3 - 17, 24 GHz Data Speed SW keys» در racom.eu/eng/products/microwave-link-detail؛ نگاشتِ محصول به کلید از عنوان (500Mbps / 1Gbps) فرض شده است. | Eth L2: 213 Mb/s | کلید: SW-360"
6a5cbd5589e6bfd0ee962736,DN-0107,24000-24250,56,64QAM,10,-72.0,270.1,https://www.racom.eu/eng/products/m/ray3/tech.html,"Tab. 9.25 (Radio parameters 17/24 GHz, BER=10^-6): «RSS values in the table are typical; may differ by up to ±2 dB». rate_mbps = «Bit Rate» همین جدول = نرخِ فیزیکیِ خام (Raw link speed)؛ ظرفیتِ واقعیِ Ethernet L2 (9018B، Tab. 9.24) و کلیدِ ظرفیتِ لازم در انتهای notes. tx_dbm = بیشینهٔ بازهٔ «-30 to +10 dBm (all modulations and channels)»؛ مدل‌های با پسوندِ R فقط تا -15dBm. کلیدِ ظرفیت (SW-360 پیش‌فرض / SW-500 / SW-1000) طبقِ جدولِ «RAy3 - 17, 24 GHz Data Speed SW keys» در racom.eu/eng/products/microwave-link-detail؛ نگاشتِ محصول به کلید از عنوان (500Mbps / 1Gbps) فرض شده است. | Eth L2: 267 Mb/s | کلید: SW-360"
6a5cbd5589e6bfd0ee962736,DN-0107,24000-24250,56,128QAM,10,-69.0,322.3,https://www.racom.eu/eng/products/m/ray3/tech.html,"Tab. 9.25 (Radio parameters 17/24 GHz, BER=10^-6): «RSS values in the table are typical; may differ by up to ±2 dB». rate_mbps = «Bit Rate» همین جدول = نرخِ فیزیکیِ خام (Raw link speed)؛ ظرفیتِ واقعیِ Ethernet L2 (9018B، Tab. 9.24) و کلیدِ ظرفیتِ لازم در انتهای notes. tx_dbm = بیشینهٔ بازهٔ «-30 to +10 dBm (all modulations and channels)»؛ مدل‌های با پسوندِ R فقط تا -15dBm. کلیدِ ظرفیت (SW-360 پیش‌فرض / SW-500 / SW-1000) طبقِ جدولِ «RAy3 - 17, 24 GHz Data Speed SW keys» در racom.eu/eng/products/microwave-link-detail؛ نگاشتِ محصول به کلید از عنوان (500Mbps / 1Gbps) فرض شده است. | Eth L2: 319 Mb/s | کلید: SW-360"
6a5cbd5589e6bfd0ee962736,DN-0107,24000-24250,56,256QAM,10,-66.0,369.8,https://www.racom.eu/eng/products/m/ray3/tech.html,"Tab. 9.25 (Radio parameters 17/24 GHz, BER=10^-6): «RSS values in the table are typical; may differ by up to ±2 dB». rate_mbps = «Bit Rate» همین جدول = نرخِ فیزیکیِ خام (Raw link speed)؛ ظرفیتِ واقعیِ Ethernet L2 (9018B، Tab. 9.24) و کلیدِ ظرفیتِ لازم در انتهای notes. tx_dbm = بیشینهٔ بازهٔ «-30 to +10 dBm (all modulations and channels)»؛ مدل‌های با پسوندِ R فقط تا -15dBm. کلیدِ ظرفیت (SW-360 پیش‌فرض / SW-500 / SW-1000) طبقِ جدولِ «RAy3 - 17, 24 GHz Data Speed SW keys» در racom.eu/eng/products/microwave-link-detail؛ نگاشتِ محصول به کلید از عنوان (500Mbps / 1Gbps) فرض شده است. | Eth L2: 366 Mb/s | کلید: SW-360"
6a5cbd5589e6bfd0ee962736,DN-0107,24000-24250,56,512QAM,10,-63.0,418.1,https://www.racom.eu/eng/products/m/ray3/tech.html,"Tab. 9.25 (Radio parameters 17/24 GHz, BER=10^-6): «RSS values in the table are typical; may differ by up to ±2 dB». rate_mbps = «Bit Rate» همین جدول = نرخِ فیزیکیِ خام (Raw link speed)؛ ظرفیتِ واقعیِ Ethernet L2 (9018B، Tab. 9.24) و کلیدِ ظرفیتِ لازم در انتهای notes. tx_dbm = بیشینهٔ بازهٔ «-30 to +10 dBm (all modulations and channels)»؛ مدل‌های با پسوندِ R فقط تا -15dBm. کلیدِ ظرفیت (SW-360 پیش‌فرض / SW-500 / SW-1000) طبقِ جدولِ «RAy3 - 17, 24 GHz Data Speed SW keys» در racom.eu/eng/products/microwave-link-detail؛ نگاشتِ محصول به کلید از عنوان (500Mbps / 1Gbps) فرض شده است. | Eth L2: 413 Mb/s | کلید: SW-500"
6a5cbd5589e6bfd0ee962736,DN-0107,24000-24250,56,1024QAM,10,-60.0,463.8,https://www.racom.eu/eng/products/m/ray3/tech.html,"Tab. 9.25 (Radio parameters 17/24 GHz, BER=10^-6): «RSS values in the table are typical; may differ by up to ±2 dB». rate_mbps = «Bit Rate» همین جدول = نرخِ فیزیکیِ خام (Raw link speed)؛ ظرفیتِ واقعیِ Ethernet L2 (9018B، Tab. 9.24) و کلیدِ ظرفیتِ لازم در انتهای notes. tx_dbm = بیشینهٔ بازهٔ «-30 to +10 dBm (all modulations and channels)»؛ مدل‌های با پسوندِ R فقط تا -15dBm. کلیدِ ظرفیت (SW-360 پیش‌فرض / SW-500 / SW-1000) طبقِ جدولِ «RAy3 - 17, 24 GHz Data Speed SW keys» در racom.eu/eng/products/microwave-link-detail؛ نگاشتِ محصول به کلید از عنوان (500Mbps / 1Gbps) فرض شده است. | Eth L2: 459 Mb/s | کلید: SW-500"
6a5cbd5589e6bfd0ee962736,DN-0107,24000-24250,56,2048QAM,10,-57.0,506.1,https://www.racom.eu/eng/products/m/ray3/tech.html,"Tab. 9.25 (Radio parameters 17/24 GHz, BER=10^-6): «RSS values in the table are typical; may differ by up to ±2 dB». rate_mbps = «Bit Rate» همین جدول = نرخِ فیزیکیِ خام (Raw link speed)؛ ظرفیتِ واقعیِ Ethernet L2 (9018B، Tab. 9.24) و کلیدِ ظرفیتِ لازم در انتهای notes. tx_dbm = بیشینهٔ بازهٔ «-30 to +10 dBm (all modulations and channels)»؛ مدل‌های با پسوندِ R فقط تا -15dBm. کلیدِ ظرفیت (SW-360 پیش‌فرض / SW-500 / SW-1000) طبقِ جدولِ «RAy3 - 17, 24 GHz Data Speed SW keys» در racom.eu/eng/products/microwave-link-detail؛ نگاشتِ محصول به کلید از عنوان (500Mbps / 1Gbps) فرض شده است. | Eth L2: 501 Mb/s | کلید: SW-500"
6a5cbd5589e6bfd0ee962736,DN-0107,24000-24250,80,QPSK_S,10,-88.0,69.6,https://www.racom.eu/eng/products/m/ray3/tech.html,"Tab. 9.25 (Radio parameters 17/24 GHz, BER=10^-6): «RSS values in the table are typical; may differ by up to ±2 dB». rate_mbps = «Bit Rate» همین جدول = نرخِ فیزیکیِ خام (Raw link speed)؛ ظرفیتِ واقعیِ Ethernet L2 (9018B، Tab. 9.24) و کلیدِ ظرفیتِ لازم در انتهای notes. tx_dbm = بیشینهٔ بازهٔ «-30 to +10 dBm (all modulations and channels)»؛ مدل‌های با پسوندِ R فقط تا -15dBm. کلیدِ ظرفیت (SW-360 پیش‌فرض / SW-500 / SW-1000) طبقِ جدولِ «RAy3 - 17, 24 GHz Data Speed SW keys» در racom.eu/eng/products/microwave-link-detail؛ نگاشتِ محصول به کلید از عنوان (500Mbps / 1Gbps) فرض شده است. | Eth L2: 69 Mb/s | کلید: SW-360"
6a5cbd5589e6bfd0ee962736,DN-0107,24000-24250,80,QPSK,10,-84.5,116.3,https://www.racom.eu/eng/products/m/ray3/tech.html,"Tab. 9.25 (Radio parameters 17/24 GHz, BER=10^-6): «RSS values in the table are typical; may differ by up to ±2 dB». rate_mbps = «Bit Rate» همین جدول = نرخِ فیزیکیِ خام (Raw link speed)؛ ظرفیتِ واقعیِ Ethernet L2 (9018B، Tab. 9.24) و کلیدِ ظرفیتِ لازم در انتهای notes. tx_dbm = بیشینهٔ بازهٔ «-30 to +10 dBm (all modulations and channels)»؛ مدل‌های با پسوندِ R فقط تا -15dBm. کلیدِ ظرفیت (SW-360 پیش‌فرض / SW-500 / SW-1000) طبقِ جدولِ «RAy3 - 17, 24 GHz Data Speed SW keys» در racom.eu/eng/products/microwave-link-detail؛ نگاشتِ محصول به کلید از عنوان (500Mbps / 1Gbps) فرض شده است. | Eth L2: 115 Mb/s | کلید: SW-360"
6a5cbd5589e6bfd0ee962736,DN-0107,24000-24250,80,16QAM,10,-77.5,242.1,https://www.racom.eu/eng/products/m/ray3/tech.html,"Tab. 9.25 (Radio parameters 17/24 GHz, BER=10^-6): «RSS values in the table are typical; may differ by up to ±2 dB». rate_mbps = «Bit Rate» همین جدول = نرخِ فیزیکیِ خام (Raw link speed)؛ ظرفیتِ واقعیِ Ethernet L2 (9018B، Tab. 9.24) و کلیدِ ظرفیتِ لازم در انتهای notes. tx_dbm = بیشینهٔ بازهٔ «-30 to +10 dBm (all modulations and channels)»؛ مدل‌های با پسوندِ R فقط تا -15dBm. کلیدِ ظرفیت (SW-360 پیش‌فرض / SW-500 / SW-1000) طبقِ جدولِ «RAy3 - 17, 24 GHz Data Speed SW keys» در racom.eu/eng/products/microwave-link-detail؛ نگاشتِ محصول به کلید از عنوان (500Mbps / 1Gbps) فرض شده است. | Eth L2: 240 Mb/s | کلید: SW-360"
6a5cbd5589e6bfd0ee962736,DN-0107,24000-24250,80,32QAM,10,-73.5,306.1,https://www.racom.eu/eng/products/m/ray3/tech.html,"Tab. 9.25 (Radio parameters 17/24 GHz, BER=10^-6): «RSS values in the table are typical; may differ by up to ±2 dB». rate_mbps = «Bit Rate» همین جدول = نرخِ فیزیکیِ خام (Raw link speed)؛ ظرفیتِ واقعیِ Ethernet L2 (9018B، Tab. 9.24) و کلیدِ ظرفیتِ لازم در انتهای notes. tx_dbm = بیشینهٔ بازهٔ «-30 to +10 dBm (all modulations and channels)»؛ مدل‌های با پسوندِ R فقط تا -15dBm. کلیدِ ظرفیت (SW-360 پیش‌فرض / SW-500 / SW-1000) طبقِ جدولِ «RAy3 - 17, 24 GHz Data Speed SW keys» در racom.eu/eng/products/microwave-link-detail؛ نگاشتِ محصول به کلید از عنوان (500Mbps / 1Gbps) فرض شده است. | Eth L2: 303 Mb/s | کلید: SW-360"
6a5cbd5589e6bfd0ee962736,DN-0107,24000-24250,80,64QAM,10,-70.5,384.6,https://www.racom.eu/eng/products/m/ray3/tech.html,"Tab. 9.25 (Radio parameters 17/24 GHz, BER=10^-6): «RSS values in the table are typical; may differ by up to ±2 dB». rate_mbps = «Bit Rate» همین جدول = نرخِ فیزیکیِ خام (Raw link speed)؛ ظرفیتِ واقعیِ Ethernet L2 (9018B، Tab. 9.24) و کلیدِ ظرفیتِ لازم در انتهای notes. tx_dbm = بیشینهٔ بازهٔ «-30 to +10 dBm (all modulations and channels)»؛ مدل‌های با پسوندِ R فقط تا -15dBm. کلیدِ ظرفیت (SW-360 پیش‌فرض / SW-500 / SW-1000) طبقِ جدولِ «RAy3 - 17, 24 GHz Data Speed SW keys» در racom.eu/eng/products/microwave-link-detail؛ نگاشتِ محصول به کلید از عنوان (500Mbps / 1Gbps) فرض شده است. | Eth L2: 380 Mb/s | کلید: SW-500"
6a5cbd5589e6bfd0ee962736,DN-0107,24000-24250,80,128QAM,10,-67.5,458.9,https://www.racom.eu/eng/products/m/ray3/tech.html,"Tab. 9.25 (Radio parameters 17/24 GHz, BER=10^-6): «RSS values in the table are typical; may differ by up to ±2 dB». rate_mbps = «Bit Rate» همین جدول = نرخِ فیزیکیِ خام (Raw link speed)؛ ظرفیتِ واقعیِ Ethernet L2 (9018B، Tab. 9.24) و کلیدِ ظرفیتِ لازم در انتهای notes. tx_dbm = بیشینهٔ بازهٔ «-30 to +10 dBm (all modulations and channels)»؛ مدل‌های با پسوندِ R فقط تا -15dBm. کلیدِ ظرفیت (SW-360 پیش‌فرض / SW-500 / SW-1000) طبقِ جدولِ «RAy3 - 17, 24 GHz Data Speed SW keys» در racom.eu/eng/products/microwave-link-detail؛ نگاشتِ محصول به کلید از عنوان (500Mbps / 1Gbps) فرض شده است. | Eth L2: 454 Mb/s | کلید: SW-500"
6a5cbd5589e6bfd0ee962736,DN-0107,24000-24250,100,QPSK_S,10,-87.0,87.3,https://www.racom.eu/eng/products/m/ray3/tech.html,"Tab. 9.25 (Radio parameters 17/24 GHz, BER=10^-6): «RSS values in the table are typical; may differ by up to ±2 dB». rate_mbps = «Bit Rate» همین جدول = نرخِ فیزیکیِ خام (Raw link speed)؛ ظرفیتِ واقعیِ Ethernet L2 (9018B، Tab. 9.24) و کلیدِ ظرفیتِ لازم در انتهای notes. tx_dbm = بیشینهٔ بازهٔ «-30 to +10 dBm (all modulations and channels)»؛ مدل‌های با پسوندِ R فقط تا -15dBm. کلیدِ ظرفیت (SW-360 پیش‌فرض / SW-500 / SW-1000) طبقِ جدولِ «RAy3 - 17, 24 GHz Data Speed SW keys» در racom.eu/eng/products/microwave-link-detail؛ نگاشتِ محصول به کلید از عنوان (500Mbps / 1Gbps) فرض شده است. | Eth L2: 86 Mb/s | کلید: SW-360"
6a5cbd5589e6bfd0ee962736,DN-0107,24000-24250,100,QPSK,10,-83.5,145.8,https://www.racom.eu/eng/products/m/ray3/tech.html,"Tab. 9.25 (Radio parameters 17/24 GHz, BER=10^-6): «RSS values in the table are typical; may differ by up to ±2 dB». rate_mbps = «Bit Rate» همین جدول = نرخِ فیزیکیِ خام (Raw link speed)؛ ظرفیتِ واقعیِ Ethernet L2 (9018B، Tab. 9.24) و کلیدِ ظرفیتِ لازم در انتهای notes. tx_dbm = بیشینهٔ بازهٔ «-30 to +10 dBm (all modulations and channels)»؛ مدل‌های با پسوندِ R فقط تا -15dBm. کلیدِ ظرفیت (SW-360 پیش‌فرض / SW-500 / SW-1000) طبقِ جدولِ «RAy3 - 17, 24 GHz Data Speed SW keys» در racom.eu/eng/products/microwave-link-detail؛ نگاشتِ محصول به کلید از عنوان (500Mbps / 1Gbps) فرض شده است. | Eth L2: 144 Mb/s | کلید: SW-360"
6a5cbd5589e6bfd0ee962736,DN-0107,24000-24250,100,16QAM,10,-76.5,301.4,https://www.racom.eu/eng/products/m/ray3/tech.html,"Tab. 9.25 (Radio parameters 17/24 GHz, BER=10^-6): «RSS values in the table are typical; may differ by up to ±2 dB». rate_mbps = «Bit Rate» همین جدول = نرخِ فیزیکیِ خام (Raw link speed)؛ ظرفیتِ واقعیِ Ethernet L2 (9018B، Tab. 9.24) و کلیدِ ظرفیتِ لازم در انتهای notes. tx_dbm = بیشینهٔ بازهٔ «-30 to +10 dBm (all modulations and channels)»؛ مدل‌های با پسوندِ R فقط تا -15dBm. کلیدِ ظرفیت (SW-360 پیش‌فرض / SW-500 / SW-1000) طبقِ جدولِ «RAy3 - 17, 24 GHz Data Speed SW keys» در racom.eu/eng/products/microwave-link-detail؛ نگاشتِ محصول به کلید از عنوان (500Mbps / 1Gbps) فرض شده است. | Eth L2: 298 Mb/s | کلید: SW-360"
6a5cbd5589e6bfd0ee962736,DN-0107,24000-24250,100,32QAM,10,-72.5,384.7,https://www.racom.eu/eng/products/m/ray3/tech.html,"Tab. 9.25 (Radio parameters 17/24 GHz, BER=10^-6): «RSS values in the table are typical; may differ by up to ±2 dB». rate_mbps = «Bit Rate» همین جدول = نرخِ فیزیکیِ خام (Raw link speed)؛ ظرفیتِ واقعیِ Ethernet L2 (9018B، Tab. 9.24) و کلیدِ ظرفیتِ لازم در انتهای notes. tx_dbm = بیشینهٔ بازهٔ «-30 to +10 dBm (all modulations and channels)»؛ مدل‌های با پسوندِ R فقط تا -15dBm. کلیدِ ظرفیت (SW-360 پیش‌فرض / SW-500 / SW-1000) طبقِ جدولِ «RAy3 - 17, 24 GHz Data Speed SW keys» در racom.eu/eng/products/microwave-link-detail؛ نگاشتِ محصول به کلید از عنوان (500Mbps / 1Gbps) فرض شده است. | Eth L2: 381 Mb/s | کلید: SW-500"
6a5cbd5589e6bfd0ee962736,DN-0107,24000-24250,100,64QAM,10,-69.5,484.2,https://www.racom.eu/eng/products/m/ray3/tech.html,"Tab. 9.25 (Radio parameters 17/24 GHz, BER=10^-6): «RSS values in the table are typical; may differ by up to ±2 dB». rate_mbps = «Bit Rate» همین جدول = نرخِ فیزیکیِ خام (Raw link speed)؛ ظرفیتِ واقعیِ Ethernet L2 (9018B، Tab. 9.24) و کلیدِ ظرفیتِ لازم در انتهای notes. tx_dbm = بیشینهٔ بازهٔ «-30 to +10 dBm (all modulations and channels)»؛ مدل‌های با پسوندِ R فقط تا -15dBm. کلیدِ ظرفیت (SW-360 پیش‌فرض / SW-500 / SW-1000) طبقِ جدولِ «RAy3 - 17, 24 GHz Data Speed SW keys» در racom.eu/eng/products/microwave-link-detail؛ نگاشتِ محصول به کلید از عنوان (500Mbps / 1Gbps) فرض شده است. | Eth L2: 479 Mb/s | کلید: SW-500"
6a5cbd5589e6bfd0ee962736,DN-0107,24000-24250,112,QPSK_S,10,-86.5,97.6,https://www.racom.eu/eng/products/m/ray3/tech.html,"Tab. 9.25 (Radio parameters 17/24 GHz, BER=10^-6): «RSS values in the table are typical; may differ by up to ±2 dB». rate_mbps = «Bit Rate» همین جدول = نرخِ فیزیکیِ خام (Raw link speed)؛ ظرفیتِ واقعیِ Ethernet L2 (9018B، Tab. 9.24) و کلیدِ ظرفیتِ لازم در انتهای notes. tx_dbm = بیشینهٔ بازهٔ «-30 to +10 dBm (all modulations and channels)»؛ مدل‌های با پسوندِ R فقط تا -15dBm. کلیدِ ظرفیت (SW-360 پیش‌فرض / SW-500 / SW-1000) طبقِ جدولِ «RAy3 - 17, 24 GHz Data Speed SW keys» در racom.eu/eng/products/microwave-link-detail؛ نگاشتِ محصول به کلید از عنوان (500Mbps / 1Gbps) فرض شده است. | Eth L2: 97 Mb/s | کلید: SW-360"
6a5cbd5589e6bfd0ee962736,DN-0107,24000-24250,112,QPSK,10,-83.0,163.3,https://www.racom.eu/eng/products/m/ray3/tech.html,"Tab. 9.25 (Radio parameters 17/24 GHz, BER=10^-6): «RSS values in the table are typical; may differ by up to ±2 dB». rate_mbps = «Bit Rate» همین جدول = نرخِ فیزیکیِ خام (Raw link speed)؛ ظرفیتِ واقعیِ Ethernet L2 (9018B، Tab. 9.24) و کلیدِ ظرفیتِ لازم در انتهای notes. tx_dbm = بیشینهٔ بازهٔ «-30 to +10 dBm (all modulations and channels)»؛ مدل‌های با پسوندِ R فقط تا -15dBm. کلیدِ ظرفیت (SW-360 پیش‌فرض / SW-500 / SW-1000) طبقِ جدولِ «RAy3 - 17, 24 GHz Data Speed SW keys» در racom.eu/eng/products/microwave-link-detail؛ نگاشتِ محصول به کلید از عنوان (500Mbps / 1Gbps) فرض شده است. | Eth L2: 161 Mb/s | کلید: SW-360"
6a5cbd5589e6bfd0ee962736,DN-0107,24000-24250,112,16QAM,10,-76.0,337.6,https://www.racom.eu/eng/products/m/ray3/tech.html,"Tab. 9.25 (Radio parameters 17/24 GHz, BER=10^-6): «RSS values in the table are typical; may differ by up to ±2 dB». rate_mbps = «Bit Rate» همین جدول = نرخِ فیزیکیِ خام (Raw link speed)؛ ظرفیتِ واقعیِ Ethernet L2 (9018B، Tab. 9.24) و کلیدِ ظرفیتِ لازم در انتهای notes. tx_dbm = بیشینهٔ بازهٔ «-30 to +10 dBm (all modulations and channels)»؛ مدل‌های با پسوندِ R فقط تا -15dBm. کلیدِ ظرفیت (SW-360 پیش‌فرض / SW-500 / SW-1000) طبقِ جدولِ «RAy3 - 17, 24 GHz Data Speed SW keys» در racom.eu/eng/products/microwave-link-detail؛ نگاشتِ محصول به کلید از عنوان (500Mbps / 1Gbps) فرض شده است. | Eth L2: 334 Mb/s | کلید: SW-360"
6a5cbd5589e6bfd0ee962736,DN-0107,24000-24250,112,32QAM,10,-72.0,430.7,https://www.racom.eu/eng/products/m/ray3/tech.html,"Tab. 9.25 (Radio parameters 17/24 GHz, BER=10^-6): «RSS values in the table are typical; may differ by up to ±2 dB». rate_mbps = «Bit Rate» همین جدول = نرخِ فیزیکیِ خام (Raw link speed)؛ ظرفیتِ واقعیِ Ethernet L2 (9018B، Tab. 9.24) و کلیدِ ظرفیتِ لازم در انتهای notes. tx_dbm = بیشینهٔ بازهٔ «-30 to +10 dBm (all modulations and channels)»؛ مدل‌های با پسوندِ R فقط تا -15dBm. کلیدِ ظرفیت (SW-360 پیش‌فرض / SW-500 / SW-1000) طبقِ جدولِ «RAy3 - 17, 24 GHz Data Speed SW keys» در racom.eu/eng/products/microwave-link-detail؛ نگاشتِ محصول به کلید از عنوان (500Mbps / 1Gbps) فرض شده است. | Eth L2: 426 Mb/s | کلید: SW-500"
6a76bd4b43a7b8c6279cd8b1,DN-0038,,,1MBit/s,23,-100,1,https://mikrotik.com/product/wap_ax,۲٫۴GHz (Wi-Fi 6، 802.11b/g/n/ax). نرخِ فیزیکیِ OFDM/DSSS (legacy)، نه ظرفیتِ واقعیِ لینک. پهنایِ کانال برایِ این نرخ در جدولِ صفحهٔ میکروتیک مشخص نشده (channel_mhz خالی)؛ band_mhz خالی چون صفحهٔ محصول بازهٔ دقیقِ MHz نمی‌دهد
6a76bd4b43a7b8c6279cd8b1,DN-0038,,,11MBit/s,23,-94,11,https://mikrotik.com/product/wap_ax,۲٫۴GHz (Wi-Fi 6، 802.11b/g/n/ax). نرخِ فیزیکیِ OFDM/DSSS (legacy)، نه ظرفیتِ واقعیِ لینک. پهنایِ کانال برایِ این نرخ در جدولِ صفحهٔ میکروتیک مشخص نشده (channel_mhz خالی)؛ band_mhz خالی چون صفحهٔ محصول بازهٔ دقیقِ MHz نمی‌دهد
6a76bd4b43a7b8c6279cd8b1,DN-0038,,,6MBit/s,24,-96,6,https://mikrotik.com/product/wap_ax,۲٫۴GHz (Wi-Fi 6، 802.11b/g/n/ax). نرخِ فیزیکیِ OFDM/DSSS (legacy)، نه ظرفیتِ واقعیِ لینک. پهنایِ کانال برایِ این نرخ در جدولِ صفحهٔ میکروتیک مشخص نشده (channel_mhz خالی)؛ band_mhz خالی چون صفحهٔ محصول بازهٔ دقیقِ MHz نمی‌دهد
6a76bd4b43a7b8c6279cd8b1,DN-0038,,,54MBit/s,20,-80,54,https://mikrotik.com/product/wap_ax,۲٫۴GHz (Wi-Fi 6، 802.11b/g/n/ax). نرخِ فیزیکیِ OFDM/DSSS (legacy)، نه ظرفیتِ واقعیِ لینک. پهنایِ کانال برایِ این نرخ در جدولِ صفحهٔ میکروتیک مشخص نشده (channel_mhz خالی)؛ band_mhz خالی چون صفحهٔ محصول بازهٔ دقیقِ MHz نمی‌دهد
6a76bd4b43a7b8c6279cd8b1,DN-0038,,,MCS0,24,-96,,https://mikrotik.com/product/wap_ax,۲٫۴GHz (Wi-Fi 6، 802.11b/g/n/ax). rate_mbps خالی ماند چون سازنده برایِ ردیفِ MCS در این جدول عددِ Mbps نداده؛ فقط برچسبِ MCS؛ پهنایِ کانال برایِ این نرخ در جدولِ صفحهٔ میکروتیک مشخص نشده (channel_mhz خالی)؛ band_mhz خالی چون صفحهٔ محصول بازهٔ دقیقِ MHz نمی‌دهد
6a76bd4b43a7b8c6279cd8b1,DN-0038,,,MCS7,19,-75,,https://mikrotik.com/product/wap_ax,۲٫۴GHz (Wi-Fi 6، 802.11b/g/n/ax). rate_mbps خالی ماند چون سازنده برایِ ردیفِ MCS در این جدول عددِ Mbps نداده؛ فقط برچسبِ MCS؛ پهنایِ کانال برایِ این نرخ در جدولِ صفحهٔ میکروتیک مشخص نشده (channel_mhz خالی)؛ band_mhz خالی چون صفحهٔ محصول بازهٔ دقیقِ MHz نمی‌دهد
6a76bd4b43a7b8c6279cd8b1,DN-0038,,,MCS9,18,-70,,https://mikrotik.com/product/wap_ax,۲٫۴GHz (Wi-Fi 6، 802.11b/g/n/ax). rate_mbps خالی ماند چون سازنده برایِ ردیفِ MCS در این جدول عددِ Mbps نداده؛ فقط برچسبِ MCS؛ پهنایِ کانال برایِ این نرخ در جدولِ صفحهٔ میکروتیک مشخص نشده (channel_mhz خالی)؛ band_mhz خالی چون صفحهٔ محصول بازهٔ دقیقِ MHz نمی‌دهد
6a76bd4b43a7b8c6279cd8b1,DN-0038,,,MCS11,17,-67,,https://mikrotik.com/product/wap_ax,۲٫۴GHz (Wi-Fi 6، 802.11b/g/n/ax). rate_mbps خالی ماند چون سازنده برایِ ردیفِ MCS در این جدول عددِ Mbps نداده؛ فقط برچسبِ MCS؛ پهنایِ کانال برایِ این نرخ در جدولِ صفحهٔ میکروتیک مشخص نشده (channel_mhz خالی)؛ band_mhz خالی چون صفحهٔ محصول بازهٔ دقیقِ MHz نمی‌دهد
6a76bd4b43a7b8c6279cd8b1,DN-0038,,,6MBit/s,23,-96,6,https://mikrotik.com/product/wap_ax,۵GHz (Wi-Fi 6، 802.11a/n/ac/ax). نرخِ فیزیکیِ OFDM/DSSS (legacy)، نه ظرفیتِ واقعیِ لینک. پهنایِ کانال برایِ این نرخ در جدولِ صفحهٔ میکروتیک مشخص نشده (channel_mhz خالی)؛ band_mhz خالی چون صفحهٔ محصول بازهٔ دقیقِ MHz نمی‌دهد
6a76bd4b43a7b8c6279cd8b1,DN-0038,,,54MBit/s,20,-78,54,https://mikrotik.com/product/wap_ax,۵GHz (Wi-Fi 6، 802.11a/n/ac/ax). نرخِ فیزیکیِ OFDM/DSSS (legacy)، نه ظرفیتِ واقعیِ لینک. پهنایِ کانال برایِ این نرخ در جدولِ صفحهٔ میکروتیک مشخص نشده (channel_mhz خالی)؛ band_mhz خالی چون صفحهٔ محصول بازهٔ دقیقِ MHz نمی‌دهد
6a76bd4b43a7b8c6279cd8b1,DN-0038,,,MCS0,23,-96,,https://mikrotik.com/product/wap_ax,۵GHz (Wi-Fi 6، 802.11a/n/ac/ax). rate_mbps خالی ماند چون سازنده برایِ ردیفِ MCS در این جدول عددِ Mbps نداده؛ فقط برچسبِ MCS؛ پهنایِ کانال برایِ این نرخ در جدولِ صفحهٔ میکروتیک مشخص نشده (channel_mhz خالی)؛ band_mhz خالی چون صفحهٔ محصول بازهٔ دقیقِ MHz نمی‌دهد
6a76bd4b43a7b8c6279cd8b1,DN-0038,,,MCS7,19,-75,,https://mikrotik.com/product/wap_ax,۵GHz (Wi-Fi 6، 802.11a/n/ac/ax). rate_mbps خالی ماند چون سازنده برایِ ردیفِ MCS در این جدول عددِ Mbps نداده؛ فقط برچسبِ MCS؛ پهنایِ کانال برایِ این نرخ در جدولِ صفحهٔ میکروتیک مشخص نشده (channel_mhz خالی)؛ band_mhz خالی چون صفحهٔ محصول بازهٔ دقیقِ MHz نمی‌دهد
6a76bd4b43a7b8c6279cd8b1,DN-0038,,,MCS9,18,-70,,https://mikrotik.com/product/wap_ax,۵GHz (Wi-Fi 6، 802.11a/n/ac/ax). rate_mbps خالی ماند چون سازنده برایِ ردیفِ MCS در این جدول عددِ Mbps نداده؛ فقط برچسبِ MCS؛ پهنایِ کانال برایِ این نرخ در جدولِ صفحهٔ میکروتیک مشخص نشده (channel_mhz خالی)؛ band_mhz خالی چون صفحهٔ محصول بازهٔ دقیقِ MHz نمی‌دهد
6a76bd4b43a7b8c6279cd8b1,DN-0038,,,MCS11,16,-67,,https://mikrotik.com/product/wap_ax,۵GHz (Wi-Fi 6، 802.11a/n/ac/ax). rate_mbps خالی ماند چون سازنده برایِ ردیفِ MCS در این جدول عددِ Mbps نداده؛ فقط برچسبِ MCS؛ پهنایِ کانال برایِ این نرخ در جدولِ صفحهٔ میکروتیک مشخص نشده (channel_mhz خالی)؛ band_mhz خالی چون صفحهٔ محصول بازهٔ دقیقِ MHz نمی‌دهد
6a5cbe0789e6bfd0ee9627dd,DN-0037,,,1MBit/s,25,-100,1,https://mikrotik.com/product/wap_ac,۲٫۴GHz (802.11b/g/n). نرخِ فیزیکیِ OFDM/DSSS (legacy)، نه ظرفیتِ واقعیِ لینک. پهنایِ کانال برایِ این نرخ در جدولِ صفحهٔ میکروتیک مشخص نشده (channel_mhz خالی)؛ band_mhz خالی چون صفحهٔ محصول بازهٔ دقیقِ MHz نمی‌دهد
6a5cbe0789e6bfd0ee9627dd,DN-0037,,,11MBit/s,25,-94,11,https://mikrotik.com/product/wap_ac,۲٫۴GHz (802.11b/g/n). نرخِ فیزیکیِ OFDM/DSSS (legacy)، نه ظرفیتِ واقعیِ لینک. پهنایِ کانال برایِ این نرخ در جدولِ صفحهٔ میکروتیک مشخص نشده (channel_mhz خالی)؛ band_mhz خالی چون صفحهٔ محصول بازهٔ دقیقِ MHz نمی‌دهد
6a5cbe0789e6bfd0ee9627dd,DN-0037,,,6MBit/s,25,-96,6,https://mikrotik.com/product/wap_ac,۲٫۴GHz (802.11b/g/n). نرخِ فیزیکیِ OFDM/DSSS (legacy)، نه ظرفیتِ واقعیِ لینک. پهنایِ کانال برایِ این نرخ در جدولِ صفحهٔ میکروتیک مشخص نشده (channel_mhz خالی)؛ band_mhz خالی چون صفحهٔ محصول بازهٔ دقیقِ MHz نمی‌دهد
6a5cbe0789e6bfd0ee9627dd,DN-0037,,,54MBit/s,19,-78,54,https://mikrotik.com/product/wap_ac,۲٫۴GHz (802.11b/g/n). نرخِ فیزیکیِ OFDM/DSSS (legacy)، نه ظرفیتِ واقعیِ لینک. پهنایِ کانال برایِ این نرخ در جدولِ صفحهٔ میکروتیک مشخص نشده (channel_mhz خالی)؛ band_mhz خالی چون صفحهٔ محصول بازهٔ دقیقِ MHz نمی‌دهد
6a5cbe0789e6bfd0ee9627dd,DN-0037,,,MCS0,25,-96,,https://mikrotik.com/product/wap_ac,۲٫۴GHz (802.11b/g/n). rate_mbps خالی ماند چون سازنده برایِ ردیفِ MCS در این جدول عددِ Mbps نداده؛ فقط برچسبِ MCS؛ پهنایِ کانال برایِ این نرخ در جدولِ صفحهٔ میکروتیک مشخص نشده (channel_mhz خالی)؛ band_mhz خالی چون صفحهٔ محصول بازهٔ دقیقِ MHz نمی‌دهد
6a5cbe0789e6bfd0ee9627dd,DN-0037,,,MCS7,18,-73,,https://mikrotik.com/product/wap_ac,۲٫۴GHz (802.11b/g/n). rate_mbps خالی ماند چون سازنده برایِ ردیفِ MCS در این جدول عددِ Mbps نداده؛ فقط برچسبِ MCS؛ پهنایِ کانال برایِ این نرخ در جدولِ صفحهٔ میکروتیک مشخص نشده (channel_mhz خالی)؛ band_mhz خالی چون صفحهٔ محصول بازهٔ دقیقِ MHz نمی‌دهد
6a5cbe0789e6bfd0ee9627dd,DN-0037,,,6MBit/s,24,-96,6,https://mikrotik.com/product/wap_ac,۵GHz (802.11a/n/ac). نرخِ فیزیکیِ OFDM/DSSS (legacy)، نه ظرفیتِ واقعیِ لینک. پهنایِ کانال برایِ این نرخ در جدولِ صفحهٔ میکروتیک مشخص نشده (channel_mhz خالی)؛ band_mhz خالی چون صفحهٔ محصول بازهٔ دقیقِ MHz نمی‌دهد
6a5cbe0789e6bfd0ee9627dd,DN-0037,,,54MBit/s,20,-80,54,https://mikrotik.com/product/wap_ac,۵GHz (802.11a/n/ac). نرخِ فیزیکیِ OFDM/DSSS (legacy)، نه ظرفیتِ واقعیِ لینک. پهنایِ کانال برایِ این نرخ در جدولِ صفحهٔ میکروتیک مشخص نشده (channel_mhz خالی)؛ band_mhz خالی چون صفحهٔ محصول بازهٔ دقیقِ MHz نمی‌دهد
6a5cbe0789e6bfd0ee9627dd,DN-0037,,,MCS0,24,-96,,https://mikrotik.com/product/wap_ac,۵GHz (802.11a/n/ac). rate_mbps خالی ماند چون سازنده برایِ ردیفِ MCS در این جدول عددِ Mbps نداده؛ فقط برچسبِ MCS؛ پهنایِ کانال برایِ این نرخ در جدولِ صفحهٔ میکروتیک مشخص نشده (channel_mhz خالی)؛ band_mhz خالی چون صفحهٔ محصول بازهٔ دقیقِ MHz نمی‌دهد
6a5cbe0789e6bfd0ee9627dd,DN-0037,,,MCS7,19,-75,,https://mikrotik.com/product/wap_ac,۵GHz (802.11a/n/ac). rate_mbps خالی ماند چون سازنده برایِ ردیفِ MCS در این جدول عددِ Mbps نداده؛ فقط برچسبِ MCS؛ پهنایِ کانال برایِ این نرخ در جدولِ صفحهٔ میکروتیک مشخص نشده (channel_mhz خالی)؛ band_mhz خالی چون صفحهٔ محصول بازهٔ دقیقِ MHz نمی‌دهد
6a5cbe0789e6bfd0ee9627dd,DN-0037,,,MCS9,17,-70,,https://mikrotik.com/product/wap_ac,۵GHz (802.11a/n/ac). rate_mbps خالی ماند چون سازنده برایِ ردیفِ MCS در این جدول عددِ Mbps نداده؛ فقط برچسبِ MCS؛ پهنایِ کانال برایِ این نرخ در جدولِ صفحهٔ میکروتیک مشخص نشده (channel_mhz خالی)؛ band_mhz خالی چون صفحهٔ محصول بازهٔ دقیقِ MHz نمی‌دهد
6a5cbd8389e6bfd0ee962761,DN-0098,5150-5875,,6MBit/s,30,-96,6,https://mikrotik.com/product/RB911G-5HPnD-QRT,نرخِ فیزیکیِ OFDM/DSSS (legacy)، نه ظرفیتِ واقعی. پهنای کانال در جدولِ سازنده مشخص نشده (ستونی برای channel width وجود ندارد).
6a5cbd8389e6bfd0ee962761,DN-0098,5150-5875,,54MBit/s,27,-78,54,https://mikrotik.com/product/RB911G-5HPnD-QRT,نرخِ فیزیکیِ OFDM/DSSS (legacy)، نه ظرفیتِ واقعی. پهنای کانال در جدولِ سازنده مشخص نشده (ستونی برای channel width وجود ندارد).
6a5cbd8389e6bfd0ee962761,DN-0098,5150-5875,,MCS0,30,-96,,https://mikrotik.com/product/RB911G-5HPnD-QRT,برچسبِ MCS است؛ سازنده عددِ Mbps برای این ردیف نداده -> rate_mbps خالی.
6a5cbd8389e6bfd0ee962761,DN-0098,5150-5875,,MCS7,26,-75,,https://mikrotik.com/product/RB911G-5HPnD-QRT,برچسبِ MCS است؛ سازنده عددِ Mbps برای این ردیف نداده -> rate_mbps خالی.
6a5cbd7289e6bfd0ee962751,DN-0079,5150-5875,,6MBit/s,30,-96,6,https://mikrotik.com/product/RB912UAG-5HPnD-OUT,نرخِ فیزیکیِ OFDM/DSSS (legacy)، نه ظرفیتِ واقعی. پهنای کانال در جدولِ سازنده مشخص نشده (ستونی برای channel width وجود ندارد).
6a5cbd7289e6bfd0ee962751,DN-0079,5150-5875,,54MBit/s,27,-78,54,https://mikrotik.com/product/RB912UAG-5HPnD-OUT,نرخِ فیزیکیِ OFDM/DSSS (legacy)، نه ظرفیتِ واقعی. پهنای کانال در جدولِ سازنده مشخص نشده (ستونی برای channel width وجود ندارد).
6a5cbd7289e6bfd0ee962751,DN-0079,5150-5875,,MCS0,30,-96,,https://mikrotik.com/product/RB912UAG-5HPnD-OUT,برچسبِ MCS است؛ سازنده عددِ Mbps برای این ردیف نداده -> rate_mbps خالی.
6a5cbd7289e6bfd0ee962751,DN-0079,5150-5875,,MCS7,26,-75,,https://mikrotik.com/product/RB912UAG-5HPnD-OUT,برچسبِ MCS است؛ سازنده عددِ Mbps برای این ردیف نداده -> rate_mbps خالی.
6a5cbd6989e6bfd0ee962749,DN-0078,5150-5875,,6MBit/s,31,-96,6,https://mikrotik.com/product/RBDynaDishG-5HacDr3,نرخِ فیزیکیِ OFDM/DSSS (legacy)، نه ظرفیتِ واقعی. پهنای کانال در جدولِ سازنده مشخص نشده (ستونی برای channel width وجود ندارد).
6a5cbd6989e6bfd0ee962749,DN-0078,5150-5875,,54MBit/s,28,-81,54,https://mikrotik.com/product/RBDynaDishG-5HacDr3,نرخِ فیزیکیِ OFDM/DSSS (legacy)، نه ظرفیتِ واقعی. پهنای کانال در جدولِ سازنده مشخص نشده (ستونی برای channel width وجود ندارد).
6a5cbd6989e6bfd0ee962749,DN-0078,5150-5875,,MCS0,30,-96,,https://mikrotik.com/product/RBDynaDishG-5HacDr3,برچسبِ MCS است؛ سازنده عددِ Mbps برای این ردیف نداده -> rate_mbps خالی.
6a5cbd6989e6bfd0ee962749,DN-0078,5150-5875,,MCS7,27,-77,,https://mikrotik.com/product/RBDynaDishG-5HacDr3,برچسبِ MCS است؛ سازنده عددِ Mbps برای این ردیف نداده -> rate_mbps خالی.
6a5cbd6989e6bfd0ee962749,DN-0078,5150-5875,,MCS9,22,-72,,https://mikrotik.com/product/RBDynaDishG-5HacDr3,برچسبِ MCS است؛ سازنده عددِ Mbps برای این ردیف نداده -> rate_mbps خالی. MCS9 یعنی 802.11ac فعال است.
6a5cbdb089e6bfd0ee96278b,DN-0086,2412-2484,,1MBit/s,27,-97,1,https://mikrotik.com/product/RBGrooveA-52HPnr2,نرخِ فیزیکیِ OFDM/DSSS (legacy)، نه ظرفیتِ واقعی. پهنای کانال در جدولِ سازنده مشخص نشده (ستونی برای channel width وجود ندارد).
6a5cbdb089e6bfd0ee96278b,DN-0086,2412-2484,,11MBit/s,27,-91,11,https://mikrotik.com/product/RBGrooveA-52HPnr2,نرخِ فیزیکیِ OFDM/DSSS (legacy)، نه ظرفیتِ واقعی. پهنای کانال در جدولِ سازنده مشخص نشده (ستونی برای channel width وجود ندارد).
6a5cbdb089e6bfd0ee96278b,DN-0086,2412-2484,,6MBit/s,27,-93,6,https://mikrotik.com/product/RBGrooveA-52HPnr2,نرخِ فیزیکیِ OFDM/DSSS (legacy)، نه ظرفیتِ واقعی. پهنای کانال در جدولِ سازنده مشخص نشده (ستونی برای channel width وجود ندارد).
6a5cbdb089e6bfd0ee96278b,DN-0086,2412-2484,,54MBit/s,24,-75,54,https://mikrotik.com/product/RBGrooveA-52HPnr2,نرخِ فیزیکیِ OFDM/DSSS (legacy)، نه ظرفیتِ واقعی. پهنای کانال در جدولِ سازنده مشخص نشده (ستونی برای channel width وجود ندارد).
6a5cbdb089e6bfd0ee96278b,DN-0086,2412-2484,,MCS0,27,-93,,https://mikrotik.com/product/RBGrooveA-52HPnr2,برچسبِ MCS است؛ سازنده عددِ Mbps برای این ردیف نداده -> rate_mbps خالی.
6a5cbdb089e6bfd0ee96278b,DN-0086,2412-2484,,MCS7,23,-70,,https://mikrotik.com/product/RBGrooveA-52HPnr2,برچسبِ MCS است؛ سازنده عددِ Mbps برای این ردیف نداده -> rate_mbps خالی.
6a5cbdb089e6bfd0ee96278b,DN-0086,5150-5875,,6MBit/s,27,-93,6,https://mikrotik.com/product/RBGrooveA-52HPnr2,نرخِ فیزیکیِ OFDM/DSSS (legacy)، نه ظرفیتِ واقعی. پهنای کانال در جدولِ سازنده مشخص نشده (ستونی برای channel width وجود ندارد).
6a5cbdb089e6bfd0ee96278b,DN-0086,5150-5875,,54MBit/s,23,-75,54,https://mikrotik.com/product/RBGrooveA-52HPnr2,نرخِ فیزیکیِ OFDM/DSSS (legacy)، نه ظرفیتِ واقعی. پهنای کانال در جدولِ سازنده مشخص نشده (ستونی برای channel width وجود ندارد).
6a5cbdb089e6bfd0ee96278b,DN-0086,5150-5875,,MCS0,26,-93,,https://mikrotik.com/product/RBGrooveA-52HPnr2,برچسبِ MCS است؛ سازنده عددِ Mbps برای این ردیف نداده -> rate_mbps خالی.
6a5cbdb089e6bfd0ee96278b,DN-0086,5150-5875,,MCS7,22,-70,,https://mikrotik.com/product/RBGrooveA-52HPnr2,برچسبِ MCS است؛ سازنده عددِ Mbps برای این ردیف نداده -> rate_mbps خالی.
6a5cbde289e6bfd0ee9627ba,DN-0082,5150-5875,,6MBit/s,25,-96,6,https://mikrotik.com/product/disc_lite5_ac,نرخِ فیزیکیِ OFDM/DSSS (legacy)، نه ظرفیتِ واقعی. پهنای کانال در جدولِ سازنده مشخص نشده (ستونی برای channel width وجود ندارد).
6a5cbde289e6bfd0ee9627ba,DN-0082,5150-5875,,54MBit/s,21,-80,54,https://mikrotik.com/product/disc_lite5_ac,نرخِ فیزیکیِ OFDM/DSSS (legacy)، نه ظرفیتِ واقعی. پهنای کانال در جدولِ سازنده مشخص نشده (ستونی برای channel width وجود ندارد).
6a5cbde289e6bfd0ee9627ba,DN-0082,5150-5875,,MCS0,25,-96,,https://mikrotik.com/product/disc_lite5_ac,برچسبِ MCS است؛ سازنده عددِ Mbps برای این ردیف نداده -> rate_mbps خالی.
6a5cbde289e6bfd0ee9627ba,DN-0082,5150-5875,,MCS7,20,-75,,https://mikrotik.com/product/disc_lite5_ac,برچسبِ MCS است؛ سازنده عددِ Mbps برای این ردیف نداده -> rate_mbps خالی.
6a5cbde289e6bfd0ee9627ba,DN-0082,5150-5875,,MCS9,18,-70,,https://mikrotik.com/product/disc_lite5_ac,برچسبِ MCS است؛ سازنده عددِ Mbps برای این ردیف نداده -> rate_mbps خالی.
6a5cbde089e6bfd0ee9627b9,DN-0068,5150-5875,,6MBit/s,25,-96,6,https://mikrotik.com/product/ldf_5_ac,نرخِ فیزیکیِ OFDM/DSSS (legacy)، نه ظرفیتِ واقعی. پهنای کانال در جدولِ سازنده مشخص نشده (ستونی برای channel width وجود ندارد).
6a5cbde089e6bfd0ee9627b9,DN-0068,5150-5875,,54MBit/s,21,-80,54,https://mikrotik.com/product/ldf_5_ac,نرخِ فیزیکیِ OFDM/DSSS (legacy)، نه ظرفیتِ واقعی. پهنای کانال در جدولِ سازنده مشخص نشده (ستونی برای channel width وجود ندارد).
6a5cbde089e6bfd0ee9627b9,DN-0068,5150-5875,,MCS0,25,-96,,https://mikrotik.com/product/ldf_5_ac,برچسبِ MCS است؛ سازنده عددِ Mbps برای این ردیف نداده -> rate_mbps خالی.
6a5cbde089e6bfd0ee9627b9,DN-0068,5150-5875,,MCS7,20,-75,,https://mikrotik.com/product/ldf_5_ac,برچسبِ MCS است؛ سازنده عددِ Mbps برای این ردیف نداده -> rate_mbps خالی.
6a5cbde089e6bfd0ee9627b9,DN-0068,5150-5875,,MCS9,18,-70,,https://mikrotik.com/product/ldf_5_ac,برچسبِ MCS است؛ سازنده عددِ Mbps برای این ردیف نداده -> rate_mbps خالی.
6a5cbde789e6bfd0ee9627bf,DN-0084,5900-6400,,6MBit/s,30,-93,6,https://mikrotik.com/product/basebox_6,نرخِ فیزیکیِ OFDM/DSSS (legacy)، نه ظرفیتِ واقعی. پهنای کانال در جدولِ سازنده مشخص نشده (ستونی برای channel width وجود ندارد).
6a5cbde789e6bfd0ee9627bf,DN-0084,5900-6400,,54MBit/s,26,-80,54,https://mikrotik.com/product/basebox_6,نرخِ فیزیکیِ OFDM/DSSS (legacy)، نه ظرفیتِ واقعی. پهنای کانال در جدولِ سازنده مشخص نشده (ستونی برای channel width وجود ندارد).
6a5cbde789e6bfd0ee9627bf,DN-0084,5900-6400,,MCS0,29,-93,,https://mikrotik.com/product/basebox_6,برچسبِ MCS است؛ سازنده عددِ Mbps برای این ردیف نداده -> rate_mbps خالی.
6a5cbde789e6bfd0ee9627bf,DN-0084,5900-6400,,MCS7,23,-76,,https://mikrotik.com/product/basebox_6,برچسبِ MCS است؛ سازنده عددِ Mbps برای این ردیف نداده -> rate_mbps خالی.
6a5cbde989e6bfd0ee9627c1,DN-0087,2412-2484,,1MBit/s,24,-97,1,https://mikrotik.com/product/RBGrooveGA-52HPacn,نرخِ فیزیکیِ OFDM/DSSS (legacy)، نه ظرفیتِ واقعی. پهنای کانال در جدولِ سازنده مشخص نشده (ستونی برای channel width وجود ندارد).
6a5cbde989e6bfd0ee9627c1,DN-0087,2412-2484,,11MBit/s,21,-91,11,https://mikrotik.com/product/RBGrooveGA-52HPacn,نرخِ فیزیکیِ OFDM/DSSS (legacy)، نه ظرفیتِ واقعی. پهنای کانال در جدولِ سازنده مشخص نشده (ستونی برای channel width وجود ندارد).
6a5cbde989e6bfd0ee9627c1,DN-0087,2412-2484,,6MBit/s,24,-93,6,https://mikrotik.com/product/RBGrooveGA-52HPacn,نرخِ فیزیکیِ OFDM/DSSS (legacy)، نه ظرفیتِ واقعی. پهنای کانال در جدولِ سازنده مشخص نشده (ستونی برای channel width وجود ندارد).
6a5cbde989e6bfd0ee9627c1,DN-0087,2412-2484,,54MBit/s,21,-77,54,https://mikrotik.com/product/RBGrooveGA-52HPacn,نرخِ فیزیکیِ OFDM/DSSS (legacy)، نه ظرفیتِ واقعی. پهنای کانال در جدولِ سازنده مشخص نشده (ستونی برای channel width وجود ندارد).
6a5cbde989e6bfd0ee9627c1,DN-0087,2412-2484,,MCS0,24,-93,,https://mikrotik.com/product/RBGrooveGA-52HPacn,برچسبِ MCS است؛ سازنده عددِ Mbps برای این ردیف نداده -> rate_mbps خالی.
6a5cbde989e6bfd0ee9627c1,DN-0087,2412-2484,,MCS7,20,-72,,https://mikrotik.com/product/RBGrooveGA-52HPacn,برچسبِ MCS است؛ سازنده عددِ Mbps برای این ردیف نداده -> rate_mbps خالی.
6a5cbde989e6bfd0ee9627c1,DN-0087,5150-5875,,6MBit/s,26,-93,6,https://mikrotik.com/product/RBGrooveGA-52HPacn,نرخِ فیزیکیِ OFDM/DSSS (legacy)، نه ظرفیتِ واقعی. پهنای کانال در جدولِ سازنده مشخص نشده (ستونی برای channel width وجود ندارد).
6a5cbde989e6bfd0ee9627c1,DN-0087,5150-5875,,54MBit/s,21,-78,54,https://mikrotik.com/product/RBGrooveGA-52HPacn,نرخِ فیزیکیِ OFDM/DSSS (legacy)، نه ظرفیتِ واقعی. پهنای کانال در جدولِ سازنده مشخص نشده (ستونی برای channel width وجود ندارد).
6a5cbde989e6bfd0ee9627c1,DN-0087,5150-5875,,MCS0,26,-93,,https://mikrotik.com/product/RBGrooveGA-52HPacn,برچسبِ MCS است؛ سازنده عددِ Mbps برای این ردیف نداده -> rate_mbps خالی.
6a5cbde989e6bfd0ee9627c1,DN-0087,5150-5875,,MCS7,21,-74,,https://mikrotik.com/product/RBGrooveGA-52HPacn,برچسبِ MCS است؛ سازنده عددِ Mbps برای این ردیف نداده -> rate_mbps خالی.
6a5cbde989e6bfd0ee9627c1,DN-0087,5150-5875,,MCS9,19,-69,,https://mikrotik.com/product/RBGrooveGA-52HPacn,برچسبِ MCS است؛ سازنده عددِ Mbps برای این ردیف نداده -> rate_mbps خالی. MCS9 یعنی 802.11ac فعال است.
6a5cbdeb89e6bfd0ee9627c3,DN-0090,5150-5875,,6MBit/s,25,-96,6,https://mikrotik.com/product/lhg_xl_5_ac,نرخِ فیزیکیِ OFDM/DSSS (legacy)، نه ظرفیتِ واقعی. پهنای کانال در جدولِ سازنده مشخص نشده (ستونی برای channel width وجود ندارد).
6a5cbdeb89e6bfd0ee9627c3,DN-0090,5150-5875,,54MBit/s,21,-80,54,https://mikrotik.com/product/lhg_xl_5_ac,نرخِ فیزیکیِ OFDM/DSSS (legacy)، نه ظرفیتِ واقعی. پهنای کانال در جدولِ سازنده مشخص نشده (ستونی برای channel width وجود ندارد).
6a5cbdeb89e6bfd0ee9627c3,DN-0090,5150-5875,,MCS0,25,-96,,https://mikrotik.com/product/lhg_xl_5_ac,برچسبِ MCS است؛ سازنده عددِ Mbps برای این ردیف نداده -> rate_mbps خالی.
6a5cbdeb89e6bfd0ee9627c3,DN-0090,5150-5875,,MCS7,20,-75,,https://mikrotik.com/product/lhg_xl_5_ac,برچسبِ MCS است؛ سازنده عددِ Mbps برای این ردیف نداده -> rate_mbps خالی.
6a5cbdeb89e6bfd0ee9627c3,DN-0090,5150-5875,,MCS9,18,-70,,https://mikrotik.com/product/lhg_xl_5_ac,برچسبِ MCS است؛ سازنده عددِ Mbps برای این ردیف نداده -> rate_mbps خالی.
6a5cbdee89e6bfd0ee9627c6,DN-0093,5150-5875,,6MBit/s,31,-96,6,https://mikrotik.com/product/RB911G-5HPacD-NB,نرخِ فیزیکیِ OFDM/DSSS (legacy)، نه ظرفیتِ واقعی. پهنای کانال در جدولِ سازنده مشخص نشده (ستونی برای channel width وجود ندارد).
6a5cbdee89e6bfd0ee9627c6,DN-0093,5150-5875,,54MBit/s,27,-81,54,https://mikrotik.com/product/RB911G-5HPacD-NB,نرخِ فیزیکیِ OFDM/DSSS (legacy)، نه ظرفیتِ واقعی. پهنای کانال در جدولِ سازنده مشخص نشده (ستونی برای channel width وجود ندارد).
6a5cbdee89e6bfd0ee9627c6,DN-0093,5150-5875,,MCS0,30,-96,,https://mikrotik.com/product/RB911G-5HPacD-NB,برچسبِ MCS است؛ سازنده عددِ Mbps برای این ردیف نداده -> rate_mbps خالی.
6a5cbdee89e6bfd0ee9627c6,DN-0093,5150-5875,,MCS7,27,-77,,https://mikrotik.com/product/RB911G-5HPacD-NB,برچسبِ MCS است؛ سازنده عددِ Mbps برای این ردیف نداده -> rate_mbps خالی.
6a5cbdee89e6bfd0ee9627c6,DN-0093,5150-5875,,MCS9,22,-72,,https://mikrotik.com/product/RB911G-5HPacD-NB,برچسبِ MCS است؛ سازنده عددِ Mbps برای این ردیف نداده -> rate_mbps خالی.
6a5cbdef89e6bfd0ee9627c7,DN-0075,5150-5875,,6MBit/s,31,-96,6,https://mikrotik.com/product/rbomnitikg_5hacd,نرخِ فیزیکیِ OFDM/DSSS (legacy)، نه ظرفیتِ واقعی. پهنای کانال در جدولِ سازنده مشخص نشده (ستونی برای channel width وجود ندارد).
6a5cbdef89e6bfd0ee9627c7,DN-0075,5150-5875,,54MBit/s,27,-81,54,https://mikrotik.com/product/rbomnitikg_5hacd,نرخِ فیزیکیِ OFDM/DSSS (legacy)، نه ظرفیتِ واقعی. پهنای کانال در جدولِ سازنده مشخص نشده (ستونی برای channel width وجود ندارد).
6a5cbdef89e6bfd0ee9627c7,DN-0075,5150-5875,,MCS0,30,-96,,https://mikrotik.com/product/rbomnitikg_5hacd,برچسبِ MCS است؛ سازنده عددِ Mbps برای این ردیف نداده -> rate_mbps خالی.
6a5cbdef89e6bfd0ee9627c7,DN-0075,5150-5875,,MCS7,27,-77,,https://mikrotik.com/product/rbomnitikg_5hacd,برچسبِ MCS است؛ سازنده عددِ Mbps برای این ردیف نداده -> rate_mbps خالی.
6a5cbdef89e6bfd0ee9627c7,DN-0075,5150-5875,,MCS9,22,-72,,https://mikrotik.com/product/rbomnitikg_5hacd,برچسبِ MCS است؛ سازنده عددِ Mbps برای این ردیف نداده -> rate_mbps خالی.
6a5cbdf089e6bfd0ee9627c8,DN-0092,5150-5875,,6MBit/s,31,-93,6,https://mikrotik.com/product/RBMetalG-52SHPacn,۵GHz. پهنایِ کانال برایِ این نرخ در جدولِ سایتِ میکروتیک مشخص نشده (ستونِ channel_mhz خالی ماند)
6a5cbdf089e6bfd0ee9627c8,DN-0092,5150-5875,,54MBit/s,27,-78,54,https://mikrotik.com/product/RBMetalG-52SHPacn,۵GHz. پهنایِ کانال برایِ این نرخ در جدولِ سایتِ میکروتیک مشخص نشده (ستونِ channel_mhz خالی ماند)
6a5cbdf089e6bfd0ee9627c8,DN-0092,5150-5875,,MCS0,30,-93,,https://mikrotik.com/product/RBMetalG-52SHPacn,۵GHz. پهنایِ کانال برایِ این نرخ در جدولِ سایتِ میکروتیک مشخص نشده (ستونِ channel_mhz خالی ماند)؛ rate_mbps خالی ماند چون نرخِ واقعیِ MCS به پهنایِ کانال و تعدادِ زنجیره وابسته است و سازنده آن را در این جدول ننوشته؛ فقط برچسبِ MCS داده شده
6a5cbdf089e6bfd0ee9627c8,DN-0092,5150-5875,,MCS7,26,-74,,https://mikrotik.com/product/RBMetalG-52SHPacn,۵GHz. پهنایِ کانال برایِ این نرخ در جدولِ سایتِ میکروتیک مشخص نشده (ستونِ channel_mhz خالی ماند)؛ rate_mbps خالی ماند چون نرخِ واقعیِ MCS به پهنایِ کانال و تعدادِ زنجیره وابسته است و سازنده آن را در این جدول ننوشته؛ فقط برچسبِ MCS داده شده
6a5cbdf089e6bfd0ee9627c8,DN-0092,5150-5875,,MCS9,22,-69,,https://mikrotik.com/product/RBMetalG-52SHPacn,۵GHz. پهنایِ کانال برایِ این نرخ در جدولِ سایتِ میکروتیک مشخص نشده (ستونِ channel_mhz خالی ماند)؛ rate_mbps خالی ماند چون نرخِ واقعیِ MCS به پهنایِ کانال و تعدادِ زنجیره وابسته است و سازنده آن را در این جدول ننوشته؛ فقط برچسبِ MCS داده شده
6a5cbdf089e6bfd0ee9627c8,DN-0092,2412-2484,,1MBit/s,31,-97,1,https://mikrotik.com/product/RBMetalG-52SHPacn,۲٫۴GHz. پهنایِ کانال برایِ این نرخ در جدولِ سایتِ میکروتیک مشخص نشده (ستونِ channel_mhz خالی ماند)
6a5cbdf089e6bfd0ee9627c8,DN-0092,2412-2484,,11MBit/s,31,-91,11,https://mikrotik.com/product/RBMetalG-52SHPacn,۲٫۴GHz. پهنایِ کانال برایِ این نرخ در جدولِ سایتِ میکروتیک مشخص نشده (ستونِ channel_mhz خالی ماند)
6a5cbdf089e6bfd0ee9627c8,DN-0092,2412-2484,,6MBit/s,31,-93,6,https://mikrotik.com/product/RBMetalG-52SHPacn,۲٫۴GHz. پهنایِ کانال برایِ این نرخ در جدولِ سایتِ میکروتیک مشخص نشده (ستونِ channel_mhz خالی ماند)
6a5cbdf089e6bfd0ee9627c8,DN-0092,2412-2484,,54MBit/s,28,-77,54,https://mikrotik.com/product/RBMetalG-52SHPacn,۲٫۴GHz. پهنایِ کانال برایِ این نرخ در جدولِ سایتِ میکروتیک مشخص نشده (ستونِ channel_mhz خالی ماند)
6a5cbdf089e6bfd0ee9627c8,DN-0092,2412-2484,,MCS0,31,-93,,https://mikrotik.com/product/RBMetalG-52SHPacn,۲٫۴GHz. پهنایِ کانال برایِ این نرخ در جدولِ سایتِ میکروتیک مشخص نشده (ستونِ channel_mhz خالی ماند)؛ rate_mbps خالی ماند چون نرخِ واقعیِ MCS به پهنایِ کانال و تعدادِ زنجیره وابسته است و سازنده آن را در این جدول ننوشته؛ فقط برچسبِ MCS داده شده
6a5cbdf089e6bfd0ee9627c8,DN-0092,2412-2484,,MCS7,27,-72,,https://mikrotik.com/product/RBMetalG-52SHPacn,۲٫۴GHz. پهنایِ کانال برایِ این نرخ در جدولِ سایتِ میکروتیک مشخص نشده (ستونِ channel_mhz خالی ماند)؛ rate_mbps خالی ماند چون نرخِ واقعیِ MCS به پهنایِ کانال و تعدادِ زنجیره وابسته است و سازنده آن را در این جدول ننوشته؛ فقط برچسبِ MCS داده شده
6a5cbdf289e6bfd0ee9627c9,DN-0074,5150-5875,,6MBit/s,31,-96,6,https://mikrotik.com/product/rbomnitikpg_5hacd,پهنایِ کانال برایِ این نرخ در جدولِ سایتِ میکروتیک مشخص نشده (ستونِ channel_mhz خالی ماند)
6a5cbdf289e6bfd0ee9627c9,DN-0074,5150-5875,,54MBit/s,27,-81,54,https://mikrotik.com/product/rbomnitikpg_5hacd,پهنایِ کانال برایِ این نرخ در جدولِ سایتِ میکروتیک مشخص نشده (ستونِ channel_mhz خالی ماند)
6a5cbdf289e6bfd0ee9627c9,DN-0074,5150-5875,,MCS0,30,-96,,https://mikrotik.com/product/rbomnitikpg_5hacd,پهنایِ کانال برایِ این نرخ در جدولِ سایتِ میکروتیک مشخص نشده (ستونِ channel_mhz خالی ماند)؛ rate_mbps خالی ماند چون نرخِ واقعیِ MCS به پهنایِ کانال و تعدادِ زنجیره وابسته است و سازنده آن را در این جدول ننوشته؛ فقط برچسبِ MCS داده شده
6a5cbdf289e6bfd0ee9627c9,DN-0074,5150-5875,,MCS7,27,-77,,https://mikrotik.com/product/rbomnitikpg_5hacd,پهنایِ کانال برایِ این نرخ در جدولِ سایتِ میکروتیک مشخص نشده (ستونِ channel_mhz خالی ماند)؛ rate_mbps خالی ماند چون نرخِ واقعیِ MCS به پهنایِ کانال و تعدادِ زنجیره وابسته است و سازنده آن را در این جدول ننوشته؛ فقط برچسبِ MCS داده شده
6a5cbdf289e6bfd0ee9627c9,DN-0074,5150-5875,,MCS9,22,-72,,https://mikrotik.com/product/rbomnitikpg_5hacd,پهنایِ کانال برایِ این نرخ در جدولِ سایتِ میکروتیک مشخص نشده (ستونِ channel_mhz خالی ماند)؛ rate_mbps خالی ماند چون نرخِ واقعیِ MCS به پهنایِ کانال و تعدادِ زنجیره وابسته است و سازنده آن را در این جدول ننوشته؛ فقط برچسبِ MCS داده شده
6a5cbdf489e6bfd0ee9627cb,DN-0101,5150-5875,,6MBit/s,31,-96,6,https://mikrotik.com/product/RB921GS-5HPacD-15S,پهنایِ کانال برایِ این نرخ در جدولِ سایتِ میکروتیک مشخص نشده (ستونِ channel_mhz خالی ماند)
6a5cbdf489e6bfd0ee9627cb,DN-0101,5150-5875,,54MBit/s,27,-81,54,https://mikrotik.com/product/RB921GS-5HPacD-15S,پهنایِ کانال برایِ این نرخ در جدولِ سایتِ میکروتیک مشخص نشده (ستونِ channel_mhz خالی ماند)
6a5cbdf489e6bfd0ee9627cb,DN-0101,5150-5875,,MCS0,30,-96,,https://mikrotik.com/product/RB921GS-5HPacD-15S,پهنایِ کانال برایِ این نرخ در جدولِ سایتِ میکروتیک مشخص نشده (ستونِ channel_mhz خالی ماند)؛ rate_mbps خالی ماند چون نرخِ واقعیِ MCS به پهنایِ کانال و تعدادِ زنجیره وابسته است و سازنده آن را در این جدول ننوشته؛ فقط برچسبِ MCS داده شده
6a5cbdf489e6bfd0ee9627cb,DN-0101,5150-5875,,MCS7,27,-77,,https://mikrotik.com/product/RB921GS-5HPacD-15S,پهنایِ کانال برایِ این نرخ در جدولِ سایتِ میکروتیک مشخص نشده (ستونِ channel_mhz خالی ماند)؛ rate_mbps خالی ماند چون نرخِ واقعیِ MCS به پهنایِ کانال و تعدادِ زنجیره وابسته است و سازنده آن را در این جدول ننوشته؛ فقط برچسبِ MCS داده شده
6a5cbdf489e6bfd0ee9627cb,DN-0101,5150-5875,,MCS9,22,-72,,https://mikrotik.com/product/RB921GS-5HPacD-15S,پهنایِ کانال برایِ این نرخ در جدولِ سایتِ میکروتیک مشخص نشده (ستونِ channel_mhz خالی ماند)؛ rate_mbps خالی ماند چون نرخِ واقعیِ MCS به پهنایِ کانال و تعدادِ زنجیره وابسته است و سازنده آن را در این جدول ننوشته؛ فقط برچسبِ MCS داده شده
6a5cbdf889e6bfd0ee9627cf,DN-0096,5150-5875,,6MBit/s,31,-96,6,https://mikrotik.com/product/RB921UAGS-5SHPacD-NM,پهنایِ کانال برایِ این نرخ در جدولِ سایتِ میکروتیک مشخص نشده (ستونِ channel_mhz خالی ماند)
6a5cbdf889e6bfd0ee9627cf,DN-0096,5150-5875,,54MBit/s,29,-81,54,https://mikrotik.com/product/RB921UAGS-5SHPacD-NM,پهنایِ کانال برایِ این نرخ در جدولِ سایتِ میکروتیک مشخص نشده (ستونِ channel_mhz خالی ماند)
6a5cbdf889e6bfd0ee9627cf,DN-0096,5150-5875,,MCS0,31,-96,,https://mikrotik.com/product/RB921UAGS-5SHPacD-NM,پهنایِ کانال برایِ این نرخ در جدولِ سایتِ میکروتیک مشخص نشده (ستونِ channel_mhz خالی ماند)؛ rate_mbps خالی ماند چون نرخِ واقعیِ MCS به پهنایِ کانال و تعدادِ زنجیره وابسته است و سازنده آن را در این جدول ننوشته؛ فقط برچسبِ MCS داده شده
6a5cbdf889e6bfd0ee9627cf,DN-0096,5150-5875,,MCS7,29,-77,,https://mikrotik.com/product/RB921UAGS-5SHPacD-NM,پهنایِ کانال برایِ این نرخ در جدولِ سایتِ میکروتیک مشخص نشده (ستونِ channel_mhz خالی ماند)؛ rate_mbps خالی ماند چون نرخِ واقعیِ MCS به پهنایِ کانال و تعدادِ زنجیره وابسته است و سازنده آن را در این جدول ننوشته؛ فقط برچسبِ MCS داده شده
6a5cbdf889e6bfd0ee9627cf,DN-0096,5150-5875,,MCS9,25,-72,,https://mikrotik.com/product/RB921UAGS-5SHPacD-NM,پهنایِ کانال برایِ این نرخ در جدولِ سایتِ میکروتیک مشخص نشده (ستونِ channel_mhz خالی ماند)؛ rate_mbps خالی ماند چون نرخِ واقعیِ MCS به پهنایِ کانال و تعدادِ زنجیره وابسته است و سازنده آن را در این جدول ننوشته؛ فقط برچسبِ MCS داده شده
6a5cbdfb89e6bfd0ee9627d2,DN-0102,,,6MBit/s,31,-96,6,https://mikrotik.com/product/RB921GS-5HPacD-19S,پهنایِ کانال برایِ این نرخ در جدولِ سایتِ میکروتیک مشخص نشده (ستونِ channel_mhz خالی ماند)؛ band_mhz خالی چون صفحهٔ محصولِ منسوخ‌شده دیگر بازهٔ MHz را منتشر نمی‌کند
6a5cbdfb89e6bfd0ee9627d2,DN-0102,,,54MBit/s,27,-81,54,https://mikrotik.com/product/RB921GS-5HPacD-19S,پهنایِ کانال برایِ این نرخ در جدولِ سایتِ میکروتیک مشخص نشده (ستونِ channel_mhz خالی ماند)؛ band_mhz خالی چون صفحهٔ محصولِ منسوخ‌شده دیگر بازهٔ MHz را منتشر نمی‌کند
6a5cbdfb89e6bfd0ee9627d2,DN-0102,,,MCS0,30,-96,,https://mikrotik.com/product/RB921GS-5HPacD-19S,پهنایِ کانال برایِ این نرخ در جدولِ سایتِ میکروتیک مشخص نشده (ستونِ channel_mhz خالی ماند)؛ rate_mbps خالی ماند چون نرخِ واقعیِ MCS به پهنایِ کانال و تعدادِ زنجیره وابسته است و سازنده آن را در این جدول ننوشته؛ فقط برچسبِ MCS داده شده؛ band_mhz خالی چون صفحهٔ محصولِ منسوخ‌شده دیگر بازهٔ MHz را منتشر نمی‌کند
6a5cbdfb89e6bfd0ee9627d2,DN-0102,,,MCS7,27,-77,,https://mikrotik.com/product/RB921GS-5HPacD-19S,پهنایِ کانال برایِ این نرخ در جدولِ سایتِ میکروتیک مشخص نشده (ستونِ channel_mhz خالی ماند)؛ rate_mbps خالی ماند چون نرخِ واقعیِ MCS به پهنایِ کانال و تعدادِ زنجیره وابسته است و سازنده آن را در این جدول ننوشته؛ فقط برچسبِ MCS داده شده؛ band_mhz خالی چون صفحهٔ محصولِ منسوخ‌شده دیگر بازهٔ MHz را منتشر نمی‌کند
6a5cbdfb89e6bfd0ee9627d2,DN-0102,,,MCS9,22,-72,,https://mikrotik.com/product/RB921GS-5HPacD-19S,پهنایِ کانال برایِ این نرخ در جدولِ سایتِ میکروتیک مشخص نشده (ستونِ channel_mhz خالی ماند)؛ rate_mbps خالی ماند چون نرخِ واقعیِ MCS به پهنایِ کانال و تعدادِ زنجیره وابسته است و سازنده آن را در این جدول ننوشته؛ فقط برچسبِ MCS داده شده؛ band_mhz خالی چون صفحهٔ محصولِ منسوخ‌شده دیگر بازهٔ MHz را منتشر نمی‌کند
6a5cbe2889e6bfd0ee9627fc,DN-0076,5150-5875,,6MBit/s,31,-96,6,https://mikrotik.com/product/RB911G-5HPacD-QRT,پهنایِ کانال برایِ این نرخ در جدولِ سایتِ میکروتیک مشخص نشده (ستونِ channel_mhz خالی ماند)
6a5cbe2889e6bfd0ee9627fc,DN-0076,5150-5875,,54MBit/s,27,-81,54,https://mikrotik.com/product/RB911G-5HPacD-QRT,پهنایِ کانال برایِ این نرخ در جدولِ سایتِ میکروتیک مشخص نشده (ستونِ channel_mhz خالی ماند)
6a5cbe2889e6bfd0ee9627fc,DN-0076,5150-5875,,MCS0,30,-96,,https://mikrotik.com/product/RB911G-5HPacD-QRT,پهنایِ کانال برایِ این نرخ در جدولِ سایتِ میکروتیک مشخص نشده (ستونِ channel_mhz خالی ماند)؛ rate_mbps خالی ماند چون نرخِ واقعیِ MCS به پهنایِ کانال و تعدادِ زنجیره وابسته است و سازنده آن را در این جدول ننوشته؛ فقط برچسبِ MCS داده شده
6a5cbe2889e6bfd0ee9627fc,DN-0076,5150-5875,,MCS7,27,-77,,https://mikrotik.com/product/RB911G-5HPacD-QRT,پهنایِ کانال برایِ این نرخ در جدولِ سایتِ میکروتیک مشخص نشده (ستونِ channel_mhz خالی ماند)؛ rate_mbps خالی ماند چون نرخِ واقعیِ MCS به پهنایِ کانال و تعدادِ زنجیره وابسته است و سازنده آن را در این جدول ننوشته؛ فقط برچسبِ MCS داده شده
6a5cbe2889e6bfd0ee9627fc,DN-0076,5150-5875,,MCS9,22,-72,,https://mikrotik.com/product/RB911G-5HPacD-QRT,پهنایِ کانال برایِ این نرخ در جدولِ سایتِ میکروتیک مشخص نشده (ستونِ channel_mhz خالی ماند)؛ rate_mbps خالی ماند چون نرخِ واقعیِ MCS به پهنایِ کانال و تعدادِ زنجیره وابسته است و سازنده آن را در این جدول ننوشته؛ فقط برچسبِ MCS داده شده
6a5cbe2b89e6bfd0ee9627ff,DN-0083,,,1MBit/s,30,-100,1,https://mikrotik.com/product/RB912UAG-2HPnD-OUT,پهنایِ کانال برایِ این نرخ در جدولِ سایتِ میکروتیک مشخص نشده (ستونِ channel_mhz خالی ماند)؛ band_mhz خالی چون صفحهٔ محصول فقط «۲٫۴GHz» می‌گوید، بدونِ بازهٔ دقیقِ MHz
6a5cbe2b89e6bfd0ee9627ff,DN-0083,,,11MBit/s,30,-94,11,https://mikrotik.com/product/RB912UAG-2HPnD-OUT,پهنایِ کانال برایِ این نرخ در جدولِ سایتِ میکروتیک مشخص نشده (ستونِ channel_mhz خالی ماند)؛ band_mhz خالی چون صفحهٔ محصول فقط «۲٫۴GHz» می‌گوید، بدونِ بازهٔ دقیقِ MHz
6a5cbe2b89e6bfd0ee9627ff,DN-0083,,,6MBit/s,30,-96,6,https://mikrotik.com/product/RB912UAG-2HPnD-OUT,پهنایِ کانال برایِ این نرخ در جدولِ سایتِ میکروتیک مشخص نشده (ستونِ channel_mhz خالی ماند)؛ band_mhz خالی چون صفحهٔ محصول فقط «۲٫۴GHz» می‌گوید، بدونِ بازهٔ دقیقِ MHz
6a5cbe2b89e6bfd0ee9627ff,DN-0083,,,54MBit/s,27,-78,54,https://mikrotik.com/product/RB912UAG-2HPnD-OUT,پهنایِ کانال برایِ این نرخ در جدولِ سایتِ میکروتیک مشخص نشده (ستونِ channel_mhz خالی ماند)؛ band_mhz خالی چون صفحهٔ محصول فقط «۲٫۴GHz» می‌گوید، بدونِ بازهٔ دقیقِ MHz
6a5cbe2b89e6bfd0ee9627ff,DN-0083,,,MCS0,30,-96,,https://mikrotik.com/product/RB912UAG-2HPnD-OUT,پهنایِ کانال برایِ این نرخ در جدولِ سایتِ میکروتیک مشخص نشده (ستونِ channel_mhz خالی ماند)؛ rate_mbps خالی ماند چون نرخِ واقعیِ MCS به پهنایِ کانال و تعدادِ زنجیره وابسته است و سازنده آن را در این جدول ننوشته؛ فقط برچسبِ MCS داده شده؛ band_mhz خالی چون صفحهٔ محصول فقط «۲٫۴GHz» می‌گوید، بدونِ بازهٔ دقیقِ MHz
6a5cbe2b89e6bfd0ee9627ff,DN-0083,,,MCS7,24,-73,,https://mikrotik.com/product/RB912UAG-2HPnD-OUT,پهنایِ کانال برایِ این نرخ در جدولِ سایتِ میکروتیک مشخص نشده (ستونِ channel_mhz خالی ماند)؛ rate_mbps خالی ماند چون نرخِ واقعیِ MCS به پهنایِ کانال و تعدادِ زنجیره وابسته است و سازنده آن را در این جدول ننوشته؛ فقط برچسبِ MCS داده شده؛ band_mhz خالی چون صفحهٔ محصول فقط «۲٫۴GHz» می‌گوید، بدونِ بازهٔ دقیقِ MHz
6a5cbe4289e6bfd0ee962815,DN-0104,,,1MBit/s,30,-100,1,https://mikrotik.com/product/mantbox_2_12s,پهنایِ کانال برایِ این نرخ در جدولِ سایتِ میکروتیک مشخص نشده (ستونِ channel_mhz خالی ماند)؛ band_mhz خالی چون صفحهٔ محصول فقط «۲٫۴GHz» می‌گوید، بدونِ بازهٔ دقیقِ MHz
6a5cbe4289e6bfd0ee962815,DN-0104,,,11MBit/s,30,-94,11,https://mikrotik.com/product/mantbox_2_12s,پهنایِ کانال برایِ این نرخ در جدولِ سایتِ میکروتیک مشخص نشده (ستونِ channel_mhz خالی ماند)؛ band_mhz خالی چون صفحهٔ محصول فقط «۲٫۴GHz» می‌گوید، بدونِ بازهٔ دقیقِ MHz
6a5cbe4289e6bfd0ee962815,DN-0104,,,6MBit/s,30,-96,6,https://mikrotik.com/product/mantbox_2_12s,پهنایِ کانال برایِ این نرخ در جدولِ سایتِ میکروتیک مشخص نشده (ستونِ channel_mhz خالی ماند)؛ band_mhz خالی چون صفحهٔ محصول فقط «۲٫۴GHz» می‌گوید، بدونِ بازهٔ دقیقِ MHz
6a5cbe4289e6bfd0ee962815,DN-0104,,,54MBit/s,27,-78,54,https://mikrotik.com/product/mantbox_2_12s,پهنایِ کانال برایِ این نرخ در جدولِ سایتِ میکروتیک مشخص نشده (ستونِ channel_mhz خالی ماند)؛ band_mhz خالی چون صفحهٔ محصول فقط «۲٫۴GHz» می‌گوید، بدونِ بازهٔ دقیقِ MHz
6a5cbe4289e6bfd0ee962815,DN-0104,,,MCS0,30,-96,,https://mikrotik.com/product/mantbox_2_12s,پهنایِ کانال برایِ این نرخ در جدولِ سایتِ میکروتیک مشخص نشده (ستونِ channel_mhz خالی ماند)؛ rate_mbps خالی ماند چون نرخِ واقعیِ MCS به پهنایِ کانال و تعدادِ زنجیره وابسته است و سازنده آن را در این جدول ننوشته؛ فقط برچسبِ MCS داده شده؛ band_mhz خالی چون صفحهٔ محصول فقط «۲٫۴GHz» می‌گوید، بدونِ بازهٔ دقیقِ MHz
6a5cbe4289e6bfd0ee962815,DN-0104,,,MCS7,24,-73,,https://mikrotik.com/product/mantbox_2_12s,پهنایِ کانال برایِ این نرخ در جدولِ سایتِ میکروتیک مشخص نشده (ستونِ channel_mhz خالی ماند)؛ rate_mbps خالی ماند چون نرخِ واقعیِ MCS به پهنایِ کانال و تعدادِ زنجیره وابسته است و سازنده آن را در این جدول ننوشته؛ فقط برچسبِ MCS داده شده؛ band_mhz خالی چون صفحهٔ محصول فقط «۲٫۴GHz» می‌گوید، بدونِ بازهٔ دقیقِ MHz
6a8962c012e497ee86649082,DN-0097,,,1MBit/s,27,-100,1,https://mikrotik.com/product/netmetal_ax,۲٫۴GHz (Wi-Fi 6). پهنایِ کانال برایِ این نرخ در جدولِ سایتِ میکروتیک مشخص نشده (ستونِ channel_mhz خالی ماند)؛ band_mhz خالی چون صفحهٔ محصول بازهٔ دقیقِ MHz نمی‌دهد
6a8962c012e497ee86649082,DN-0097,,,11MBit/s,27,-94,11,https://mikrotik.com/product/netmetal_ax,۲٫۴GHz (Wi-Fi 6). پهنایِ کانال برایِ این نرخ در جدولِ سایتِ میکروتیک مشخص نشده (ستونِ channel_mhz خالی ماند)؛ band_mhz خالی چون صفحهٔ محصول بازهٔ دقیقِ MHz نمی‌دهد
6a8962c012e497ee86649082,DN-0097,,,6MBit/s,29,-96,6,https://mikrotik.com/product/netmetal_ax,۲٫۴GHz (Wi-Fi 6). پهنایِ کانال برایِ این نرخ در جدولِ سایتِ میکروتیک مشخص نشده (ستونِ channel_mhz خالی ماند)؛ band_mhz خالی چون صفحهٔ محصول بازهٔ دقیقِ MHz نمی‌دهد
6a8962c012e497ee86649082,DN-0097,,,54MBit/s,27,-80,54,https://mikrotik.com/product/netmetal_ax,۲٫۴GHz (Wi-Fi 6). پهنایِ کانال برایِ این نرخ در جدولِ سایتِ میکروتیک مشخص نشده (ستونِ channel_mhz خالی ماند)؛ band_mhz خالی چون صفحهٔ محصول بازهٔ دقیقِ MHz نمی‌دهد
6a8962c012e497ee86649082,DN-0097,,,MCS0,29,-96,,https://mikrotik.com/product/netmetal_ax,۲٫۴GHz (Wi-Fi 6). پهنایِ کانال برایِ این نرخ در جدولِ سایتِ میکروتیک مشخص نشده (ستونِ channel_mhz خالی ماند)؛ rate_mbps خالی ماند چون نرخِ واقعیِ MCS به پهنایِ کانال و تعدادِ زنجیره وابسته است و سازنده آن را در این جدول ننوشته؛ فقط برچسبِ MCS داده شده؛ band_mhz خالی چون صفحهٔ محصول بازهٔ دقیقِ MHz نمی‌دهد
6a8962c012e497ee86649082,DN-0097,,,MCS7,26,-75,,https://mikrotik.com/product/netmetal_ax,۲٫۴GHz (Wi-Fi 6). پهنایِ کانال برایِ این نرخ در جدولِ سایتِ میکروتیک مشخص نشده (ستونِ channel_mhz خالی ماند)؛ rate_mbps خالی ماند چون نرخِ واقعیِ MCS به پهنایِ کانال و تعدادِ زنجیره وابسته است و سازنده آن را در این جدول ننوشته؛ فقط برچسبِ MCS داده شده؛ band_mhz خالی چون صفحهٔ محصول بازهٔ دقیقِ MHz نمی‌دهد
6a8962c012e497ee86649082,DN-0097,,,MCS9,24,-70,,https://mikrotik.com/product/netmetal_ax,۲٫۴GHz (Wi-Fi 6). پهنایِ کانال برایِ این نرخ در جدولِ سایتِ میکروتیک مشخص نشده (ستونِ channel_mhz خالی ماند)؛ rate_mbps خالی ماند چون نرخِ واقعیِ MCS به پهنایِ کانال و تعدادِ زنجیره وابسته است و سازنده آن را در این جدول ننوشته؛ فقط برچسبِ MCS داده شده؛ band_mhz خالی چون صفحهٔ محصول بازهٔ دقیقِ MHz نمی‌دهد
6a8962c012e497ee86649082,DN-0097,,,MCS11,22,-67,,https://mikrotik.com/product/netmetal_ax,۲٫۴GHz (Wi-Fi 6). پهنایِ کانال برایِ این نرخ در جدولِ سایتِ میکروتیک مشخص نشده (ستونِ channel_mhz خالی ماند)؛ rate_mbps خالی ماند چون نرخِ واقعیِ MCS به پهنایِ کانال و تعدادِ زنجیره وابسته است و سازنده آن را در این جدول ننوشته؛ فقط برچسبِ MCS داده شده؛ band_mhz خالی چون صفحهٔ محصول بازهٔ دقیقِ MHz نمی‌دهد
6a8962c012e497ee86649082,DN-0097,,,6MBit/s,28,-96,6,https://mikrotik.com/product/netmetal_ax,۵GHz (Wi-Fi 6). پهنایِ کانال برایِ این نرخ در جدولِ سایتِ میکروتیک مشخص نشده (ستونِ channel_mhz خالی ماند)؛ band_mhz خالی چون صفحهٔ محصول بازهٔ دقیقِ MHz نمی‌دهد
6a8962c012e497ee86649082,DN-0097,,,54MBit/s,26,-80,54,https://mikrotik.com/product/netmetal_ax,۵GHz (Wi-Fi 6). پهنایِ کانال برایِ این نرخ در جدولِ سایتِ میکروتیک مشخص نشده (ستونِ channel_mhz خالی ماند)؛ band_mhz خالی چون صفحهٔ محصول بازهٔ دقیقِ MHz نمی‌دهد
6a8962c012e497ee86649082,DN-0097,,,MCS0,28,-96,,https://mikrotik.com/product/netmetal_ax,۵GHz (Wi-Fi 6). پهنایِ کانال برایِ این نرخ در جدولِ سایتِ میکروتیک مشخص نشده (ستونِ channel_mhz خالی ماند)؛ rate_mbps خالی ماند چون نرخِ واقعیِ MCS به پهنایِ کانال و تعدادِ زنجیره وابسته است و سازنده آن را در این جدول ننوشته؛ فقط برچسبِ MCS داده شده؛ band_mhz خالی چون صفحهٔ محصول بازهٔ دقیقِ MHz نمی‌دهد
6a8962c012e497ee86649082,DN-0097,,,MCS7,25,-75,,https://mikrotik.com/product/netmetal_ax,۵GHz (Wi-Fi 6). پهنایِ کانال برایِ این نرخ در جدولِ سایتِ میکروتیک مشخص نشده (ستونِ channel_mhz خالی ماند)؛ rate_mbps خالی ماند چون نرخِ واقعیِ MCS به پهنایِ کانال و تعدادِ زنجیره وابسته است و سازنده آن را در این جدول ننوشته؛ فقط برچسبِ MCS داده شده؛ band_mhz خالی چون صفحهٔ محصول بازهٔ دقیقِ MHz نمی‌دهد
6a8962c012e497ee86649082,DN-0097,,,MCS9,23,-70,,https://mikrotik.com/product/netmetal_ax,۵GHz (Wi-Fi 6). پهنایِ کانال برایِ این نرخ در جدولِ سایتِ میکروتیک مشخص نشده (ستونِ channel_mhz خالی ماند)؛ rate_mbps خالی ماند چون نرخِ واقعیِ MCS به پهنایِ کانال و تعدادِ زنجیره وابسته است و سازنده آن را در این جدول ننوشته؛ فقط برچسبِ MCS داده شده؛ band_mhz خالی چون صفحهٔ محصول بازهٔ دقیقِ MHz نمی‌دهد
6a8962c012e497ee86649082,DN-0097,,,MCS11,20,-67,,https://mikrotik.com/product/netmetal_ax,۵GHz (Wi-Fi 6). پهنایِ کانال برایِ این نرخ در جدولِ سایتِ میکروتیک مشخص نشده (ستونِ channel_mhz خالی ماند)؛ rate_mbps خالی ماند چون نرخِ واقعیِ MCS به پهنایِ کانال و تعدادِ زنجیره وابسته است و سازنده آن را در این جدول ننوشته؛ فقط برچسبِ MCS داده شده؛ band_mhz خالی چون صفحهٔ محصول بازهٔ دقیقِ MHz نمی‌دهد
6a8962c012e497ee86649083,DN-0095,5150-5875,,6MBit/s,31,-96,6,https://mikrotik.com/product/RB922UAGS-5HPacD-NM,پهنایِ کانال برایِ این نرخ در جدولِ سایتِ میکروتیک مشخص نشده (ستونِ channel_mhz خالی ماند)
6a8962c012e497ee86649083,DN-0095,5150-5875,,54MBit/s,27,-81,54,https://mikrotik.com/product/RB922UAGS-5HPacD-NM,پهنایِ کانال برایِ این نرخ در جدولِ سایتِ میکروتیک مشخص نشده (ستونِ channel_mhz خالی ماند)
6a8962c012e497ee86649083,DN-0095,5150-5875,,MCS0,30,-96,,https://mikrotik.com/product/RB922UAGS-5HPacD-NM,پهنایِ کانال برایِ این نرخ در جدولِ سایتِ میکروتیک مشخص نشده (ستونِ channel_mhz خالی ماند)؛ rate_mbps خالی ماند چون نرخِ واقعیِ MCS به پهنایِ کانال و تعدادِ زنجیره وابسته است و سازنده آن را در این جدول ننوشته؛ فقط برچسبِ MCS داده شده
6a8962c012e497ee86649083,DN-0095,5150-5875,,MCS7,27,-77,,https://mikrotik.com/product/RB922UAGS-5HPacD-NM,پهنایِ کانال برایِ این نرخ در جدولِ سایتِ میکروتیک مشخص نشده (ستونِ channel_mhz خالی ماند)؛ rate_mbps خالی ماند چون نرخِ واقعیِ MCS به پهنایِ کانال و تعدادِ زنجیره وابسته است و سازنده آن را در این جدول ننوشته؛ فقط برچسبِ MCS داده شده
6a8962c012e497ee86649083,DN-0095,5150-5875,,MCS9,22,-72,,https://mikrotik.com/product/RB922UAGS-5HPacD-NM,پهنایِ کانال برایِ این نرخ در جدولِ سایتِ میکروتیک مشخص نشده (ستونِ channel_mhz خالی ماند)؛ rate_mbps خالی ماند چون نرخِ واقعیِ MCS به پهنایِ کانال و تعدادِ زنجیره وابسته است و سازنده آن را در این جدول ننوشته؛ فقط برچسبِ MCS داده شده
6a8962c012e497ee86649084,DN-0094,,,6MBit/s,28,-96,6,https://mikrotik.com/product/netbox_5_ax,۵GHz (Wi-Fi 6). پهنایِ کانال برایِ این نرخ در جدولِ سایتِ میکروتیک مشخص نشده (ستونِ channel_mhz خالی ماند)؛ band_mhz خالی چون صفحهٔ محصول بازهٔ دقیقِ MHz نمی‌دهد
6a8962c012e497ee86649084,DN-0094,,,54MBit/s,26,-80,54,https://mikrotik.com/product/netbox_5_ax,۵GHz (Wi-Fi 6). پهنایِ کانال برایِ این نرخ در جدولِ سایتِ میکروتیک مشخص نشده (ستونِ channel_mhz خالی ماند)؛ band_mhz خالی چون صفحهٔ محصول بازهٔ دقیقِ MHz نمی‌دهد
6a8962c012e497ee86649084,DN-0094,,,MCS0,28,-96,,https://mikrotik.com/product/netbox_5_ax,۵GHz (Wi-Fi 6). پهنایِ کانال برایِ این نرخ در جدولِ سایتِ میکروتیک مشخص نشده (ستونِ channel_mhz خالی ماند)؛ rate_mbps خالی ماند چون نرخِ واقعیِ MCS به پهنایِ کانال و تعدادِ زنجیره وابسته است و سازنده آن را در این جدول ننوشته؛ فقط برچسبِ MCS داده شده؛ band_mhz خالی چون صفحهٔ محصول بازهٔ دقیقِ MHz نمی‌دهد
6a8962c012e497ee86649084,DN-0094,,,MCS7,25,-75,,https://mikrotik.com/product/netbox_5_ax,۵GHz (Wi-Fi 6). پهنایِ کانال برایِ این نرخ در جدولِ سایتِ میکروتیک مشخص نشده (ستونِ channel_mhz خالی ماند)؛ rate_mbps خالی ماند چون نرخِ واقعیِ MCS به پهنایِ کانال و تعدادِ زنجیره وابسته است و سازنده آن را در این جدول ننوشته؛ فقط برچسبِ MCS داده شده؛ band_mhz خالی چون صفحهٔ محصول بازهٔ دقیقِ MHz نمی‌دهد
6a8962c012e497ee86649084,DN-0094,,,MCS9,23,-70,,https://mikrotik.com/product/netbox_5_ax,۵GHz (Wi-Fi 6). پهنایِ کانال برایِ این نرخ در جدولِ سایتِ میکروتیک مشخص نشده (ستونِ channel_mhz خالی ماند)؛ rate_mbps خالی ماند چون نرخِ واقعیِ MCS به پهنایِ کانال و تعدادِ زنجیره وابسته است و سازنده آن را در این جدول ننوشته؛ فقط برچسبِ MCS داده شده؛ band_mhz خالی چون صفحهٔ محصول بازهٔ دقیقِ MHz نمی‌دهد
6a8962c012e497ee86649084,DN-0094,,,MCS11,20,-67,,https://mikrotik.com/product/netbox_5_ax,۵GHz (Wi-Fi 6). پهنایِ کانال برایِ این نرخ در جدولِ سایتِ میکروتیک مشخص نشده (ستونِ channel_mhz خالی ماند)؛ rate_mbps خالی ماند چون نرخِ واقعیِ MCS به پهنایِ کانال و تعدادِ زنجیره وابسته است و سازنده آن را در این جدول ننوشته؛ فقط برچسبِ MCS داده شده؛ band_mhz خالی چون صفحهٔ محصول بازهٔ دقیقِ MHz نمی‌دهد
6a8962fd12e497ee86649085,DN-0103,,,1MBit/s,27,-100,1,https://mikrotik.com/product/mantbox_ax_15s,۲٫۴GHz (Wi-Fi 6، آنتنِ یکپارچهٔ ۱۲dBi). پهنایِ کانال برایِ این نرخ در جدولِ سایتِ میکروتیک مشخص نشده (ستونِ channel_mhz خالی ماند)؛ band_mhz خالی چون صفحهٔ محصول بازهٔ دقیقِ MHz نمی‌دهد
6a8962fd12e497ee86649085,DN-0103,,,11MBit/s,27,-94,11,https://mikrotik.com/product/mantbox_ax_15s,۲٫۴GHz (Wi-Fi 6، آنتنِ یکپارچهٔ ۱۲dBi). پهنایِ کانال برایِ این نرخ در جدولِ سایتِ میکروتیک مشخص نشده (ستونِ channel_mhz خالی ماند)؛ band_mhz خالی چون صفحهٔ محصول بازهٔ دقیقِ MHz نمی‌دهد
6a8962fd12e497ee86649085,DN-0103,,,6MBit/s,29,-96,6,https://mikrotik.com/product/mantbox_ax_15s,۲٫۴GHz (Wi-Fi 6، آنتنِ یکپارچهٔ ۱۲dBi). پهنایِ کانال برایِ این نرخ در جدولِ سایتِ میکروتیک مشخص نشده (ستونِ channel_mhz خالی ماند)؛ band_mhz خالی چون صفحهٔ محصول بازهٔ دقیقِ MHz نمی‌دهد
6a8962fd12e497ee86649085,DN-0103,,,54MBit/s,27,-80,54,https://mikrotik.com/product/mantbox_ax_15s,۲٫۴GHz (Wi-Fi 6، آنتنِ یکپارچهٔ ۱۲dBi). پهنایِ کانال برایِ این نرخ در جدولِ سایتِ میکروتیک مشخص نشده (ستونِ channel_mhz خالی ماند)؛ band_mhz خالی چون صفحهٔ محصول بازهٔ دقیقِ MHz نمی‌دهد
6a8962fd12e497ee86649085,DN-0103,,,MCS0,29,-96,,https://mikrotik.com/product/mantbox_ax_15s,۲٫۴GHz (Wi-Fi 6، آنتنِ یکپارچهٔ ۱۲dBi). پهنایِ کانال برایِ این نرخ در جدولِ سایتِ میکروتیک مشخص نشده (ستونِ channel_mhz خالی ماند)؛ rate_mbps خالی ماند چون نرخِ واقعیِ MCS به پهنایِ کانال و تعدادِ زنجیره وابسته است و سازنده آن را در این جدول ننوشته؛ فقط برچسبِ MCS داده شده؛ band_mhz خالی چون صفحهٔ محصول بازهٔ دقیقِ MHz نمی‌دهد
6a8962fd12e497ee86649085,DN-0103,,,MCS7,26,-75,,https://mikrotik.com/product/mantbox_ax_15s,۲٫۴GHz (Wi-Fi 6، آنتنِ یکپارچهٔ ۱۲dBi). پهنایِ کانال برایِ این نرخ در جدولِ سایتِ میکروتیک مشخص نشده (ستونِ channel_mhz خالی ماند)؛ rate_mbps خالی ماند چون نرخِ واقعیِ MCS به پهنایِ کانال و تعدادِ زنجیره وابسته است و سازنده آن را در این جدول ننوشته؛ فقط برچسبِ MCS داده شده؛ band_mhz خالی چون صفحهٔ محصول بازهٔ دقیقِ MHz نمی‌دهد
6a8962fd12e497ee86649085,DN-0103,,,MCS9,24,-70,,https://mikrotik.com/product/mantbox_ax_15s,۲٫۴GHz (Wi-Fi 6، آنتنِ یکپارچهٔ ۱۲dBi). پهنایِ کانال برایِ این نرخ در جدولِ سایتِ میکروتیک مشخص نشده (ستونِ channel_mhz خالی ماند)؛ rate_mbps خالی ماند چون نرخِ واقعیِ MCS به پهنایِ کانال و تعدادِ زنجیره وابسته است و سازنده آن را در این جدول ننوشته؛ فقط برچسبِ MCS داده شده؛ band_mhz خالی چون صفحهٔ محصول بازهٔ دقیقِ MHz نمی‌دهد
6a8962fd12e497ee86649085,DN-0103,,,MCS11,22,-67,,https://mikrotik.com/product/mantbox_ax_15s,۲٫۴GHz (Wi-Fi 6، آنتنِ یکپارچهٔ ۱۲dBi). پهنایِ کانال برایِ این نرخ در جدولِ سایتِ میکروتیک مشخص نشده (ستونِ channel_mhz خالی ماند)؛ rate_mbps خالی ماند چون نرخِ واقعیِ MCS به پهنایِ کانال و تعدادِ زنجیره وابسته است و سازنده آن را در این جدول ننوشته؛ فقط برچسبِ MCS داده شده؛ band_mhz خالی چون صفحهٔ محصول بازهٔ دقیقِ MHz نمی‌دهد
6a8962fd12e497ee86649085,DN-0103,,,6MBit/s,28,-96,6,https://mikrotik.com/product/mantbox_ax_15s,۵GHz (Wi-Fi 6، آنتنِ یکپارچهٔ ۱۵dBi). پهنایِ کانال برایِ این نرخ در جدولِ سایتِ میکروتیک مشخص نشده (ستونِ channel_mhz خالی ماند)؛ band_mhz خالی چون صفحهٔ محصول بازهٔ دقیقِ MHz نمی‌دهد
6a8962fd12e497ee86649085,DN-0103,,,54MBit/s,26,-80,54,https://mikrotik.com/product/mantbox_ax_15s,۵GHz (Wi-Fi 6، آنتنِ یکپارچهٔ ۱۵dBi). پهنایِ کانال برایِ این نرخ در جدولِ سایتِ میکروتیک مشخص نشده (ستونِ channel_mhz خالی ماند)؛ band_mhz خالی چون صفحهٔ محصول بازهٔ دقیقِ MHz نمی‌دهد
6a8962fd12e497ee86649085,DN-0103,,,MCS0,28,-96,,https://mikrotik.com/product/mantbox_ax_15s,۵GHz (Wi-Fi 6، آنتنِ یکپارچهٔ ۱۵dBi). پهنایِ کانال برایِ این نرخ در جدولِ سایتِ میکروتیک مشخص نشده (ستونِ channel_mhz خالی ماند)؛ rate_mbps خالی ماند چون نرخِ واقعیِ MCS به پهنایِ کانال و تعدادِ زنجیره وابسته است و سازنده آن را در این جدول ننوشته؛ فقط برچسبِ MCS داده شده؛ band_mhz خالی چون صفحهٔ محصول بازهٔ دقیقِ MHz نمی‌دهد
6a8962fd12e497ee86649085,DN-0103,,,MCS7,25,-75,,https://mikrotik.com/product/mantbox_ax_15s,۵GHz (Wi-Fi 6، آنتنِ یکپارچهٔ ۱۵dBi). پهنایِ کانال برایِ این نرخ در جدولِ سایتِ میکروتیک مشخص نشده (ستونِ channel_mhz خالی ماند)؛ rate_mbps خالی ماند چون نرخِ واقعیِ MCS به پهنایِ کانال و تعدادِ زنجیره وابسته است و سازنده آن را در این جدول ننوشته؛ فقط برچسبِ MCS داده شده؛ band_mhz خالی چون صفحهٔ محصول بازهٔ دقیقِ MHz نمی‌دهد
6a8962fd12e497ee86649085,DN-0103,,,MCS9,23,-70,,https://mikrotik.com/product/mantbox_ax_15s,۵GHz (Wi-Fi 6، آنتنِ یکپارچهٔ ۱۵dBi). پهنایِ کانال برایِ این نرخ در جدولِ سایتِ میکروتیک مشخص نشده (ستونِ channel_mhz خالی ماند)؛ rate_mbps خالی ماند چون نرخِ واقعیِ MCS به پهنایِ کانال و تعدادِ زنجیره وابسته است و سازنده آن را در این جدول ننوشته؛ فقط برچسبِ MCS داده شده؛ band_mhz خالی چون صفحهٔ محصول بازهٔ دقیقِ MHz نمی‌دهد
6a8962fd12e497ee86649085,DN-0103,,,MCS11,20,-67,,https://mikrotik.com/product/mantbox_ax_15s,۵GHz (Wi-Fi 6، آنتنِ یکپارچهٔ ۱۵dBi). پهنایِ کانال برایِ این نرخ در جدولِ سایتِ میکروتیک مشخص نشده (ستونِ channel_mhz خالی ماند)؛ rate_mbps خالی ماند چون نرخِ واقعیِ MCS به پهنایِ کانال و تعدادِ زنجیره وابسته است و سازنده آن را در این جدول ننوشته؛ فقط برچسبِ MCS داده شده؛ band_mhz خالی چون صفحهٔ محصول بازهٔ دقیقِ MHz نمی‌دهد
6aa8fe1ebf8f7b294c0ef4b0,DN-0229,5150-5875,,6MBit/s,25,-96,6,https://mikrotik.com/product/RBLHG-5nD,نرخِ فیزیکیِ 802.11a (OFDM)، عیناً از برچسبِ جدول
6aa8fe1ebf8f7b294c0ef4b0,DN-0229,5150-5875,,54MBit/s,20,-80,54,https://mikrotik.com/product/RBLHG-5nD,نرخِ فیزیکیِ 802.11a (OFDM)، عیناً از برچسبِ جدول
6aa8fe1ebf8f7b294c0ef4b0,DN-0229,5150-5875,,MCS0,25,-96,,https://mikrotik.com/product/RBLHG-5nD,جدول عرضِ کانال را نگفته؛ Mbps جداگانه برایِ MCS در این جدول نیست
6aa8fe1ebf8f7b294c0ef4b0,DN-0229,5150-5875,,MCS7,19,-75,,https://mikrotik.com/product/RBLHG-5nD,جدول عرضِ کانال را نگفته؛ Mbps جداگانه برایِ MCS در این جدول نیست
6a5cbd7889e6bfd0ee962757,DN-0077,5150-5875,,6MBit/s,25,-96,6,https://mikrotik.com/product/RBLHG-5nD,DN-0077 (بسته ۳تایی)؛ مدلِ رادیویی عیناً RBLHG-5nD است، همان دادهٔ تکی
6a5cbd7889e6bfd0ee962757,DN-0077,5150-5875,,54MBit/s,20,-80,54,https://mikrotik.com/product/RBLHG-5nD,DN-0077 (بسته ۳تایی)؛ مدلِ رادیویی عیناً RBLHG-5nD است، همان دادهٔ تکی
6a5cbd7889e6bfd0ee962757,DN-0077,5150-5875,,MCS0,25,-96,,https://mikrotik.com/product/RBLHG-5nD,DN-0077 (بسته ۳تایی)؛ مدلِ رادیویی عیناً RBLHG-5nD است، همان دادهٔ تکی
6a5cbd7889e6bfd0ee962757,DN-0077,5150-5875,,MCS7,19,-75,,https://mikrotik.com/product/RBLHG-5nD,DN-0077 (بسته ۳تایی)؛ مدلِ رادیویی عیناً RBLHG-5nD است، همان دادهٔ تکی
6a5cbd6889e6bfd0ee962748,DN-0069,5150-5875,,6MBit/s,28,-96,6,https://mikrotik.com/product/RBLHG-5HPnD-XL,
6a5cbd6889e6bfd0ee962748,DN-0069,5150-5875,,54MBit/s,25,-80,54,https://mikrotik.com/product/RBLHG-5HPnD-XL,
6a5cbd6889e6bfd0ee962748,DN-0069,5150-5875,,MCS0,28,-96,,https://mikrotik.com/product/RBLHG-5HPnD-XL,Mbps جداگانه برایِ MCS در این جدول نیست
6a5cbd6889e6bfd0ee962748,DN-0069,5150-5875,,MCS7,24,-75,,https://mikrotik.com/product/RBLHG-5HPnD-XL,Mbps جداگانه برایِ MCS در این جدول نیست
6a89633912e497ee8664908a,DN-0091,5 GHz,,6MBit/s,24,-96,6,https://mikrotik.com/product/lhg_5_ax_xl,بازه‌ی دقیقِ مگاهرتز در صفحه نیامده، فقط «5 GHz»
6a89633912e497ee8664908a,DN-0091,5 GHz,,54MBit/s,21,-80,54,https://mikrotik.com/product/lhg_5_ax_xl,بازه‌ی دقیقِ مگاهرتز در صفحه نیامده، فقط «5 GHz»
6a89633912e497ee8664908a,DN-0091,5 GHz,,MCS0,24,-96,,https://mikrotik.com/product/lhg_5_ax_xl,بازه‌ی دقیقِ مگاهرتز در صفحه نیامده؛ Mbps جداگانه برایِ MCS هم نیست
6a89633912e497ee8664908a,DN-0091,5 GHz,,MCS7,20,-75,,https://mikrotik.com/product/lhg_5_ax_xl,بازه‌ی دقیقِ مگاهرتز در صفحه نیامده؛ Mbps جداگانه برایِ MCS هم نیست
6a89633912e497ee8664908a,DN-0091,5 GHz,,MCS9,19,-70,,https://mikrotik.com/product/lhg_5_ax_xl,بازه‌ی دقیقِ مگاهرتز در صفحه نیامده؛ Mbps جداگانه برایِ MCS هم نیست
6a89633912e497ee8664908a,DN-0091,5 GHz,,MCS11,17,-67,,https://mikrotik.com/product/lhg_5_ax_xl,بازه‌ی دقیقِ مگاهرتز در صفحه نیامده؛ Mbps جداگانه برایِ MCS هم نیست
6a89633912e497ee86649089,DN-0088,5 GHz,,6MBit/s,24,-96,6,https://mikrotik.com/product/lhg_5_ax,بازه‌ی دقیقِ مگاهرتز در صفحه نیامده، فقط «5 GHz»
6a89633912e497ee86649089,DN-0088,5 GHz,,54MBit/s,21,-80,54,https://mikrotik.com/product/lhg_5_ax,بازه‌ی دقیقِ مگاهرتز در صفحه نیامده، فقط «5 GHz»
6a89633912e497ee86649089,DN-0088,5 GHz,,MCS0,24,-96,,https://mikrotik.com/product/lhg_5_ax,بازه‌ی دقیقِ مگاهرتز در صفحه نیامده؛ Mbps جداگانه برایِ MCS هم نیست
6a89633912e497ee86649089,DN-0088,5 GHz,,MCS7,20,-75,,https://mikrotik.com/product/lhg_5_ax,بازه‌ی دقیقِ مگاهرتز در صفحه نیامده؛ Mbps جداگانه برایِ MCS هم نیست
6a89633912e497ee86649089,DN-0088,5 GHz,,MCS9,19,-70,,https://mikrotik.com/product/lhg_5_ax,بازه‌ی دقیقِ مگاهرتز در صفحه نیامده؛ Mbps جداگانه برایِ MCS هم نیست
6a89633912e497ee86649089,DN-0088,5 GHz,,MCS11,17,-67,,https://mikrotik.com/product/lhg_5_ax,بازه‌ی دقیقِ مگاهرتز در صفحه نیامده؛ Mbps جداگانه برایِ MCS هم نیست
6a89a97f12e497ee8664908d,DN-0085,5 GHz,,6MBit/s,22,-93,6,https://mikrotik.com/product/wireless_wire_cube_pro,این جدول برایِ رادیوِ کمکیِ 5GHz (هم‌گام‌سازی) است، نه رادیوِ اصلیِ 60GHz؛ بازه‌ی دقیقِ مگاهرتز هم نیامده
6a89a97f12e497ee8664908d,DN-0085,5 GHz,,54MBit/s,18,-74,54,https://mikrotik.com/product/wireless_wire_cube_pro,این جدول برایِ رادیوِ کمکیِ 5GHz (هم‌گام‌سازی) است، نه رادیوِ اصلیِ 60GHz؛ بازه‌ی دقیقِ مگاهرتز هم نیامده
6a89a97f12e497ee8664908d,DN-0085,5 GHz,,MCS0,22,-93,,https://mikrotik.com/product/wireless_wire_cube_pro,رادیوِ کمکیِ 5GHz، نه رادیوِ اصلیِ 60GHz؛ Mbps جداگانه برایِ MCS نیست
6a89a97f12e497ee8664908d,DN-0085,5 GHz,,MCS7,17,-71,,https://mikrotik.com/product/wireless_wire_cube_pro,رادیوِ کمکیِ 5GHz، نه رادیوِ اصلیِ 60GHz؛ Mbps جداگانه برایِ MCS نیست
6a89a97f12e497ee8664908d,DN-0085,5 GHz,,MCS9,15,-68,,https://mikrotik.com/product/wireless_wire_cube_pro,رادیوِ کمکیِ 5GHz، نه رادیوِ اصلیِ 60GHz؛ Mbps جداگانه برایِ MCS نیست
6a5cbe2d89e6bfd0ee962801,DN-0071,5150-5875,,6MBit/s,31,-96,6,https://mikrotik.com/product/RBSXTG-5HPacD-SAr2,
6a5cbe2d89e6bfd0ee962801,DN-0071,5150-5875,,54MBit/s,28,-81,54,https://mikrotik.com/product/RBSXTG-5HPacD-SAr2,
6a5cbe2d89e6bfd0ee962801,DN-0071,5150-5875,,MCS0,30,-96,,https://mikrotik.com/product/RBSXTG-5HPacD-SAr2,Mbps جداگانه برایِ MCS در این جدول نیست
6a5cbe2d89e6bfd0ee962801,DN-0071,5150-5875,,MCS7,27,-77,,https://mikrotik.com/product/RBSXTG-5HPacD-SAr2,Mbps جداگانه برایِ MCS در این جدول نیست
6a5cbe2d89e6bfd0ee962801,DN-0071,5150-5875,,MCS9,22,-72,,https://mikrotik.com/product/RBSXTG-5HPacD-SAr2,Mbps جداگانه برایِ MCS در این جدول نیست
6a5cbddf89e6bfd0ee9627b8,DN-0099,5150-5875,,6MBit/s,25,-96,6,https://mikrotik.com/product/sxtsq_5_ac,
6a5cbddf89e6bfd0ee9627b8,DN-0099,5150-5875,,54MBit/s,21,-80,54,https://mikrotik.com/product/sxtsq_5_ac,
6a5cbddf89e6bfd0ee9627b8,DN-0099,5150-5875,,MCS0,25,-96,,https://mikrotik.com/product/sxtsq_5_ac,Mbps جداگانه برایِ MCS در این جدول نیست
6a5cbddf89e6bfd0ee9627b8,DN-0099,5150-5875,,MCS7,20,-75,,https://mikrotik.com/product/sxtsq_5_ac,Mbps جداگانه برایِ MCS در این جدول نیست
6a5cbddf89e6bfd0ee9627b8,DN-0099,5150-5875,,MCS9,18,-70,,https://mikrotik.com/product/sxtsq_5_ac,Mbps جداگانه برایِ MCS در این جدول نیست
6a5cbd6f89e6bfd0ee96274e,DN-0080,5 GHz,,6MBit/s,28,-96,6,https://mikrotik.com/product/sxtsq_5_high_power,بازه‌ی دقیقِ مگاهرتز در صفحه نیامده، فقط «5 GHz»
6a5cbd6f89e6bfd0ee96274e,DN-0080,5 GHz,,54MBit/s,25,-80,54,https://mikrotik.com/product/sxtsq_5_high_power,بازه‌ی دقیقِ مگاهرتز در صفحه نیامده، فقط «5 GHz»
6a5cbd6f89e6bfd0ee96274e,DN-0080,5 GHz,,MCS0,28,-96,,https://mikrotik.com/product/sxtsq_5_high_power,بازه‌ی دقیقِ مگاهرتز در صفحه نیامده؛ Mbps جداگانه برایِ MCS هم نیست
6a5cbd6f89e6bfd0ee96274e,DN-0080,5 GHz,,MCS7,24,-75,,https://mikrotik.com/product/sxtsq_5_high_power,بازه‌ی دقیقِ مگاهرتز در صفحه نیامده؛ Mbps جداگانه برایِ MCS هم نیست
6a5cbd7f89e6bfd0ee96275d,DN-0070,5150-5875,,6MBit/s,25,-96,6,https://mikrotik.com/product/RBSXTsq5nD,
6a5cbd7f89e6bfd0ee96275d,DN-0070,5150-5875,,54MBit/s,20,-80,54,https://mikrotik.com/product/RBSXTsq5nD,
6a5cbd7f89e6bfd0ee96275d,DN-0070,5150-5875,,MCS0,25,-96,,https://mikrotik.com/product/RBSXTsq5nD,Mbps جداگانه برایِ MCS در این جدول نیست
6a5cbd7f89e6bfd0ee96275d,DN-0070,5150-5875,,MCS7,19,-75,,https://mikrotik.com/product/RBSXTsq5nD,Mbps جداگانه برایِ MCS در این جدول نیست
6a8962fd12e497ee86649087,DN-0100,5 GHz,,6MBit/s,24,-96,6,https://mikrotik.com/product/sxtsq_5ax,بازه‌ی دقیقِ مگاهرتز در صفحه نیامده، فقط «5 GHz»
6a8962fd12e497ee86649087,DN-0100,5 GHz,,54MBit/s,21,-80,54,https://mikrotik.com/product/sxtsq_5ax,بازه‌ی دقیقِ مگاهرتز در صفحه نیامده، فقط «5 GHz»
6a8962fd12e497ee86649087,DN-0100,5 GHz,,MCS0,24,-96,,https://mikrotik.com/product/sxtsq_5ax,بازه‌ی دقیقِ مگاهرتز در صفحه نیامده؛ Mbps جداگانه برایِ MCS هم نیست
6a8962fd12e497ee86649087,DN-0100,5 GHz,,MCS7,20,-75,,https://mikrotik.com/product/sxtsq_5ax,بازه‌ی دقیقِ مگاهرتز در صفحه نیامده؛ Mbps جداگانه برایِ MCS هم نیست
6a8962fd12e497ee86649087,DN-0100,5 GHz,,MCS9,18,-70,,https://mikrotik.com/product/sxtsq_5ax,بازه‌ی دقیقِ مگاهرتز در صفحه نیامده؛ Mbps جداگانه برایِ MCS هم نیست
6a8962fd12e497ee86649087,DN-0100,5 GHz,,MCS11,16,-67,,https://mikrotik.com/product/sxtsq_5ax,بازه‌ی دقیقِ مگاهرتز در صفحه نیامده؛ Mbps جداگانه برایِ MCS هم نیست؛ جدولِ 2.4GHz در همین صفحه هست ولی همه‌ی خانه‌هایِ Tx/Rx آن در HTML خالی‌اند، پس ردیفی برایِ 2.4GHz ساخته نشد
6a5cbe2f89e6bfd0ee962803,DN-0190,2.4 GHz,,1MBit/s,30,-100,1,https://mikrotik.com/product/sxtsq_lite2,جدولِ «Transmit Power & Receive Sensitivity» صفحهٔ سازنده؛ پهنای کانال در جدول نیامده. نرخِ فیزیکی (از خودِ برچسب).
6a5cbe2f89e6bfd0ee962803,DN-0190,2.4 GHz,,11MBit/s,30,-93,11,https://mikrotik.com/product/sxtsq_lite2,جدولِ «Transmit Power & Receive Sensitivity» صفحهٔ سازنده؛ پهنای کانال در جدول نیامده. نرخِ فیزیکی (از خودِ برچسب).
6a5cbe2f89e6bfd0ee962803,DN-0190,2.4 GHz,,6MBit/s,30,-94,6,https://mikrotik.com/product/sxtsq_lite2,جدولِ «Transmit Power & Receive Sensitivity» صفحهٔ سازنده؛ پهنای کانال در جدول نیامده. نرخِ فیزیکی (از خودِ برچسب).
6a5cbe2f89e6bfd0ee962803,DN-0190,2.4 GHz,,54MBit/s,26,-80,54,https://mikrotik.com/product/sxtsq_lite2,جدولِ «Transmit Power & Receive Sensitivity» صفحهٔ سازنده؛ پهنای کانال در جدول نیامده. نرخِ فیزیکی (از خودِ برچسب).
6a5cbe2f89e6bfd0ee962803,DN-0190,2.4 GHz,,MCS0,30,-94,,https://mikrotik.com/product/sxtsq_lite2,جدولِ «Transmit Power & Receive Sensitivity» صفحهٔ سازنده؛ پهنای کانال در جدول نیامده. سازنده سرعتِ جدا برای این ردیف نداده.
6a5cbe2f89e6bfd0ee962803,DN-0190,2.4 GHz,,MCS7,25,-75,,https://mikrotik.com/product/sxtsq_lite2,جدولِ «Transmit Power & Receive Sensitivity» صفحهٔ سازنده؛ پهنای کانال در جدول نیامده. سازنده سرعتِ جدا برای این ردیف نداده.
6a5cbe2c89e6bfd0ee962800,DN-0189,5150-5875,,6MBit/s,30,-96,6,https://mikrotik.com/product/RBSXTG-5HPnD-SAr2,جدولِ «Transmit Power & Receive Sensitivity» صفحهٔ سازنده؛ پهنای کانال در جدول نیامده. نرخِ فیزیکی (از خودِ برچسب).
6a5cbe2c89e6bfd0ee962800,DN-0189,5150-5875,,54MBit/s,27,-80,54,https://mikrotik.com/product/RBSXTG-5HPnD-SAr2,جدولِ «Transmit Power & Receive Sensitivity» صفحهٔ سازنده؛ پهنای کانال در جدول نیامده. نرخِ فیزیکی (از خودِ برچسب).
6a5cbe2c89e6bfd0ee962800,DN-0189,5150-5875,,MCS0,30,-95,,https://mikrotik.com/product/RBSXTG-5HPnD-SAr2,جدولِ «Transmit Power & Receive Sensitivity» صفحهٔ سازنده؛ پهنای کانال در جدول نیامده. سازنده سرعتِ جدا برای این ردیف نداده.
6a5cbe2c89e6bfd0ee962800,DN-0189,5150-5875,,MCS7,26,-73,,https://mikrotik.com/product/RBSXTG-5HPnD-SAr2,جدولِ «Transmit Power & Receive Sensitivity» صفحهٔ سازنده؛ پهنای کانال در جدول نیامده. سازنده سرعتِ جدا برای این ردیف نداده.
6a5cbd8989e6bfd0ee962767,DN-0191,5150-5875,,6MBit/s,30,-96,6,https://mikrotik.com/product/RB912UAG-5HPnD,جدولِ «Transmit Power & Receive Sensitivity» صفحهٔ سازنده؛ پهنای کانال در جدول نیامده. نرخِ فیزیکی (از خودِ برچسب).
6a5cbd8989e6bfd0ee962767,DN-0191,5150-5875,,54MBit/s,27,-78,54,https://mikrotik.com/product/RB912UAG-5HPnD,جدولِ «Transmit Power & Receive Sensitivity» صفحهٔ سازنده؛ پهنای کانال در جدول نیامده. نرخِ فیزیکی (از خودِ برچسب).
6a5cbd8989e6bfd0ee962767,DN-0191,5150-5875,,MCS0,30,-96,,https://mikrotik.com/product/RB912UAG-5HPnD,جدولِ «Transmit Power & Receive Sensitivity» صفحهٔ سازنده؛ پهنای کانال در جدول نیامده. سازنده سرعتِ جدا برای این ردیف نداده.
6a5cbd8989e6bfd0ee962767,DN-0191,5150-5875,,MCS7,26,-75,,https://mikrotik.com/product/RB912UAG-5HPnD,جدولِ «Transmit Power & Receive Sensitivity» صفحهٔ سازنده؛ پهنای کانال در جدول نیامده. سازنده سرعتِ جدا برای این ردیف نداده.
6a5cbe5d89e6bfd0ee96282e,DN-0219,5725-5850,,11a 1-24 Mbps,25,-97,,https://dl.ui.com/datasheets/airgridm/airGrid_HP.pdf,دیتاشیت AG-HP-5G27 (جدولِ TX/RX Power Specifications)، تولرانس ±2dB؛ پهنای کانال در جدول نیامده. برچسبِ بازهٔ نرخ است؛ سازنده برایِ این ردیف یک سرعتِ واحد نداده -> rate_mbps خالی؛ حساسیت «min».
6a5cbe5d89e6bfd0ee96282e,DN-0219,5725-5850,,11a 36 Mbps,24,-90,36,https://dl.ui.com/datasheets/airgridm/airGrid_HP.pdf,دیتاشیت AG-HP-5G27 (جدولِ TX/RX Power Specifications)، تولرانس ±2dB؛ پهنای کانال در جدول نیامده. نرخِ فیزیکیِ 802.11a.
6a5cbe5d89e6bfd0ee96282e,DN-0219,5725-5850,,11a 48 Mbps,22,-86,48,https://dl.ui.com/datasheets/airgridm/airGrid_HP.pdf,دیتاشیت AG-HP-5G27 (جدولِ TX/RX Power Specifications)، تولرانس ±2dB؛ پهنای کانال در جدول نیامده. نرخِ فیزیکیِ 802.11a.
6a5cbe5d89e6bfd0ee96282e,DN-0219,5725-5850,,11a 54 Mbps,21,-84,54,https://dl.ui.com/datasheets/airgridm/airGrid_HP.pdf,دیتاشیت AG-HP-5G27 (جدولِ TX/RX Power Specifications)، تولرانس ±2dB؛ پهنای کانال در جدول نیامده. نرخِ فیزیکیِ 802.11a.
6a5cbe5d89e6bfd0ee96282e,DN-0219,5725-5850,,MCS0 (11n/airMAX),25,-97,,https://dl.ui.com/datasheets/airgridm/airGrid_HP.pdf,دیتاشیت AG-HP-5G27 (جدولِ TX/RX Power Specifications)، تولرانس ±2dB؛ پهنای کانال در جدول نیامده. برچسبِ MCS؛ سازنده Mbps نداده -> rate_mbps خالی.
6a5cbe5d89e6bfd0ee96282e,DN-0219,5725-5850,,MCS1 (11n/airMAX),25,-96,,https://dl.ui.com/datasheets/airgridm/airGrid_HP.pdf,دیتاشیت AG-HP-5G27 (جدولِ TX/RX Power Specifications)، تولرانس ±2dB؛ پهنای کانال در جدول نیامده. برچسبِ MCS؛ سازنده Mbps نداده -> rate_mbps خالی.
6a5cbe5d89e6bfd0ee96282e,DN-0219,5725-5850,,MCS2 (11n/airMAX),25,-93,,https://dl.ui.com/datasheets/airgridm/airGrid_HP.pdf,دیتاشیت AG-HP-5G27 (جدولِ TX/RX Power Specifications)، تولرانس ±2dB؛ پهنای کانال در جدول نیامده. برچسبِ MCS؛ سازنده Mbps نداده -> rate_mbps خالی.
6a5cbe5d89e6bfd0ee96282e,DN-0219,5725-5850,,MCS3 (11n/airMAX),24,-91,,https://dl.ui.com/datasheets/airgridm/airGrid_HP.pdf,دیتاشیت AG-HP-5G27 (جدولِ TX/RX Power Specifications)، تولرانس ±2dB؛ پهنای کانال در جدول نیامده. برچسبِ MCS؛ سازنده Mbps نداده -> rate_mbps خالی.
6a5cbe5d89e6bfd0ee96282e,DN-0219,5725-5850,,MCS4 (11n/airMAX),23,-87,,https://dl.ui.com/datasheets/airgridm/airGrid_HP.pdf,دیتاشیت AG-HP-5G27 (جدولِ TX/RX Power Specifications)، تولرانس ±2dB؛ پهنای کانال در جدول نیامده. برچسبِ MCS؛ سازنده Mbps نداده -> rate_mbps خالی.
6a5cbe5d89e6bfd0ee96282e,DN-0219,5725-5850,,MCS5 (11n/airMAX),22,-84,,https://dl.ui.com/datasheets/airgridm/airGrid_HP.pdf,دیتاشیت AG-HP-5G27 (جدولِ TX/RX Power Specifications)، تولرانس ±2dB؛ پهنای کانال در جدول نیامده. برچسبِ MCS؛ سازنده Mbps نداده -> rate_mbps خالی.
6a5cbe5d89e6bfd0ee96282e,DN-0219,5725-5850,,MCS6 (11n/airMAX),21,-78,,https://dl.ui.com/datasheets/airgridm/airGrid_HP.pdf,دیتاشیت AG-HP-5G27 (جدولِ TX/RX Power Specifications)، تولرانس ±2dB؛ پهنای کانال در جدول نیامده. برچسبِ MCS؛ سازنده Mbps نداده -> rate_mbps خالی.
6a5cbe5d89e6bfd0ee96282e,DN-0219,5725-5850,,MCS7 (11n/airMAX),19,-75,,https://dl.ui.com/datasheets/airgridm/airGrid_HP.pdf,دیتاشیت AG-HP-5G27 (جدولِ TX/RX Power Specifications)، تولرانس ±2dB؛ پهنای کانال در جدول نیامده. برچسبِ MCS؛ سازنده Mbps نداده -> rate_mbps خالی.
6a5cbe5589e6bfd0ee962827,DN-0226,4800-6200,10,12x 4096QAM,12-15,-56,138.24,https://dl.ui.com/datasheets/airfiber/airFiber_5XHD_DS.pdf,حساسیت: جدولِ Receive Sensitivity (ص۹ دیتاشیت). TX: ستونِ «Suggested Max. TX Power» (ص۹) که برایِ این نرخ محدوده است و عینِ متنِ سازنده آمد؛ مستقل از پهنایِ کانال. rate_mbps: «TDD Capacity» ردیفِ «4096QAM MIMO» (ص۱۰)، مقدارِ Aggregate = Upload+Download، برایِ فریمِ ۲ms -> ظرفیتِ واقعیِ TDD است، نه نرخِ فیزیکی؛ تطبیقِ 1x..12x با ردیف‌هایِ ظرفیت از روی ترتیب و نسبتِ اعداد (۱:۲:۴:۶:۸:۱۰:۱۲) است، دیتاشیت صریحاً نام‌ها را به هم وصل نکرده.
6a5cbe5589e6bfd0ee962827,DN-0226,4800-6200,20,12x 4096QAM,12-15,-53,291.84,https://dl.ui.com/datasheets/airfiber/airFiber_5XHD_DS.pdf,حساسیت: جدولِ Receive Sensitivity (ص۹ دیتاشیت). TX: ستونِ «Suggested Max. TX Power» (ص۹) که برایِ این نرخ محدوده است و عینِ متنِ سازنده آمد؛ مستقل از پهنایِ کانال. rate_mbps: «TDD Capacity» ردیفِ «4096QAM MIMO» (ص۱۰)، مقدارِ Aggregate = Upload+Download، برایِ فریمِ ۲ms -> ظرفیتِ واقعیِ TDD است، نه نرخِ فیزیکی؛ تطبیقِ 1x..12x با ردیف‌هایِ ظرفیت از روی ترتیب و نسبتِ اعداد (۱:۲:۴:۶:۸:۱۰:۱۲) است، دیتاشیت صریحاً نام‌ها را به هم وصل نکرده.
6a5cbe5589e6bfd0ee962827,DN-0226,4800-6200,30,12x 4096QAM,12-15,-51,437.76,https://dl.ui.com/datasheets/airfiber/airFiber_5XHD_DS.pdf,حساسیت: جدولِ Receive Sensitivity (ص۹ دیتاشیت). TX: ستونِ «Suggested Max. TX Power» (ص۹) که برایِ این نرخ محدوده است و عینِ متنِ سازنده آمد؛ مستقل از پهنایِ کانال. rate_mbps: «TDD Capacity» ردیفِ «4096QAM MIMO» (ص۱۰)، مقدارِ Aggregate = Upload+Download، برایِ فریمِ ۲ms -> ظرفیتِ واقعیِ TDD است، نه نرخِ فیزیکی؛ تطبیقِ 1x..12x با ردیف‌هایِ ظرفیت از روی ترتیب و نسبتِ اعداد (۱:۲:۴:۶:۸:۱۰:۱۲) است، دیتاشیت صریحاً نام‌ها را به هم وصل نکرده.
6a5cbe5589e6bfd0ee962827,DN-0226,4800-6200,40,12x 4096QAM,12-15,-49,583.68,https://dl.ui.com/datasheets/airfiber/airFiber_5XHD_DS.pdf,حساسیت: جدولِ Receive Sensitivity (ص۹ دیتاشیت). TX: ستونِ «Suggested Max. TX Power» (ص۹) که برایِ این نرخ محدوده است و عینِ متنِ سازنده آمد؛ مستقل از پهنایِ کانال. rate_mbps: «TDD Capacity» ردیفِ «4096QAM MIMO» (ص۱۰)، مقدارِ Aggregate = Upload+Download، برایِ فریمِ ۲ms -> ظرفیتِ واقعیِ TDD است، نه نرخِ فیزیکی؛ تطبیقِ 1x..12x با ردیف‌هایِ ظرفیت از روی ترتیب و نسبتِ اعداد (۱:۲:۴:۶:۸:۱۰:۱۲) است، دیتاشیت صریحاً نام‌ها را به هم وصل نکرده.
6a5cbe5589e6bfd0ee962827,DN-0226,4800-6200,50,12x 4096QAM,12-15,-47,714.24,https://dl.ui.com/datasheets/airfiber/airFiber_5XHD_DS.pdf,حساسیت: جدولِ Receive Sensitivity (ص۹ دیتاشیت). TX: ستونِ «Suggested Max. TX Power» (ص۹) که برایِ این نرخ محدوده است و عینِ متنِ سازنده آمد؛ مستقل از پهنایِ کانال. rate_mbps: «TDD Capacity» ردیفِ «4096QAM MIMO» (ص۱۰)، مقدارِ Aggregate = Upload+Download، برایِ فریمِ ۲ms -> ظرفیتِ واقعیِ TDD است، نه نرخِ فیزیکی؛ تطبیقِ 1x..12x با ردیف‌هایِ ظرفیت از روی ترتیب و نسبتِ اعداد (۱:۲:۴:۶:۸:۱۰:۱۲) است، دیتاشیت صریحاً نام‌ها را به هم وصل نکرده.
6a5cbe5589e6bfd0ee962827,DN-0226,4800-6200,60,12x 4096QAM,12-15,-44,844.80,https://dl.ui.com/datasheets/airfiber/airFiber_5XHD_DS.pdf,حساسیت: جدولِ Receive Sensitivity (ص۹ دیتاشیت). TX: ستونِ «Suggested Max. TX Power» (ص۹) که برایِ این نرخ محدوده است و عینِ متنِ سازنده آمد؛ مستقل از پهنایِ کانال. rate_mbps: «TDD Capacity» ردیفِ «4096QAM MIMO» (ص۱۰)، مقدارِ Aggregate = Upload+Download، برایِ فریمِ ۲ms -> ظرفیتِ واقعیِ TDD است، نه نرخِ فیزیکی؛ تطبیقِ 1x..12x با ردیف‌هایِ ظرفیت از روی ترتیب و نسبتِ اعداد (۱:۲:۴:۶:۸:۱۰:۱۲) است، دیتاشیت صریحاً نام‌ها را به هم وصل نکرده.
6a5cbe5589e6bfd0ee962827,DN-0226,4800-6200,80,12x 4096QAM,12-15,-42,1090.56,https://dl.ui.com/datasheets/airfiber/airFiber_5XHD_DS.pdf,حساسیت: جدولِ Receive Sensitivity (ص۹ دیتاشیت). TX: ستونِ «Suggested Max. TX Power» (ص۹) که برایِ این نرخ محدوده است و عینِ متنِ سازنده آمد؛ مستقل از پهنایِ کانال. rate_mbps: «TDD Capacity» ردیفِ «4096QAM MIMO» (ص۱۰)، مقدارِ Aggregate = Upload+Download، برایِ فریمِ ۲ms -> ظرفیتِ واقعیِ TDD است، نه نرخِ فیزیکی؛ تطبیقِ 1x..12x با ردیف‌هایِ ظرفیت از روی ترتیب و نسبتِ اعداد (۱:۲:۴:۶:۸:۱۰:۱۲) است، دیتاشیت صریحاً نام‌ها را به هم وصل نکرده.
6a5cbe5589e6bfd0ee962827,DN-0226,4800-6200,100,12x 4096QAM,12-15,-39,1313.28,https://dl.ui.com/datasheets/airfiber/airFiber_5XHD_DS.pdf,حساسیت: جدولِ Receive Sensitivity (ص۹ دیتاشیت). TX: ستونِ «Suggested Max. TX Power» (ص۹) که برایِ این نرخ محدوده است و عینِ متنِ سازنده آمد؛ مستقل از پهنایِ کانال. rate_mbps: «TDD Capacity» ردیفِ «4096QAM MIMO» (ص۱۰)، مقدارِ Aggregate = Upload+Download، برایِ فریمِ ۲ms -> ظرفیتِ واقعیِ TDD است، نه نرخِ فیزیکی؛ تطبیقِ 1x..12x با ردیف‌هایِ ظرفیت از روی ترتیب و نسبتِ اعداد (۱:۲:۴:۶:۸:۱۰:۱۲) است، دیتاشیت صریحاً نام‌ها را به هم وصل نکرده.
6a5cbe5589e6bfd0ee962827,DN-0226,4800-6200,10,10x 1024QAM,19-20,-66,115.20,https://dl.ui.com/datasheets/airfiber/airFiber_5XHD_DS.pdf,حساسیت: جدولِ Receive Sensitivity (ص۹ دیتاشیت). TX: ستونِ «Suggested Max. TX Power» (ص۹) که برایِ این نرخ محدوده است و عینِ متنِ سازنده آمد؛ مستقل از پهنایِ کانال. rate_mbps: «TDD Capacity» ردیفِ «1024QAM MIMO» (ص۱۰)، مقدارِ Aggregate = Upload+Download، برایِ فریمِ ۲ms -> ظرفیتِ واقعیِ TDD است، نه نرخِ فیزیکی؛ تطبیقِ 1x..12x با ردیف‌هایِ ظرفیت از روی ترتیب و نسبتِ اعداد (۱:۲:۴:۶:۸:۱۰:۱۲) است، دیتاشیت صریحاً نام‌ها را به هم وصل نکرده.
6a5cbe5589e6bfd0ee962827,DN-0226,4800-6200,20,10x 1024QAM,19-20,-63,243.20,https://dl.ui.com/datasheets/airfiber/airFiber_5XHD_DS.pdf,حساسیت: جدولِ Receive Sensitivity (ص۹ دیتاشیت). TX: ستونِ «Suggested Max. TX Power» (ص۹) که برایِ این نرخ محدوده است و عینِ متنِ سازنده آمد؛ مستقل از پهنایِ کانال. rate_mbps: «TDD Capacity» ردیفِ «1024QAM MIMO» (ص۱۰)، مقدارِ Aggregate = Upload+Download، برایِ فریمِ ۲ms -> ظرفیتِ واقعیِ TDD است، نه نرخِ فیزیکی؛ تطبیقِ 1x..12x با ردیف‌هایِ ظرفیت از روی ترتیب و نسبتِ اعداد (۱:۲:۴:۶:۸:۱۰:۱۲) است، دیتاشیت صریحاً نام‌ها را به هم وصل نکرده.
6a5cbe5589e6bfd0ee962827,DN-0226,4800-6200,30,10x 1024QAM,19-20,-61,364.80,https://dl.ui.com/datasheets/airfiber/airFiber_5XHD_DS.pdf,حساسیت: جدولِ Receive Sensitivity (ص۹ دیتاشیت). TX: ستونِ «Suggested Max. TX Power» (ص۹) که برایِ این نرخ محدوده است و عینِ متنِ سازنده آمد؛ مستقل از پهنایِ کانال. rate_mbps: «TDD Capacity» ردیفِ «1024QAM MIMO» (ص۱۰)، مقدارِ Aggregate = Upload+Download، برایِ فریمِ ۲ms -> ظرفیتِ واقعیِ TDD است، نه نرخِ فیزیکی؛ تطبیقِ 1x..12x با ردیف‌هایِ ظرفیت از روی ترتیب و نسبتِ اعداد (۱:۲:۴:۶:۸:۱۰:۱۲) است، دیتاشیت صریحاً نام‌ها را به هم وصل نکرده.
6a5cbe5589e6bfd0ee962827,DN-0226,4800-6200,40,10x 1024QAM,19-20,-59,486.40,https://dl.ui.com/datasheets/airfiber/airFiber_5XHD_DS.pdf,حساسیت: جدولِ Receive Sensitivity (ص۹ دیتاشیت). TX: ستونِ «Suggested Max. TX Power» (ص۹) که برایِ این نرخ محدوده است و عینِ متنِ سازنده آمد؛ مستقل از پهنایِ کانال. rate_mbps: «TDD Capacity» ردیفِ «1024QAM MIMO» (ص۱۰)، مقدارِ Aggregate = Upload+Download، برایِ فریمِ ۲ms -> ظرفیتِ واقعیِ TDD است، نه نرخِ فیزیکی؛ تطبیقِ 1x..12x با ردیف‌هایِ ظرفیت از روی ترتیب و نسبتِ اعداد (۱:۲:۴:۶:۸:۱۰:۱۲) است، دیتاشیت صریحاً نام‌ها را به هم وصل نکرده.
6a5cbe5589e6bfd0ee962827,DN-0226,4800-6200,50,10x 1024QAM,19-20,-57,595.20,https://dl.ui.com/datasheets/airfiber/airFiber_5XHD_DS.pdf,حساسیت: جدولِ Receive Sensitivity (ص۹ دیتاشیت). TX: ستونِ «Suggested Max. TX Power» (ص۹) که برایِ این نرخ محدوده است و عینِ متنِ سازنده آمد؛ مستقل از پهنایِ کانال. rate_mbps: «TDD Capacity» ردیفِ «1024QAM MIMO» (ص۱۰)، مقدارِ Aggregate = Upload+Download، برایِ فریمِ ۲ms -> ظرفیتِ واقعیِ TDD است، نه نرخِ فیزیکی؛ تطبیقِ 1x..12x با ردیف‌هایِ ظرفیت از روی ترتیب و نسبتِ اعداد (۱:۲:۴:۶:۸:۱۰:۱۲) است، دیتاشیت صریحاً نام‌ها را به هم وصل نکرده.
6a5cbe5589e6bfd0ee962827,DN-0226,4800-6200,60,10x 1024QAM,19-20,-55,704.00,https://dl.ui.com/datasheets/airfiber/airFiber_5XHD_DS.pdf,حساسیت: جدولِ Receive Sensitivity (ص۹ دیتاشیت). TX: ستونِ «Suggested Max. TX Power» (ص۹) که برایِ این نرخ محدوده است و عینِ متنِ سازنده آمد؛ مستقل از پهنایِ کانال. rate_mbps: «TDD Capacity» ردیفِ «1024QAM MIMO» (ص۱۰)، مقدارِ Aggregate = Upload+Download، برایِ فریمِ ۲ms -> ظرفیتِ واقعیِ TDD است، نه نرخِ فیزیکی؛ تطبیقِ 1x..12x با ردیف‌هایِ ظرفیت از روی ترتیب و نسبتِ اعداد (۱:۲:۴:۶:۸:۱۰:۱۲) است، دیتاشیت صریحاً نام‌ها را به هم وصل نکرده.
6a5cbe5589e6bfd0ee962827,DN-0226,4800-6200,80,10x 1024QAM,19-20,-53,908.80,https://dl.ui.com/datasheets/airfiber/airFiber_5XHD_DS.pdf,حساسیت: جدولِ Receive Sensitivity (ص۹ دیتاشیت). TX: ستونِ «Suggested Max. TX Power» (ص۹) که برایِ این نرخ محدوده است و عینِ متنِ سازنده آمد؛ مستقل از پهنایِ کانال. rate_mbps: «TDD Capacity» ردیفِ «1024QAM MIMO» (ص۱۰)، مقدارِ Aggregate = Upload+Download، برایِ فریمِ ۲ms -> ظرفیتِ واقعیِ TDD است، نه نرخِ فیزیکی؛ تطبیقِ 1x..12x با ردیف‌هایِ ظرفیت از روی ترتیب و نسبتِ اعداد (۱:۲:۴:۶:۸:۱۰:۱۲) است، دیتاشیت صریحاً نام‌ها را به هم وصل نکرده.
6a5cbe5589e6bfd0ee962827,DN-0226,4800-6200,100,10x 1024QAM,19-20,-51,1094.40,https://dl.ui.com/datasheets/airfiber/airFiber_5XHD_DS.pdf,حساسیت: جدولِ Receive Sensitivity (ص۹ دیتاشیت). TX: ستونِ «Suggested Max. TX Power» (ص۹) که برایِ این نرخ محدوده است و عینِ متنِ سازنده آمد؛ مستقل از پهنایِ کانال. rate_mbps: «TDD Capacity» ردیفِ «1024QAM MIMO» (ص۱۰)، مقدارِ Aggregate = Upload+Download، برایِ فریمِ ۲ms -> ظرفیتِ واقعیِ TDD است، نه نرخِ فیزیکی؛ تطبیقِ 1x..12x با ردیف‌هایِ ظرفیت از روی ترتیب و نسبتِ اعداد (۱:۲:۴:۶:۸:۱۰:۱۲) است، دیتاشیت صریحاً نام‌ها را به هم وصل نکرده.
6a5cbe5589e6bfd0ee962827,DN-0226,4800-6200,10,8x 256QAM,21-22,-72,92.16,https://dl.ui.com/datasheets/airfiber/airFiber_5XHD_DS.pdf,حساسیت: جدولِ Receive Sensitivity (ص۹ دیتاشیت). TX: ستونِ «Suggested Max. TX Power» (ص۹) که برایِ این نرخ محدوده است و عینِ متنِ سازنده آمد؛ مستقل از پهنایِ کانال. rate_mbps: «TDD Capacity» ردیفِ «256QAM MIMO» (ص۱۰)، مقدارِ Aggregate = Upload+Download، برایِ فریمِ ۲ms -> ظرفیتِ واقعیِ TDD است، نه نرخِ فیزیکی؛ تطبیقِ 1x..12x با ردیف‌هایِ ظرفیت از روی ترتیب و نسبتِ اعداد (۱:۲:۴:۶:۸:۱۰:۱۲) است، دیتاشیت صریحاً نام‌ها را به هم وصل نکرده.
6a5cbe5589e6bfd0ee962827,DN-0226,4800-6200,20,8x 256QAM,21-22,-69,194.56,https://dl.ui.com/datasheets/airfiber/airFiber_5XHD_DS.pdf,حساسیت: جدولِ Receive Sensitivity (ص۹ دیتاشیت). TX: ستونِ «Suggested Max. TX Power» (ص۹) که برایِ این نرخ محدوده است و عینِ متنِ سازنده آمد؛ مستقل از پهنایِ کانال. rate_mbps: «TDD Capacity» ردیفِ «256QAM MIMO» (ص۱۰)، مقدارِ Aggregate = Upload+Download، برایِ فریمِ ۲ms -> ظرفیتِ واقعیِ TDD است، نه نرخِ فیزیکی؛ تطبیقِ 1x..12x با ردیف‌هایِ ظرفیت از روی ترتیب و نسبتِ اعداد (۱:۲:۴:۶:۸:۱۰:۱۲) است، دیتاشیت صریحاً نام‌ها را به هم وصل نکرده.
6a5cbe5589e6bfd0ee962827,DN-0226,4800-6200,30,8x 256QAM,21-22,-67,291.84,https://dl.ui.com/datasheets/airfiber/airFiber_5XHD_DS.pdf,حساسیت: جدولِ Receive Sensitivity (ص۹ دیتاشیت). TX: ستونِ «Suggested Max. TX Power» (ص۹) که برایِ این نرخ محدوده است و عینِ متنِ سازنده آمد؛ مستقل از پهنایِ کانال. rate_mbps: «TDD Capacity» ردیفِ «256QAM MIMO» (ص۱۰)، مقدارِ Aggregate = Upload+Download، برایِ فریمِ ۲ms -> ظرفیتِ واقعیِ TDD است، نه نرخِ فیزیکی؛ تطبیقِ 1x..12x با ردیف‌هایِ ظرفیت از روی ترتیب و نسبتِ اعداد (۱:۲:۴:۶:۸:۱۰:۱۲) است، دیتاشیت صریحاً نام‌ها را به هم وصل نکرده.
6a5cbe5589e6bfd0ee962827,DN-0226,4800-6200,40,8x 256QAM,21-22,-65,389.12,https://dl.ui.com/datasheets/airfiber/airFiber_5XHD_DS.pdf,حساسیت: جدولِ Receive Sensitivity (ص۹ دیتاشیت). TX: ستونِ «Suggested Max. TX Power» (ص۹) که برایِ این نرخ محدوده است و عینِ متنِ سازنده آمد؛ مستقل از پهنایِ کانال. rate_mbps: «TDD Capacity» ردیفِ «256QAM MIMO» (ص۱۰)، مقدارِ Aggregate = Upload+Download، برایِ فریمِ ۲ms -> ظرفیتِ واقعیِ TDD است، نه نرخِ فیزیکی؛ تطبیقِ 1x..12x با ردیف‌هایِ ظرفیت از روی ترتیب و نسبتِ اعداد (۱:۲:۴:۶:۸:۱۰:۱۲) است، دیتاشیت صریحاً نام‌ها را به هم وصل نکرده.
6a5cbe5589e6bfd0ee962827,DN-0226,4800-6200,50,8x 256QAM,21-22,-63,476.16,https://dl.ui.com/datasheets/airfiber/airFiber_5XHD_DS.pdf,حساسیت: جدولِ Receive Sensitivity (ص۹ دیتاشیت). TX: ستونِ «Suggested Max. TX Power» (ص۹) که برایِ این نرخ محدوده است و عینِ متنِ سازنده آمد؛ مستقل از پهنایِ کانال. rate_mbps: «TDD Capacity» ردیفِ «256QAM MIMO» (ص۱۰)، مقدارِ Aggregate = Upload+Download، برایِ فریمِ ۲ms -> ظرفیتِ واقعیِ TDD است، نه نرخِ فیزیکی؛ تطبیقِ 1x..12x با ردیف‌هایِ ظرفیت از روی ترتیب و نسبتِ اعداد (۱:۲:۴:۶:۸:۱۰:۱۲) است، دیتاشیت صریحاً نام‌ها را به هم وصل نکرده.
6a5cbe5589e6bfd0ee962827,DN-0226,4800-6200,60,8x 256QAM,21-22,-61,563.20,https://dl.ui.com/datasheets/airfiber/airFiber_5XHD_DS.pdf,حساسیت: جدولِ Receive Sensitivity (ص۹ دیتاشیت). TX: ستونِ «Suggested Max. TX Power» (ص۹) که برایِ این نرخ محدوده است و عینِ متنِ سازنده آمد؛ مستقل از پهنایِ کانال. rate_mbps: «TDD Capacity» ردیفِ «256QAM MIMO» (ص۱۰)، مقدارِ Aggregate = Upload+Download، برایِ فریمِ ۲ms -> ظرفیتِ واقعیِ TDD است، نه نرخِ فیزیکی؛ تطبیقِ 1x..12x با ردیف‌هایِ ظرفیت از روی ترتیب و نسبتِ اعداد (۱:۲:۴:۶:۸:۱۰:۱۲) است، دیتاشیت صریحاً نام‌ها را به هم وصل نکرده.
6a5cbe5589e6bfd0ee962827,DN-0226,4800-6200,80,8x 256QAM,21-22,-59,727.04,https://dl.ui.com/datasheets/airfiber/airFiber_5XHD_DS.pdf,حساسیت: جدولِ Receive Sensitivity (ص۹ دیتاشیت). TX: ستونِ «Suggested Max. TX Power» (ص۹) که برایِ این نرخ محدوده است و عینِ متنِ سازنده آمد؛ مستقل از پهنایِ کانال. rate_mbps: «TDD Capacity» ردیفِ «256QAM MIMO» (ص۱۰)، مقدارِ Aggregate = Upload+Download، برایِ فریمِ ۲ms -> ظرفیتِ واقعیِ TDD است، نه نرخِ فیزیکی؛ تطبیقِ 1x..12x با ردیف‌هایِ ظرفیت از روی ترتیب و نسبتِ اعداد (۱:۲:۴:۶:۸:۱۰:۱۲) است، دیتاشیت صریحاً نام‌ها را به هم وصل نکرده.
6a5cbe5589e6bfd0ee962827,DN-0226,4800-6200,100,8x 256QAM,21-22,-57,875.52,https://dl.ui.com/datasheets/airfiber/airFiber_5XHD_DS.pdf,حساسیت: جدولِ Receive Sensitivity (ص۹ دیتاشیت). TX: ستونِ «Suggested Max. TX Power» (ص۹) که برایِ این نرخ محدوده است و عینِ متنِ سازنده آمد؛ مستقل از پهنایِ کانال. rate_mbps: «TDD Capacity» ردیفِ «256QAM MIMO» (ص۱۰)، مقدارِ Aggregate = Upload+Download، برایِ فریمِ ۲ms -> ظرفیتِ واقعیِ TDD است، نه نرخِ فیزیکی؛ تطبیقِ 1x..12x با ردیف‌هایِ ظرفیت از روی ترتیب و نسبتِ اعداد (۱:۲:۴:۶:۸:۱۰:۱۲) است، دیتاشیت صریحاً نام‌ها را به هم وصل نکرده.
6a5cbe5589e6bfd0ee962827,DN-0226,4800-6200,10,6x 64QAM,23-24,-78,69.12,https://dl.ui.com/datasheets/airfiber/airFiber_5XHD_DS.pdf,حساسیت: جدولِ Receive Sensitivity (ص۹ دیتاشیت). TX: ستونِ «Suggested Max. TX Power» (ص۹) که برایِ این نرخ محدوده است و عینِ متنِ سازنده آمد؛ مستقل از پهنایِ کانال. rate_mbps: «TDD Capacity» ردیفِ «64QAM MIMO» (ص۱۰)، مقدارِ Aggregate = Upload+Download، برایِ فریمِ ۲ms -> ظرفیتِ واقعیِ TDD است، نه نرخِ فیزیکی؛ تطبیقِ 1x..12x با ردیف‌هایِ ظرفیت از روی ترتیب و نسبتِ اعداد (۱:۲:۴:۶:۸:۱۰:۱۲) است، دیتاشیت صریحاً نام‌ها را به هم وصل نکرده.
6a5cbe5589e6bfd0ee962827,DN-0226,4800-6200,20,6x 64QAM,23-24,-75,145.92,https://dl.ui.com/datasheets/airfiber/airFiber_5XHD_DS.pdf,حساسیت: جدولِ Receive Sensitivity (ص۹ دیتاشیت). TX: ستونِ «Suggested Max. TX Power» (ص۹) که برایِ این نرخ محدوده است و عینِ متنِ سازنده آمد؛ مستقل از پهنایِ کانال. rate_mbps: «TDD Capacity» ردیفِ «64QAM MIMO» (ص۱۰)، مقدارِ Aggregate = Upload+Download، برایِ فریمِ ۲ms -> ظرفیتِ واقعیِ TDD است، نه نرخِ فیزیکی؛ تطبیقِ 1x..12x با ردیف‌هایِ ظرفیت از روی ترتیب و نسبتِ اعداد (۱:۲:۴:۶:۸:۱۰:۱۲) است، دیتاشیت صریحاً نام‌ها را به هم وصل نکرده.
6a5cbe5589e6bfd0ee962827,DN-0226,4800-6200,30,6x 64QAM,23-24,-73,218.88,https://dl.ui.com/datasheets/airfiber/airFiber_5XHD_DS.pdf,حساسیت: جدولِ Receive Sensitivity (ص۹ دیتاشیت). TX: ستونِ «Suggested Max. TX Power» (ص۹) که برایِ این نرخ محدوده است و عینِ متنِ سازنده آمد؛ مستقل از پهنایِ کانال. rate_mbps: «TDD Capacity» ردیفِ «64QAM MIMO» (ص۱۰)، مقدارِ Aggregate = Upload+Download، برایِ فریمِ ۲ms -> ظرفیتِ واقعیِ TDD است، نه نرخِ فیزیکی؛ تطبیقِ 1x..12x با ردیف‌هایِ ظرفیت از روی ترتیب و نسبتِ اعداد (۱:۲:۴:۶:۸:۱۰:۱۲) است، دیتاشیت صریحاً نام‌ها را به هم وصل نکرده.
6a5cbe5589e6bfd0ee962827,DN-0226,4800-6200,40,6x 64QAM,23-24,-71,291.84,https://dl.ui.com/datasheets/airfiber/airFiber_5XHD_DS.pdf,حساسیت: جدولِ Receive Sensitivity (ص۹ دیتاشیت). TX: ستونِ «Suggested Max. TX Power» (ص۹) که برایِ این نرخ محدوده است و عینِ متنِ سازنده آمد؛ مستقل از پهنایِ کانال. rate_mbps: «TDD Capacity» ردیفِ «64QAM MIMO» (ص۱۰)، مقدارِ Aggregate = Upload+Download، برایِ فریمِ ۲ms -> ظرفیتِ واقعیِ TDD است، نه نرخِ فیزیکی؛ تطبیقِ 1x..12x با ردیف‌هایِ ظرفیت از روی ترتیب و نسبتِ اعداد (۱:۲:۴:۶:۸:۱۰:۱۲) است، دیتاشیت صریحاً نام‌ها را به هم وصل نکرده.
6a5cbe5589e6bfd0ee962827,DN-0226,4800-6200,50,6x 64QAM,23-24,-69,357.12,https://dl.ui.com/datasheets/airfiber/airFiber_5XHD_DS.pdf,حساسیت: جدولِ Receive Sensitivity (ص۹ دیتاشیت). TX: ستونِ «Suggested Max. TX Power» (ص۹) که برایِ این نرخ محدوده است و عینِ متنِ سازنده آمد؛ مستقل از پهنایِ کانال. rate_mbps: «TDD Capacity» ردیفِ «64QAM MIMO» (ص۱۰)، مقدارِ Aggregate = Upload+Download، برایِ فریمِ ۲ms -> ظرفیتِ واقعیِ TDD است، نه نرخِ فیزیکی؛ تطبیقِ 1x..12x با ردیف‌هایِ ظرفیت از روی ترتیب و نسبتِ اعداد (۱:۲:۴:۶:۸:۱۰:۱۲) است، دیتاشیت صریحاً نام‌ها را به هم وصل نکرده.
6a5cbe5589e6bfd0ee962827,DN-0226,4800-6200,60,6x 64QAM,23-24,-67,422.40,https://dl.ui.com/datasheets/airfiber/airFiber_5XHD_DS.pdf,حساسیت: جدولِ Receive Sensitivity (ص۹ دیتاشیت). TX: ستونِ «Suggested Max. TX Power» (ص۹) که برایِ این نرخ محدوده است و عینِ متنِ سازنده آمد؛ مستقل از پهنایِ کانال. rate_mbps: «TDD Capacity» ردیفِ «64QAM MIMO» (ص۱۰)، مقدارِ Aggregate = Upload+Download، برایِ فریمِ ۲ms -> ظرفیتِ واقعیِ TDD است، نه نرخِ فیزیکی؛ تطبیقِ 1x..12x با ردیف‌هایِ ظرفیت از روی ترتیب و نسبتِ اعداد (۱:۲:۴:۶:۸:۱۰:۱۲) است، دیتاشیت صریحاً نام‌ها را به هم وصل نکرده.
6a5cbe5589e6bfd0ee962827,DN-0226,4800-6200,80,6x 64QAM,23-24,-65,545.28,https://dl.ui.com/datasheets/airfiber/airFiber_5XHD_DS.pdf,حساسیت: جدولِ Receive Sensitivity (ص۹ دیتاشیت). TX: ستونِ «Suggested Max. TX Power» (ص۹) که برایِ این نرخ محدوده است و عینِ متنِ سازنده آمد؛ مستقل از پهنایِ کانال. rate_mbps: «TDD Capacity» ردیفِ «64QAM MIMO» (ص۱۰)، مقدارِ Aggregate = Upload+Download، برایِ فریمِ ۲ms -> ظرفیتِ واقعیِ TDD است، نه نرخِ فیزیکی؛ تطبیقِ 1x..12x با ردیف‌هایِ ظرفیت از روی ترتیب و نسبتِ اعداد (۱:۲:۴:۶:۸:۱۰:۱۲) است، دیتاشیت صریحاً نام‌ها را به هم وصل نکرده.
6a5cbe5589e6bfd0ee962827,DN-0226,4800-6200,100,6x 64QAM,23-24,-63,656.64,https://dl.ui.com/datasheets/airfiber/airFiber_5XHD_DS.pdf,حساسیت: جدولِ Receive Sensitivity (ص۹ دیتاشیت). TX: ستونِ «Suggested Max. TX Power» (ص۹) که برایِ این نرخ محدوده است و عینِ متنِ سازنده آمد؛ مستقل از پهنایِ کانال. rate_mbps: «TDD Capacity» ردیفِ «64QAM MIMO» (ص۱۰)، مقدارِ Aggregate = Upload+Download، برایِ فریمِ ۲ms -> ظرفیتِ واقعیِ TDD است، نه نرخِ فیزیکی؛ تطبیقِ 1x..12x با ردیف‌هایِ ظرفیت از روی ترتیب و نسبتِ اعداد (۱:۲:۴:۶:۸:۱۰:۱۲) است، دیتاشیت صریحاً نام‌ها را به هم وصل نکرده.
6a5cbe5589e6bfd0ee962827,DN-0226,4800-6200,10,4x 16QAM MIMO,29,-84,46.08,https://dl.ui.com/datasheets/airfiber/airFiber_5XHD_DS.pdf,حساسیت: جدولِ Receive Sensitivity (ص۹ دیتاشیت). TX: ستونِ «Suggested Max. TX Power» (ص۹) که برایِ این نرخ محدوده است و عینِ متنِ سازنده آمد؛ مستقل از پهنایِ کانال. rate_mbps: «TDD Capacity» ردیفِ «16QAM MIMO» (ص۱۰)، مقدارِ Aggregate = Upload+Download، برایِ فریمِ ۲ms -> ظرفیتِ واقعیِ TDD است، نه نرخِ فیزیکی؛ تطبیقِ 1x..12x با ردیف‌هایِ ظرفیت از روی ترتیب و نسبتِ اعداد (۱:۲:۴:۶:۸:۱۰:۱۲) است، دیتاشیت صریحاً نام‌ها را به هم وصل نکرده.
6a5cbe5589e6bfd0ee962827,DN-0226,4800-6200,20,4x 16QAM MIMO,29,-81,97.28,https://dl.ui.com/datasheets/airfiber/airFiber_5XHD_DS.pdf,حساسیت: جدولِ Receive Sensitivity (ص۹ دیتاشیت). TX: ستونِ «Suggested Max. TX Power» (ص۹) که برایِ این نرخ محدوده است و عینِ متنِ سازنده آمد؛ مستقل از پهنایِ کانال. rate_mbps: «TDD Capacity» ردیفِ «16QAM MIMO» (ص۱۰)، مقدارِ Aggregate = Upload+Download، برایِ فریمِ ۲ms -> ظرفیتِ واقعیِ TDD است، نه نرخِ فیزیکی؛ تطبیقِ 1x..12x با ردیف‌هایِ ظرفیت از روی ترتیب و نسبتِ اعداد (۱:۲:۴:۶:۸:۱۰:۱۲) است، دیتاشیت صریحاً نام‌ها را به هم وصل نکرده.
6a5cbe5589e6bfd0ee962827,DN-0226,4800-6200,30,4x 16QAM MIMO,29,-79,145.92,https://dl.ui.com/datasheets/airfiber/airFiber_5XHD_DS.pdf,حساسیت: جدولِ Receive Sensitivity (ص۹ دیتاشیت). TX: ستونِ «Suggested Max. TX Power» (ص۹) که برایِ این نرخ محدوده است و عینِ متنِ سازنده آمد؛ مستقل از پهنایِ کانال. rate_mbps: «TDD Capacity» ردیفِ «16QAM MIMO» (ص۱۰)، مقدارِ Aggregate = Upload+Download، برایِ فریمِ ۲ms -> ظرفیتِ واقعیِ TDD است، نه نرخِ فیزیکی؛ تطبیقِ 1x..12x با ردیف‌هایِ ظرفیت از روی ترتیب و نسبتِ اعداد (۱:۲:۴:۶:۸:۱۰:۱۲) است، دیتاشیت صریحاً نام‌ها را به هم وصل نکرده.
6a5cbe5589e6bfd0ee962827,DN-0226,4800-6200,40,4x 16QAM MIMO,29,-77,194.56,https://dl.ui.com/datasheets/airfiber/airFiber_5XHD_DS.pdf,حساسیت: جدولِ Receive Sensitivity (ص۹ دیتاشیت). TX: ستونِ «Suggested Max. TX Power» (ص۹) که برایِ این نرخ محدوده است و عینِ متنِ سازنده آمد؛ مستقل از پهنایِ کانال. rate_mbps: «TDD Capacity» ردیفِ «16QAM MIMO» (ص۱۰)، مقدارِ Aggregate = Upload+Download، برایِ فریمِ ۲ms -> ظرفیتِ واقعیِ TDD است، نه نرخِ فیزیکی؛ تطبیقِ 1x..12x با ردیف‌هایِ ظرفیت از روی ترتیب و نسبتِ اعداد (۱:۲:۴:۶:۸:۱۰:۱۲) است، دیتاشیت صریحاً نام‌ها را به هم وصل نکرده.
6a5cbe5589e6bfd0ee962827,DN-0226,4800-6200,50,4x 16QAM MIMO,29,-75,238.08,https://dl.ui.com/datasheets/airfiber/airFiber_5XHD_DS.pdf,حساسیت: جدولِ Receive Sensitivity (ص۹ دیتاشیت). TX: ستونِ «Suggested Max. TX Power» (ص۹) که برایِ این نرخ محدوده است و عینِ متنِ سازنده آمد؛ مستقل از پهنایِ کانال. rate_mbps: «TDD Capacity» ردیفِ «16QAM MIMO» (ص۱۰)، مقدارِ Aggregate = Upload+Download، برایِ فریمِ ۲ms -> ظرفیتِ واقعیِ TDD است، نه نرخِ فیزیکی؛ تطبیقِ 1x..12x با ردیف‌هایِ ظرفیت از روی ترتیب و نسبتِ اعداد (۱:۲:۴:۶:۸:۱۰:۱۲) است، دیتاشیت صریحاً نام‌ها را به هم وصل نکرده.
6a5cbe5589e6bfd0ee962827,DN-0226,4800-6200,60,4x 16QAM MIMO,29,-73,281.60,https://dl.ui.com/datasheets/airfiber/airFiber_5XHD_DS.pdf,حساسیت: جدولِ Receive Sensitivity (ص۹ دیتاشیت). TX: ستونِ «Suggested Max. TX Power» (ص۹) که برایِ این نرخ محدوده است و عینِ متنِ سازنده آمد؛ مستقل از پهنایِ کانال. rate_mbps: «TDD Capacity» ردیفِ «16QAM MIMO» (ص۱۰)، مقدارِ Aggregate = Upload+Download، برایِ فریمِ ۲ms -> ظرفیتِ واقعیِ TDD است، نه نرخِ فیزیکی؛ تطبیقِ 1x..12x با ردیف‌هایِ ظرفیت از روی ترتیب و نسبتِ اعداد (۱:۲:۴:۶:۸:۱۰:۱۲) است، دیتاشیت صریحاً نام‌ها را به هم وصل نکرده.
6a5cbe5589e6bfd0ee962827,DN-0226,4800-6200,80,4x 16QAM MIMO,29,-71,363.52,https://dl.ui.com/datasheets/airfiber/airFiber_5XHD_DS.pdf,حساسیت: جدولِ Receive Sensitivity (ص۹ دیتاشیت). TX: ستونِ «Suggested Max. TX Power» (ص۹) که برایِ این نرخ محدوده است و عینِ متنِ سازنده آمد؛ مستقل از پهنایِ کانال. rate_mbps: «TDD Capacity» ردیفِ «16QAM MIMO» (ص۱۰)، مقدارِ Aggregate = Upload+Download، برایِ فریمِ ۲ms -> ظرفیتِ واقعیِ TDD است، نه نرخِ فیزیکی؛ تطبیقِ 1x..12x با ردیف‌هایِ ظرفیت از روی ترتیب و نسبتِ اعداد (۱:۲:۴:۶:۸:۱۰:۱۲) است، دیتاشیت صریحاً نام‌ها را به هم وصل نکرده.
6a5cbe5589e6bfd0ee962827,DN-0226,4800-6200,100,4x 16QAM MIMO,29,-69,437.76,https://dl.ui.com/datasheets/airfiber/airFiber_5XHD_DS.pdf,حساسیت: جدولِ Receive Sensitivity (ص۹ دیتاشیت). TX: ستونِ «Suggested Max. TX Power» (ص۹) که برایِ این نرخ محدوده است و عینِ متنِ سازنده آمد؛ مستقل از پهنایِ کانال. rate_mbps: «TDD Capacity» ردیفِ «16QAM MIMO» (ص۱۰)، مقدارِ Aggregate = Upload+Download، برایِ فریمِ ۲ms -> ظرفیتِ واقعیِ TDD است، نه نرخِ فیزیکی؛ تطبیقِ 1x..12x با ردیف‌هایِ ظرفیت از روی ترتیب و نسبتِ اعداد (۱:۲:۴:۶:۸:۱۰:۱۲) است، دیتاشیت صریحاً نام‌ها را به هم وصل نکرده.
6a5cbe5589e6bfd0ee962827,DN-0226,4800-6200,10,2x QPSK MIMO,29,-88,23.04,https://dl.ui.com/datasheets/airfiber/airFiber_5XHD_DS.pdf,حساسیت: جدولِ Receive Sensitivity (ص۹ دیتاشیت). TX: ستونِ «Suggested Max. TX Power» (ص۹) که برایِ این نرخ محدوده است و عینِ متنِ سازنده آمد؛ مستقل از پهنایِ کانال. rate_mbps: «TDD Capacity» ردیفِ «QPSK MIMO» (ص۱۰)، مقدارِ Aggregate = Upload+Download، برایِ فریمِ ۲ms -> ظرفیتِ واقعیِ TDD است، نه نرخِ فیزیکی؛ تطبیقِ 1x..12x با ردیف‌هایِ ظرفیت از روی ترتیب و نسبتِ اعداد (۱:۲:۴:۶:۸:۱۰:۱۲) است، دیتاشیت صریحاً نام‌ها را به هم وصل نکرده.
6a5cbe5589e6bfd0ee962827,DN-0226,4800-6200,20,2x QPSK MIMO,29,-85,48.64,https://dl.ui.com/datasheets/airfiber/airFiber_5XHD_DS.pdf,حساسیت: جدولِ Receive Sensitivity (ص۹ دیتاشیت). TX: ستونِ «Suggested Max. TX Power» (ص۹) که برایِ این نرخ محدوده است و عینِ متنِ سازنده آمد؛ مستقل از پهنایِ کانال. rate_mbps: «TDD Capacity» ردیفِ «QPSK MIMO» (ص۱۰)، مقدارِ Aggregate = Upload+Download، برایِ فریمِ ۲ms -> ظرفیتِ واقعیِ TDD است، نه نرخِ فیزیکی؛ تطبیقِ 1x..12x با ردیف‌هایِ ظرفیت از روی ترتیب و نسبتِ اعداد (۱:۲:۴:۶:۸:۱۰:۱۲) است، دیتاشیت صریحاً نام‌ها را به هم وصل نکرده.
6a5cbe5589e6bfd0ee962827,DN-0226,4800-6200,30,2x QPSK MIMO,29,-83,72.96,https://dl.ui.com/datasheets/airfiber/airFiber_5XHD_DS.pdf,حساسیت: جدولِ Receive Sensitivity (ص۹ دیتاشیت). TX: ستونِ «Suggested Max. TX Power» (ص۹) که برایِ این نرخ محدوده است و عینِ متنِ سازنده آمد؛ مستقل از پهنایِ کانال. rate_mbps: «TDD Capacity» ردیفِ «QPSK MIMO» (ص۱۰)، مقدارِ Aggregate = Upload+Download، برایِ فریمِ ۲ms -> ظرفیتِ واقعیِ TDD است، نه نرخِ فیزیکی؛ تطبیقِ 1x..12x با ردیف‌هایِ ظرفیت از روی ترتیب و نسبتِ اعداد (۱:۲:۴:۶:۸:۱۰:۱۲) است، دیتاشیت صریحاً نام‌ها را به هم وصل نکرده.
6a5cbe5589e6bfd0ee962827,DN-0226,4800-6200,40,2x QPSK MIMO,29,-82,97.28,https://dl.ui.com/datasheets/airfiber/airFiber_5XHD_DS.pdf,حساسیت: جدولِ Receive Sensitivity (ص۹ دیتاشیت). TX: ستونِ «Suggested Max. TX Power» (ص۹) که برایِ این نرخ محدوده است و عینِ متنِ سازنده آمد؛ مستقل از پهنایِ کانال. rate_mbps: «TDD Capacity» ردیفِ «QPSK MIMO» (ص۱۰)، مقدارِ Aggregate = Upload+Download، برایِ فریمِ ۲ms -> ظرفیتِ واقعیِ TDD است، نه نرخِ فیزیکی؛ تطبیقِ 1x..12x با ردیف‌هایِ ظرفیت از روی ترتیب و نسبتِ اعداد (۱:۲:۴:۶:۸:۱۰:۱۲) است، دیتاشیت صریحاً نام‌ها را به هم وصل نکرده.
6a5cbe5589e6bfd0ee962827,DN-0226,4800-6200,50,2x QPSK MIMO,29,-81,119.04,https://dl.ui.com/datasheets/airfiber/airFiber_5XHD_DS.pdf,حساسیت: جدولِ Receive Sensitivity (ص۹ دیتاشیت). TX: ستونِ «Suggested Max. TX Power» (ص۹) که برایِ این نرخ محدوده است و عینِ متنِ سازنده آمد؛ مستقل از پهنایِ کانال. rate_mbps: «TDD Capacity» ردیفِ «QPSK MIMO» (ص۱۰)، مقدارِ Aggregate = Upload+Download، برایِ فریمِ ۲ms -> ظرفیتِ واقعیِ TDD است، نه نرخِ فیزیکی؛ تطبیقِ 1x..12x با ردیف‌هایِ ظرفیت از روی ترتیب و نسبتِ اعداد (۱:۲:۴:۶:۸:۱۰:۱۲) است، دیتاشیت صریحاً نام‌ها را به هم وصل نکرده.
6a5cbe5589e6bfd0ee962827,DN-0226,4800-6200,60,2x QPSK MIMO,29,-80,140.80,https://dl.ui.com/datasheets/airfiber/airFiber_5XHD_DS.pdf,حساسیت: جدولِ Receive Sensitivity (ص۹ دیتاشیت). TX: ستونِ «Suggested Max. TX Power» (ص۹) که برایِ این نرخ محدوده است و عینِ متنِ سازنده آمد؛ مستقل از پهنایِ کانال. rate_mbps: «TDD Capacity» ردیفِ «QPSK MIMO» (ص۱۰)، مقدارِ Aggregate = Upload+Download، برایِ فریمِ ۲ms -> ظرفیتِ واقعیِ TDD است، نه نرخِ فیزیکی؛ تطبیقِ 1x..12x با ردیف‌هایِ ظرفیت از روی ترتیب و نسبتِ اعداد (۱:۲:۴:۶:۸:۱۰:۱۲) است، دیتاشیت صریحاً نام‌ها را به هم وصل نکرده.
6a5cbe5589e6bfd0ee962827,DN-0226,4800-6200,80,2x QPSK MIMO,29,-79,181.76,https://dl.ui.com/datasheets/airfiber/airFiber_5XHD_DS.pdf,حساسیت: جدولِ Receive Sensitivity (ص۹ دیتاشیت). TX: ستونِ «Suggested Max. TX Power» (ص۹) که برایِ این نرخ محدوده است و عینِ متنِ سازنده آمد؛ مستقل از پهنایِ کانال. rate_mbps: «TDD Capacity» ردیفِ «QPSK MIMO» (ص۱۰)، مقدارِ Aggregate = Upload+Download، برایِ فریمِ ۲ms -> ظرفیتِ واقعیِ TDD است، نه نرخِ فیزیکی؛ تطبیقِ 1x..12x با ردیف‌هایِ ظرفیت از روی ترتیب و نسبتِ اعداد (۱:۲:۴:۶:۸:۱۰:۱۲) است، دیتاشیت صریحاً نام‌ها را به هم وصل نکرده.
6a5cbe5589e6bfd0ee962827,DN-0226,4800-6200,100,2x QPSK MIMO,29,-78,218.88,https://dl.ui.com/datasheets/airfiber/airFiber_5XHD_DS.pdf,حساسیت: جدولِ Receive Sensitivity (ص۹ دیتاشیت). TX: ستونِ «Suggested Max. TX Power» (ص۹) که برایِ این نرخ محدوده است و عینِ متنِ سازنده آمد؛ مستقل از پهنایِ کانال. rate_mbps: «TDD Capacity» ردیفِ «QPSK MIMO» (ص۱۰)، مقدارِ Aggregate = Upload+Download، برایِ فریمِ ۲ms -> ظرفیتِ واقعیِ TDD است، نه نرخِ فیزیکی؛ تطبیقِ 1x..12x با ردیف‌هایِ ظرفیت از روی ترتیب و نسبتِ اعداد (۱:۲:۴:۶:۸:۱۰:۱۲) است، دیتاشیت صریحاً نام‌ها را به هم وصل نکرده.
6a5cbe5589e6bfd0ee962827,DN-0226,4800-6200,10,1x ½ Rate QPSK xRT,29,-90,,https://dl.ui.com/datasheets/airfiber/airFiber_5XHD_DS.pdf,حساسیت: جدولِ Receive Sensitivity (ص۹ دیتاشیت). TX: ستونِ «Suggested Max. TX Power» (ص۹) که برایِ این نرخ محدوده است و عینِ متنِ سازنده آمد؛ مستقل از پهنایِ کانال. rate_mbps: «TDD Capacity» ردیفِ «QPSK SISO» (ص۱۰)، مقدارِ Aggregate = Upload+Download، برایِ فریمِ ۲ms -> ظرفیتِ واقعیِ TDD است، نه نرخِ فیزیکی؛ تطبیقِ 1x..12x با ردیف‌هایِ ظرفیت از روی ترتیب و نسبتِ اعداد (۱:۲:۴:۶:۸:۱۰:۱۲) است، دیتاشیت صریحاً نام‌ها را به هم وصل نکرده. | rate_mbps خالی: ردیفِ ظرفیتِ 1x در دیتاشیت نیست و «QPSK SISO» صراحتاً به 1x وصل نشده.
6a5cbe5589e6bfd0ee962827,DN-0226,4800-6200,20,1x ½ Rate QPSK xRT,29,-87,,https://dl.ui.com/datasheets/airfiber/airFiber_5XHD_DS.pdf,حساسیت: جدولِ Receive Sensitivity (ص۹ دیتاشیت). TX: ستونِ «Suggested Max. TX Power» (ص۹) که برایِ این نرخ محدوده است و عینِ متنِ سازنده آمد؛ مستقل از پهنایِ کانال. rate_mbps: «TDD Capacity» ردیفِ «QPSK SISO» (ص۱۰)، مقدارِ Aggregate = Upload+Download، برایِ فریمِ ۲ms -> ظرفیتِ واقعیِ TDD است، نه نرخِ فیزیکی؛ تطبیقِ 1x..12x با ردیف‌هایِ ظرفیت از روی ترتیب و نسبتِ اعداد (۱:۲:۴:۶:۸:۱۰:۱۲) است، دیتاشیت صریحاً نام‌ها را به هم وصل نکرده. | rate_mbps خالی: ردیفِ ظرفیتِ 1x در دیتاشیت نیست و «QPSK SISO» صراحتاً به 1x وصل نشده.
6a5cbe5589e6bfd0ee962827,DN-0226,4800-6200,30,1x ½ Rate QPSK xRT,29,-85,,https://dl.ui.com/datasheets/airfiber/airFiber_5XHD_DS.pdf,حساسیت: جدولِ Receive Sensitivity (ص۹ دیتاشیت). TX: ستونِ «Suggested Max. TX Power» (ص۹) که برایِ این نرخ محدوده است و عینِ متنِ سازنده آمد؛ مستقل از پهنایِ کانال. rate_mbps: «TDD Capacity» ردیفِ «QPSK SISO» (ص۱۰)، مقدارِ Aggregate = Upload+Download، برایِ فریمِ ۲ms -> ظرفیتِ واقعیِ TDD است، نه نرخِ فیزیکی؛ تطبیقِ 1x..12x با ردیف‌هایِ ظرفیت از روی ترتیب و نسبتِ اعداد (۱:۲:۴:۶:۸:۱۰:۱۲) است، دیتاشیت صریحاً نام‌ها را به هم وصل نکرده. | rate_mbps خالی: ردیفِ ظرفیتِ 1x در دیتاشیت نیست و «QPSK SISO» صراحتاً به 1x وصل نشده.
6a5cbe5589e6bfd0ee962827,DN-0226,4800-6200,40,1x ½ Rate QPSK xRT,29,-84,,https://dl.ui.com/datasheets/airfiber/airFiber_5XHD_DS.pdf,حساسیت: جدولِ Receive Sensitivity (ص۹ دیتاشیت). TX: ستونِ «Suggested Max. TX Power» (ص۹) که برایِ این نرخ محدوده است و عینِ متنِ سازنده آمد؛ مستقل از پهنایِ کانال. rate_mbps: «TDD Capacity» ردیفِ «QPSK SISO» (ص۱۰)، مقدارِ Aggregate = Upload+Download، برایِ فریمِ ۲ms -> ظرفیتِ واقعیِ TDD است، نه نرخِ فیزیکی؛ تطبیقِ 1x..12x با ردیف‌هایِ ظرفیت از روی ترتیب و نسبتِ اعداد (۱:۲:۴:۶:۸:۱۰:۱۲) است، دیتاشیت صریحاً نام‌ها را به هم وصل نکرده. | rate_mbps خالی: ردیفِ ظرفیتِ 1x در دیتاشیت نیست و «QPSK SISO» صراحتاً به 1x وصل نشده.
6a5cbe5589e6bfd0ee962827,DN-0226,4800-6200,50,1x ½ Rate QPSK xRT,29,-83,,https://dl.ui.com/datasheets/airfiber/airFiber_5XHD_DS.pdf,حساسیت: جدولِ Receive Sensitivity (ص۹ دیتاشیت). TX: ستونِ «Suggested Max. TX Power» (ص۹) که برایِ این نرخ محدوده است و عینِ متنِ سازنده آمد؛ مستقل از پهنایِ کانال. rate_mbps: «TDD Capacity» ردیفِ «QPSK SISO» (ص۱۰)، مقدارِ Aggregate = Upload+Download، برایِ فریمِ ۲ms -> ظرفیتِ واقعیِ TDD است، نه نرخِ فیزیکی؛ تطبیقِ 1x..12x با ردیف‌هایِ ظرفیت از روی ترتیب و نسبتِ اعداد (۱:۲:۴:۶:۸:۱۰:۱۲) است، دیتاشیت صریحاً نام‌ها را به هم وصل نکرده. | rate_mbps خالی: ردیفِ ظرفیتِ 1x در دیتاشیت نیست و «QPSK SISO» صراحتاً به 1x وصل نشده.
6a5cbe5589e6bfd0ee962827,DN-0226,4800-6200,60,1x ½ Rate QPSK xRT,29,-82,,https://dl.ui.com/datasheets/airfiber/airFiber_5XHD_DS.pdf,حساسیت: جدولِ Receive Sensitivity (ص۹ دیتاشیت). TX: ستونِ «Suggested Max. TX Power» (ص۹) که برایِ این نرخ محدوده است و عینِ متنِ سازنده آمد؛ مستقل از پهنایِ کانال. rate_mbps: «TDD Capacity» ردیفِ «QPSK SISO» (ص۱۰)، مقدارِ Aggregate = Upload+Download، برایِ فریمِ ۲ms -> ظرفیتِ واقعیِ TDD است، نه نرخِ فیزیکی؛ تطبیقِ 1x..12x با ردیف‌هایِ ظرفیت از روی ترتیب و نسبتِ اعداد (۱:۲:۴:۶:۸:۱۰:۱۲) است، دیتاشیت صریحاً نام‌ها را به هم وصل نکرده. | rate_mbps خالی: ردیفِ ظرفیتِ 1x در دیتاشیت نیست و «QPSK SISO» صراحتاً به 1x وصل نشده.
6a5cbe5589e6bfd0ee962827,DN-0226,4800-6200,80,1x ½ Rate QPSK xRT,29,-81,,https://dl.ui.com/datasheets/airfiber/airFiber_5XHD_DS.pdf,حساسیت: جدولِ Receive Sensitivity (ص۹ دیتاشیت). TX: ستونِ «Suggested Max. TX Power» (ص۹) که برایِ این نرخ محدوده است و عینِ متنِ سازنده آمد؛ مستقل از پهنایِ کانال. rate_mbps: «TDD Capacity» ردیفِ «QPSK SISO» (ص۱۰)، مقدارِ Aggregate = Upload+Download، برایِ فریمِ ۲ms -> ظرفیتِ واقعیِ TDD است، نه نرخِ فیزیکی؛ تطبیقِ 1x..12x با ردیف‌هایِ ظرفیت از روی ترتیب و نسبتِ اعداد (۱:۲:۴:۶:۸:۱۰:۱۲) است، دیتاشیت صریحاً نام‌ها را به هم وصل نکرده. | rate_mbps خالی: ردیفِ ظرفیتِ 1x در دیتاشیت نیست و «QPSK SISO» صراحتاً به 1x وصل نشده.
6a5cbe5589e6bfd0ee962827,DN-0226,4800-6200,100,1x ½ Rate QPSK xRT,29,-80,,https://dl.ui.com/datasheets/airfiber/airFiber_5XHD_DS.pdf,حساسیت: جدولِ Receive Sensitivity (ص۹ دیتاشیت). TX: ستونِ «Suggested Max. TX Power» (ص۹) که برایِ این نرخ محدوده است و عینِ متنِ سازنده آمد؛ مستقل از پهنایِ کانال. rate_mbps: «TDD Capacity» ردیفِ «QPSK SISO» (ص۱۰)، مقدارِ Aggregate = Upload+Download، برایِ فریمِ ۲ms -> ظرفیتِ واقعیِ TDD است، نه نرخِ فیزیکی؛ تطبیقِ 1x..12x با ردیف‌هایِ ظرفیت از روی ترتیب و نسبتِ اعداد (۱:۲:۴:۶:۸:۱۰:۱۲) است، دیتاشیت صریحاً نام‌ها را به هم وصل نکرده. | rate_mbps خالی: ردیفِ ظرفیتِ 1x در دیتاشیت نیست و «QPSK SISO» صراحتاً به 1x وصل نشده.
6a5cbe3189e6bfd0ee962805,DN-0018,5150-5875,,1x BPSK (1/2),24,-96,,https://dl.ubnt.com/datasheets/LiteBeam/LiteBeam_ds.pdf,دیتاشیت LBE-5AC-23 (جدولِ airMAX ac: TX/RX Power Specifications)، تولرانس ±2dB؛ پهنای کانال و Mbps در جدول نیامده -> channel_mhz و rate_mbps خالی.
6a5cbe3189e6bfd0ee962805,DN-0018,5150-5875,,2x QPSK (1/2),24,-95,,https://dl.ubnt.com/datasheets/LiteBeam/LiteBeam_ds.pdf,دیتاشیت LBE-5AC-23 (جدولِ airMAX ac: TX/RX Power Specifications)، تولرانس ±2dB؛ پهنای کانال و Mbps در جدول نیامده -> channel_mhz و rate_mbps خالی.
6a5cbe3189e6bfd0ee962805,DN-0018,5150-5875,,2x QPSK (3/4),24,-92,,https://dl.ubnt.com/datasheets/LiteBeam/LiteBeam_ds.pdf,دیتاشیت LBE-5AC-23 (جدولِ airMAX ac: TX/RX Power Specifications)، تولرانس ±2dB؛ پهنای کانال و Mbps در جدول نیامده -> channel_mhz و rate_mbps خالی.
6a5cbe3189e6bfd0ee962805,DN-0018,5150-5875,,4x 16QAM (1/2),24,-90,,https://dl.ubnt.com/datasheets/LiteBeam/LiteBeam_ds.pdf,دیتاشیت LBE-5AC-23 (جدولِ airMAX ac: TX/RX Power Specifications)، تولرانس ±2dB؛ پهنای کانال و Mbps در جدول نیامده -> channel_mhz و rate_mbps خالی.
6a5cbe3189e6bfd0ee962805,DN-0018,5150-5875,,4x 16QAM (3/4),24,-86,,https://dl.ubnt.com/datasheets/LiteBeam/LiteBeam_ds.pdf,دیتاشیت LBE-5AC-23 (جدولِ airMAX ac: TX/RX Power Specifications)، تولرانس ±2dB؛ پهنای کانال و Mbps در جدول نیامده -> channel_mhz و rate_mbps خالی.
6a5cbe3189e6bfd0ee962805,DN-0018,5150-5875,,6x 64QAM (2/3),23,-83,,https://dl.ubnt.com/datasheets/LiteBeam/LiteBeam_ds.pdf,دیتاشیت LBE-5AC-23 (جدولِ airMAX ac: TX/RX Power Specifications)، تولرانس ±2dB؛ پهنای کانال و Mbps در جدول نیامده -> channel_mhz و rate_mbps خالی.
6a5cbe3189e6bfd0ee962805,DN-0018,5150-5875,,6x 64QAM (3/4),22,-77,,https://dl.ubnt.com/datasheets/LiteBeam/LiteBeam_ds.pdf,دیتاشیت LBE-5AC-23 (جدولِ airMAX ac: TX/RX Power Specifications)، تولرانس ±2dB؛ پهنای کانال و Mbps در جدول نیامده -> channel_mhz و rate_mbps خالی.
6a5cbe3189e6bfd0ee962805,DN-0018,5150-5875,,6x 64QAM (5/6),21,-74,,https://dl.ubnt.com/datasheets/LiteBeam/LiteBeam_ds.pdf,دیتاشیت LBE-5AC-23 (جدولِ airMAX ac: TX/RX Power Specifications)، تولرانس ±2dB؛ پهنای کانال و Mbps در جدول نیامده -> channel_mhz و rate_mbps خالی.
6a5cbe3189e6bfd0ee962805,DN-0018,5150-5875,,8x 256QAM (3/4),20,-69,,https://dl.ubnt.com/datasheets/LiteBeam/LiteBeam_ds.pdf,دیتاشیت LBE-5AC-23 (جدولِ airMAX ac: TX/RX Power Specifications)، تولرانس ±2dB؛ پهنای کانال و Mbps در جدول نیامده -> channel_mhz و rate_mbps خالی.
6a5cbe3189e6bfd0ee962805,DN-0018,5150-5875,,8x 256QAM (5/6),19,-65,,https://dl.ubnt.com/datasheets/LiteBeam/LiteBeam_ds.pdf,دیتاشیت LBE-5AC-23 (جدولِ airMAX ac: TX/RX Power Specifications)، تولرانس ±2dB؛ پهنای کانال و Mbps در جدول نیامده -> channel_mhz و rate_mbps خالی.
6a89a98012e497ee8664908f,DN-0188,5150-7125,20,MCS0,,-96,,https://mimosa.co/sites/default/files/2026-07/Mimosa-Radisys-DS-2026-07-C6x.pdf,C6x: فقط ردیفِ MCS0 در دیتاشیت (Sensitivity (MCS0) در چند پهنا) آمده؛ جدولِ کاملِ MCS و توانِ ارسالِ هر MCS در منبع نیست -> tx_dbm و rate_mbps خالی.
6a89a98012e497ee8664908f,DN-0188,5150-7125,40,MCS0,,-93,,https://mimosa.co/sites/default/files/2026-07/Mimosa-Radisys-DS-2026-07-C6x.pdf,C6x: فقط ردیفِ MCS0 در دیتاشیت (Sensitivity (MCS0) در چند پهنا) آمده؛ جدولِ کاملِ MCS و توانِ ارسالِ هر MCS در منبع نیست -> tx_dbm و rate_mbps خالی.
6a89a98012e497ee8664908f,DN-0188,5150-7125,80,MCS0,,-90,,https://mimosa.co/sites/default/files/2026-07/Mimosa-Radisys-DS-2026-07-C6x.pdf,C6x: فقط ردیفِ MCS0 در دیتاشیت (Sensitivity (MCS0) در چند پهنا) آمده؛ جدولِ کاملِ MCS و توانِ ارسالِ هر MCS در منبع نیست -> tx_dbm و rate_mbps خالی.
6a89a98012e497ee8664908f,DN-0188,5150-7125,160,MCS0,,-87,,https://mimosa.co/sites/default/files/2026-07/Mimosa-Radisys-DS-2026-07-C6x.pdf,C6x: فقط ردیفِ MCS0 در دیتاشیت (Sensitivity (MCS0) در چند پهنا) آمده؛ جدولِ کاملِ MCS و توانِ ارسالِ هر MCS در منبع نیست -> tx_dbm و rate_mbps خالی.
6a5cbe3d89e6bfd0ee962810,DN-0187,4900-6400,20,MCS0,,-93,,https://mimosa.co/sites/default/files/2025-02/Mimosa-Radisys-C5x-DS-2024-01-IP67.pdf,C5x: فقط ردیفِ MCS0 در دیتاشیت (Sensitivity (MCS0) در چند پهنا) آمده؛ جدولِ کاملِ MCS و توانِ ارسالِ هر MCS در منبع نیست -> tx_dbm و rate_mbps خالی.
6a5cbe3d89e6bfd0ee962810,DN-0187,4900-6400,40,MCS0,,-90,,https://mimosa.co/sites/default/files/2025-02/Mimosa-Radisys-C5x-DS-2024-01-IP67.pdf,C5x: فقط ردیفِ MCS0 در دیتاشیت (Sensitivity (MCS0) در چند پهنا) آمده؛ جدولِ کاملِ MCS و توانِ ارسالِ هر MCS در منبع نیست -> tx_dbm و rate_mbps خالی.
6a5cbe3d89e6bfd0ee962810,DN-0187,4900-6400,80,MCS0,,-87,,https://mimosa.co/sites/default/files/2025-02/Mimosa-Radisys-C5x-DS-2024-01-IP67.pdf,C5x: فقط ردیفِ MCS0 در دیتاشیت (Sensitivity (MCS0) در چند پهنا) آمده؛ جدولِ کاملِ MCS و توانِ ارسالِ هر MCS در منبع نیست -> tx_dbm و rate_mbps خالی.
6a5cbe3c89e6bfd0ee96280f,DN-0185,4900-6400,20,MCS0,,-93,,https://mimosa.co/sites/default/files/2024-07/Mimosa-Radisys-B5x-Datasheet_DS-2023-12.pdf,B5x: فقط ردیفِ MCS0 در دیتاشیت (Sensitivity (MCS0) در چند پهنا) آمده؛ جدولِ کاملِ MCS و توانِ ارسالِ هر MCS در منبع نیست -> tx_dbm و rate_mbps خالی.
6a5cbe3c89e6bfd0ee96280f,DN-0185,4900-6400,40,MCS0,,-90,,https://mimosa.co/sites/default/files/2024-07/Mimosa-Radisys-B5x-Datasheet_DS-2023-12.pdf,B5x: فقط ردیفِ MCS0 در دیتاشیت (Sensitivity (MCS0) در چند پهنا) آمده؛ جدولِ کاملِ MCS و توانِ ارسالِ هر MCS در منبع نیست -> tx_dbm و rate_mbps خالی.
6a5cbe3c89e6bfd0ee96280f,DN-0185,4900-6400,80,MCS0,,-87,,https://mimosa.co/sites/default/files/2024-07/Mimosa-Radisys-B5x-Datasheet_DS-2023-12.pdf,B5x: فقط ردیفِ MCS0 در دیتاشیت (Sensitivity (MCS0) در چند پهنا) آمده؛ جدولِ کاملِ MCS و توانِ ارسالِ هر MCS در منبع نیست -> tx_dbm و rate_mbps خالی.
6a5cbd9189e6bfd0ee96276e,DN-0183,5150-6400,20,MCS0,,-93,,https://mimosa.co/sites/default/files/2024-07/Mimosa-Radisys-A5c-Datasheet_DS-2023-12.pdf,A5c: فقط ردیفِ MCS0 در دیتاشیت (Sensitivity (MCS0) در چند پهنا) آمده؛ جدولِ کاملِ MCS و توانِ ارسالِ هر MCS در منبع نیست -> tx_dbm و rate_mbps خالی.
6a5cbd9189e6bfd0ee96276e,DN-0183,5150-6400,40,MCS0,,-90,,https://mimosa.co/sites/default/files/2024-07/Mimosa-Radisys-A5c-Datasheet_DS-2023-12.pdf,A5c: فقط ردیفِ MCS0 در دیتاشیت (Sensitivity (MCS0) در چند پهنا) آمده؛ جدولِ کاملِ MCS و توانِ ارسالِ هر MCS در منبع نیست -> tx_dbm و rate_mbps خالی.
6a5cbd9189e6bfd0ee96276e,DN-0183,5150-6400,80,MCS0,,-87,,https://mimosa.co/sites/default/files/2024-07/Mimosa-Radisys-A5c-Datasheet_DS-2023-12.pdf,A5c: فقط ردیفِ MCS0 در دیتاشیت (Sensitivity (MCS0) در چند پهنا) آمده؛ جدولِ کاملِ MCS و توانِ ارسالِ هر MCS در منبع نیست -> tx_dbm و rate_mbps خالی.
6a5cbd8a89e6bfd0ee962768,DN-0184,4900-6200,20,MCS0,,-93,,https://www.cladirect.com/wp-content/uploads/2021/01/Mimosa-by-Airspan-B5c-Datasheet_DS-0008-09.pdf,B5c: فقط ردیفِ MCS0 در دیتاشیت (Sensitivity (MCS0) در چند پهنا) آمده؛ جدولِ کاملِ MCS و توانِ ارسالِ هر MCS در منبع نیست -> tx_dbm و rate_mbps خالی. (منبع: دیتاشیتِ DS-0008-09 که روی سایتِ توزیع‌کننده است؛ صفحهٔ B5c از mimosa.co برداشته شده.)
6a5cbd8a89e6bfd0ee962768,DN-0184,4900-6200,40,MCS0,,-90,,https://www.cladirect.com/wp-content/uploads/2021/01/Mimosa-by-Airspan-B5c-Datasheet_DS-0008-09.pdf,B5c: فقط ردیفِ MCS0 در دیتاشیت (Sensitivity (MCS0) در چند پهنا) آمده؛ جدولِ کاملِ MCS و توانِ ارسالِ هر MCS در منبع نیست -> tx_dbm و rate_mbps خالی. (منبع: دیتاشیتِ DS-0008-09 که روی سایتِ توزیع‌کننده است؛ صفحهٔ B5c از mimosa.co برداشته شده.)
6a5cbd8a89e6bfd0ee962768,DN-0184,4900-6200,80,MCS0,,-87,,https://www.cladirect.com/wp-content/uploads/2021/01/Mimosa-by-Airspan-B5c-Datasheet_DS-0008-09.pdf,B5c: فقط ردیفِ MCS0 در دیتاشیت (Sensitivity (MCS0) در چند پهنا) آمده؛ جدولِ کاملِ MCS و توانِ ارسالِ هر MCS در منبع نیست -> tx_dbm و rate_mbps خالی. (منبع: دیتاشیتِ DS-0008-09 که روی سایتِ توزیع‌کننده است؛ صفحهٔ B5c از mimosa.co برداشته شده.)
6a5cbd6a89e6bfd0ee96274a,DN-0186,4900-6400,20,MCS0,,-93,,https://mimosa.co/sites/default/files/2024-06/Mimosa-Radisys-C5c-Datasheet_DS-2024-01.pdf,C5c: فقط ردیفِ MCS0 در دیتاشیت (Sensitivity (MCS0) در چند پهنا) آمده؛ جدولِ کاملِ MCS و توانِ ارسالِ هر MCS در منبع نیست -> tx_dbm و rate_mbps خالی.
6a5cbd6a89e6bfd0ee96274a,DN-0186,4900-6400,40,MCS0,,-90,,https://mimosa.co/sites/default/files/2024-06/Mimosa-Radisys-C5c-Datasheet_DS-2024-01.pdf,C5c: فقط ردیفِ MCS0 در دیتاشیت (Sensitivity (MCS0) در چند پهنا) آمده؛ جدولِ کاملِ MCS و توانِ ارسالِ هر MCS در منبع نیست -> tx_dbm و rate_mbps خالی.
6a5cbd6a89e6bfd0ee96274a,DN-0186,4900-6400,80,MCS0,,-87,,https://mimosa.co/sites/default/files/2024-06/Mimosa-Radisys-C5c-Datasheet_DS-2024-01.pdf,C5c: فقط ردیفِ MCS0 در دیتاشیت (Sensitivity (MCS0) در چند پهنا) آمده؛ جدولِ کاملِ MCS و توانِ ارسالِ هر MCS در منبع نیست -> tx_dbm و rate_mbps خالی.
